,1-0-5-ITS,1239-0-5-ITS,1250-0-5-ITS,1338-0-5-ITS,1387-0-5-ITS,522-0-5-ITS,856-0-5-ITS,98-0-5-ITS,1601-0-5-ITS2,1619-0-5-ITS2,1832-0-5-ITS2,1850-0-5-ITS2,1859-0-5-ITS2,1875-0-5-ITS2,1973-0-5-ITS2,2355-0-5-ITS2,2352-0-5-ITS2,2597-0-5-ITS2,2398-0-5-ITS2,2500-0-5-ITS2,2537-0-5-ITS2,2629-0-5-ITS2,2869-0-5-ITS2,2893-0-5-ITS2,2923-0-5-ITS2,3239-0-5-ITS2,3381-0-5-ITS2,3409-0-5-ITS2,3500-0-5-ITS2,3667-0-5-ITS2,3682-0-5-ITS2,3779-0-5-ITS2,3907-0-5-ITS2,473-0-5-ITS2,554-0-5-ITS2,672-0-5-ITS2,717-0-5-ITS2
ASV21918,0,0,0,0,8.85959E-06,0,0,0,0,0,0,0,0,0,0,0,0,0,0,0,0,0,0,0,0,0,0,0,0,0,0,0,0,0,0,0,0
ASV21908,0,0,0,0,8.85959E-06,0,0,0,0,0,0,0,0,0,0,0,0,0,0,0,0,0,0,0,0,0,0,0,0,0,0,0,0,0,0,0,0
ASV21889,0,0,0,0,8.85959E-06,0,0,0,0,0,0,0,0,0,0,0,0,0,0,0,0,0,0,0,0,0,0,0,0,0,0,0,0,0,0,0,0
ASV22033,0,0,0,0,0,1.05912E-05,0,0,0,0,0,0,0,0,0,0,0,0,0,0,0,0,0,0,0,0,0,0,0,0,0,0,0,0,0,0,0
ASV22010,0,0,0,0,0,1.05912E-05,0,0,0,0,0,0,0,0,0,0,0,0,0,0,0,0,0,0,0,0,0,0,0,0,0,0,0,0,0,0,0
ASV22007,0,0,0,0,0,1.05912E-05,0,0,0,0,0,0,0,0,0,0,0,0,0,0,0,0,0,0,0,0,0,0,0,0,0,0,0,0,0,0,0
ASV21988,0,0,0,0,0,1.05912E-05,0,0,0,0,0,0,0,0,0,0,0,0,0,0,0,0,0,0,0,0,0,0,0,0,0,0,0,0,0,0,0
ASV21982,0,0,0,0,0,1.05912E-05,0,0,0,0,0,0,0,0,0,0,0,0,0,0,0,0,0,0,0,0,0,0,0,0,0,0,0,0,0,0,0
ASV22035,0,0,0,0,0,1.05912E-05,0,0,0,0,0,0,0,0,0,0,0,0,0,0,0,0,0,0,0,0,0,0,0,0,0,0,0,0,0,0,0
ASV22008,0,0,0,0,0,1.05912E-05,0,0,0,0,0,0,0,0,0,0,0,0,0,0,0,0,0,0,0,0,0,0,0,0,0,0,0,0,0,0,0
ASV22001,0,0,0,0,0,1.05912E-05,0,0,0,0,0,0,0,0,0,0,0,0,0,0,0,0,0,0,0,0,0,0,0,0,0,0,0,0,0,0,0
ASV22002,0,0,0,0,0,1.05912E-05,0,0,0,0,0,0,0,0,0,0,0,0,0,0,0,0,0,0,0,0,0,0,0,0,0,0,0,0,0,0,0
ASV21995,0,0,0,0,0,1.05912E-05,0,0,0,0,0,0,0,0,0,0,0,0,0,0,0,0,0,0,0,0,0,0,0,0,0,0,0,0,0,0,0
ASV21840,0,0,0,1.09367E-05,0,0,0,0,0,0,0,0,0,0,0,0,0,0,0,0,0,0,0,0,0,0,0,0,0,0,0,0,0,0,0,0,0
ASV21830,0,0,0,1.09367E-05,0,0,0,0,0,0,0,0,0,0,0,0,0,0,0,0,0,0,0,0,0,0,0,0,0,0,0,0,0,0,0,0,0
ASV21820,0,0,0,1.09367E-05,0,0,0,0,0,0,0,0,0,0,0,0,0,0,0,0,0,0,0,0,0,0,0,0,0,0,0,0,0,0,0,0,0
ASV21811,0,0,0,1.09367E-05,0,0,0,0,0,0,0,0,0,0,0,0,0,0,0,0,0,0,0,0,0,0,0,0,0,0,0,0,0,0,0,0,0
ASV21667,0,0,1.10769E-05,0,0,0,0,0,0,0,0,0,0,0,0,0,0,0,0,0,0,0,0,0,0,0,0,0,0,0,0,0,0,0,0,0,0
ASV21675,0,0,1.10769E-05,0,0,0,0,0,0,0,0,0,0,0,0,0,0,0,0,0,0,0,0,0,0,0,0,0,0,0,0,0,0,0,0,0,0
ASV21678,0,0,1.10769E-05,0,0,0,0,0,0,0,0,0,0,0,0,0,0,0,0,0,0,0,0,0,0,0,0,0,0,0,0,0,0,0,0,0,0
ASV18969,0,0,0,0,1.77192E-05,0,0,0,0,0,0,0,0,0,0,0,0,0,0,0,0,0,0,0,0,0,0,0,0,0,0,0,0,0,0,0,0
ASV19031,0,0,0,0,1.77192E-05,0,0,0,0,0,0,0,0,0,0,0,0,0,0,0,0,0,0,0,0,0,0,0,0,0,0,0,0,0,0,0,0
ASV19011,0,0,0,0,1.77192E-05,0,0,0,0,0,0,0,0,0,0,0,0,0,0,0,0,0,0,0,0,0,0,0,0,0,0,0,0,0,0,0,0
ASV19037,0,0,0,0,1.77192E-05,0,0,0,0,0,0,0,0,0,0,0,0,0,0,0,0,0,0,0,0,0,0,0,0,0,0,0,0,0,0,0,0
ASV19040,0,0,0,0,1.77192E-05,0,0,0,0,0,0,0,0,0,0,0,0,0,0,0,0,0,0,0,0,0,0,0,0,0,0,0,0,0,0,0,0
ASV19049,0,0,0,0,1.77192E-05,0,0,0,0,0,0,0,0,0,0,0,0,0,0,0,0,0,0,0,0,0,0,0,0,0,0,0,0,0,0,0,0
ASV22211,0,0,0,0,0,0,0,1.95164E-05,0,0,0,0,0,0,0,0,0,0,0,0,0,0,0,0,0,0,0,0,0,0,0,0,0,0,0,0,0
ASV22212,0,0,0,0,0,0,0,1.95164E-05,0,0,0,0,0,0,0,0,0,0,0,0,0,0,0,0,0,0,0,0,0,0,0,0,0,0,0,0,0
ASV22215,0,0,0,0,0,0,0,1.95164E-05,0,0,0,0,0,0,0,0,0,0,0,0,0,0,0,0,0,0,0,0,0,0,0,0,0,0,0,0,0
ASV22179,0,0,0,0,0,0,0,1.95164E-05,0,0,0,0,0,0,0,0,0,0,0,0,0,0,0,0,0,0,0,0,0,0,0,0,0,0,0,0,0
ASV22244,0,0,0,0,0,0,0,1.95164E-05,0,0,0,0,0,0,0,0,0,0,0,0,0,0,0,0,0,0,0,0,0,0,0,0,0,0,0,0,0
ASV19124,0,0,0,0,0,2.11824E-05,0,0,0,0,0,0,0,0,0,0,0,0,0,0,0,0,0,0,0,0,0,0,0,0,0,0,0,0,0,0,0
ASV19130,0,0,0,0,0,2.11824E-05,0,0,0,0,0,0,0,0,0,0,0,0,0,0,0,0,0,0,0,0,0,0,0,0,0,0,0,0,0,0,0
ASV19187,0,0,0,0,0,2.11824E-05,0,0,0,0,0,0,0,0,0,0,0,0,0,0,0,0,0,0,0,0,0,0,0,0,0,0,0,0,0,0,0
ASV19166,0,0,0,0,0,2.11824E-05,0,0,0,0,0,0,0,0,0,0,0,0,0,0,0,0,0,0,0,0,0,0,0,0,0,0,0,0,0,0,0
ASV19196,0,0,0,0,0,2.11824E-05,0,0,0,0,0,0,0,0,0,0,0,0,0,0,0,0,0,0,0,0,0,0,0,0,0,0,0,0,0,0,0
ASV19174,0,0,0,0,0,2.11824E-05,0,0,0,0,0,0,0,0,0,0,0,0,0,0,0,0,0,0,0,0,0,0,0,0,0,0,0,0,0,0,0
ASV19190,0,0,0,0,0,2.11824E-05,0,0,0,0,0,0,0,0,0,0,0,0,0,0,0,0,0,0,0,0,0,0,0,0,0,0,0,0,0,0,0
ASV19149,0,0,0,0,0,2.11824E-05,0,0,0,0,0,0,0,0,0,0,0,0,0,0,0,0,0,0,0,0,0,0,0,0,0,0,0,0,0,0,0
ASV19147,0,0,0,0,0,2.11824E-05,0,0,0,0,0,0,0,0,0,0,0,0,0,0,0,0,0,0,0,0,0,0,0,0,0,0,0,0,0,0,0
ASV19145,0,0,0,0,0,2.11824E-05,0,0,0,0,0,0,0,0,0,0,0,0,0,0,0,0,0,0,0,0,0,0,0,0,0,0,0,0,0,0,0
ASV18916,0,0,0,2.18735E-05,0,0,0,0,0,0,0,0,0,0,0,0,0,0,0,0,0,0,0,0,0,0,0,0,0,0,0,0,0,0,0,0,0
ASV18937,0,0,0,2.18735E-05,0,0,0,0,0,0,0,0,0,0,0,0,0,0,0,0,0,0,0,0,0,0,0,0,0,0,0,0,0,0,0,0,0
ASV18945,0,0,0,2.18735E-05,0,0,0,0,0,0,0,0,0,0,0,0,0,0,0,0,0,0,0,0,0,0,0,0,0,0,0,0,0,0,0,0,0
ASV18706,0,0,2.21538E-05,0,0,0,0,0,0,0,0,0,0,0,0,0,0,0,0,0,0,0,0,0,0,0,0,0,0,0,0,0,0,0,0,0,0
ASV18715,0,0,2.21538E-05,0,0,0,0,0,0,0,0,0,0,0,0,0,0,0,0,0,0,0,0,0,0,0,0,0,0,0,0,0,0,0,0,0,0
ASV18735,0,0,2.21538E-05,0,0,0,0,0,0,0,0,0,0,0,0,0,0,0,0,0,0,0,0,0,0,0,0,0,0,0,0,0,0,0,0,0,0
ASV18746,0,0,2.21538E-05,0,0,0,0,0,0,0,0,0,0,0,0,0,0,0,0,0,0,0,0,0,0,0,0,0,0,0,0,0,0,0,0,0,0
ASV18722,0,0,2.21538E-05,0,0,0,0,0,0,0,0,0,0,0,0,0,0,0,0,0,0,0,0,0,0,0,0,0,0,0,0,0,0,0,0,0,0
ASV18743,0,0,2.21538E-05,0,0,0,0,0,0,0,0,0,0,0,0,0,0,0,0,0,0,0,0,0,0,0,0,0,0,0,0,0,0,0,0,0,0
ASV16666,0,0,0,0,2.65788E-05,0,0,0,0,0,0,0,0,0,0,0,0,0,0,0,0,0,0,0,0,0,0,0,0,0,0,0,0,0,0,0,0
ASV16707,0,0,0,0,2.65788E-05,0,0,0,0,0,0,0,0,0,0,0,0,0,0,0,0,0,0,0,0,0,0,0,0,0,0,0,0,0,0,0,0
ASV16671,0,0,0,0,2.65788E-05,0,0,0,0,0,0,0,0,0,0,0,0,0,0,0,0,0,0,0,0,0,0,0,0,0,0,0,0,0,0,0,0
ASV16698,0,0,0,0,2.65788E-05,0,0,0,0,0,0,0,0,0,0,0,0,0,0,0,0,0,0,0,0,0,0,0,0,0,0,0,0,0,0,0,0
ASV16688,0,0,0,0,2.65788E-05,0,0,0,0,0,0,0,0,0,0,0,0,0,0,0,0,0,0,0,0,0,0,0,0,0,0,0,0,0,0,0,0
ASV16672,0,0,0,0,2.65788E-05,0,0,0,0,0,0,0,0,0,0,0,0,0,0,0,0,0,0,0,0,0,0,0,0,0,0,0,0,0,0,0,0
ASV11780,0,0,0,0,2.65788E-05,0,0,0,0,0,0,0,0,0,0,0,0,0,0,0,0,0,0,0,0,0,0,0,0,0,0,0,0,0,0,0,0
ASV22354,0,0,0,0,0,0,0,0,3.13735E-05,0,0,0,0,0,0,0,0,0,0,0,0,0,0,0,0,0,0,0,0,0,0,0,0,0,0,0,0
ASV16798,0,0,0,0,0,3.17736E-05,0,0,0,0,0,0,0,0,0,0,0,0,0,0,0,0,0,0,0,0,0,0,0,0,0,0,0,0,0,0,0
ASV8163,0,0,0,0,0,3.17736E-05,0,0,0,0,0,0,0,0,0,0,0,0,0,0,0,0,0,0,0,0,0,0,0,0,0,0,0,0,0,0,0
ASV16794,0,0,0,0,0,3.17736E-05,0,0,0,0,0,0,0,0,0,0,0,0,0,0,0,0,0,0,0,0,0,0,0,0,0,0,0,0,0,0,0
ASV16807,0,0,0,0,0,3.17736E-05,0,0,0,0,0,0,0,0,0,0,0,0,0,0,0,0,0,0,0,0,0,0,0,0,0,0,0,0,0,0,0
ASV16802,0,0,0,0,0,3.17736E-05,0,0,0,0,0,0,0,0,0,0,0,0,0,0,0,0,0,0,0,0,0,0,0,0,0,0,0,0,0,0,0
ASV22133,0,0,0,0,0,0,3.18319E-05,0,0,0,0,0,0,0,0,0,0,0,0,0,0,0,0,0,0,0,0,0,0,0,0,0,0,0,0,0,0
ASV22129,0,0,0,0,0,0,3.18319E-05,0,0,0,0,0,0,0,0,0,0,0,0,0,0,0,0,0,0,0,0,0,0,0,0,0,0,0,0,0,0
ASV22135,0,0,0,0,0,0,3.18319E-05,0,0,0,0,0,0,0,0,0,0,0,0,0,0,0,0,0,0,0,0,0,0,0,0,0,0,0,0,0,0
ASV22142,0,0,0,0,0,0,3.18319E-05,0,0,0,0,0,0,0,0,0,0,0,0,0,0,0,0,0,0,0,0,0,0,0,0,0,0,0,0,0,0
ASV22131,0,0,0,0,0,0,3.18319E-05,0,0,0,0,0,0,0,0,0,0,0,0,0,0,0,0,0,0,0,0,0,0,0,0,0,0,0,0,0,0
ASV16630,0,0,0,3.28102E-05,0,0,0,0,0,0,0,0,0,0,0,0,0,0,0,0,0,0,0,0,0,0,0,0,0,0,0,0,0,0,0,0,0
ASV16619,0,0,0,3.28102E-05,0,0,0,0,0,0,0,0,0,0,0,0,0,0,0,0,0,0,0,0,0,0,0,0,0,0,0,0,0,0,0,0,0
ASV16465,0,0,3.32307E-05,0,0,0,0,0,0,0,0,0,0,0,0,0,0,0,0,0,0,0,0,0,0,0,0,0,0,0,0,0,0,0,0,0,0
ASV16453,0,0,3.32307E-05,0,0,0,0,0,0,0,0,0,0,0,0,0,0,0,0,0,0,0,0,0,0,0,0,0,0,0,0,0,0,0,0,0,0
ASV23420,0,0,0,0,0,0,0,0,0,0,0,0,0,0,0,0,0,0,0,0,0,0,0,0,0,0,0,0,0,0,0,0,0,0,3.45961E-05,0,0
ASV23427,0,0,0,0,0,0,0,0,0,0,0,0,0,0,0,0,0,0,0,0,0,0,0,0,0,0,0,0,0,0,0,0,0,0,3.45961E-05,0,0
ASV23414,0,0,0,0,0,0,0,0,0,0,0,0,0,0,0,0,0,0,0,0,0,0,0,0,0,0,0,0,0,0,0,0,0,0,3.45961E-05,0,0
ASV14987,0,0,0,0,3.54384E-05,0,0,0,0,0,0,0,0,0,0,0,0,0,0,0,0,0,0,0,0,0,0,0,0,0,0,0,0,0,0,0,0
ASV14960,0,0,0,0,3.54384E-05,0,0,0,0,0,0,0,0,0,0,0,0,0,0,0,0,0,0,0,0,0,0,0,0,0,0,0,0,0,0,0,0
ASV14990,0,0,0,0,3.54384E-05,0,0,0,0,0,0,0,0,0,0,0,0,0,0,0,0,0,0,0,0,0,0,0,0,0,0,0,0,0,0,0,0
ASV14961,0,0,0,0,3.54384E-05,0,0,0,0,0,0,0,0,0,0,0,0,0,0,0,0,0,0,0,0,0,0,0,0,0,0,0,0,0,0,0,0
ASV14951,0,0,0,0,3.54384E-05,0,0,0,0,0,0,0,0,0,0,0,0,0,0,0,0,0,0,0,0,0,0,0,0,0,0,0,0,0,0,0,0
ASV22735,0,0,0,0,0,0,0,0,0,0,0,0,0,0,0,0,0,3.55252E-05,0,0,0,0,0,0,0,0,0,0,0,0,0,0,0,0,0,0,0
ASV23340,0,0,0,0,0,0,0,0,0,0,0,0,0,0,0,0,0,0,0,0,0,0,0,0,0,0,0,0,0,0,0,0,3.65938E-05,0,0,0,0
ASV19375,0,0,0,0,0,0,0,3.90328E-05,0,0,0,0,0,0,0,0,0,0,0,0,0,0,0,0,0,0,0,0,0,0,0,0,0,0,0,0,0
ASV19434,0,0,0,0,0,0,0,3.90328E-05,0,0,0,0,0,0,0,0,0,0,0,0,0,0,0,0,0,0,0,0,0,0,0,0,0,0,0,0,0
ASV6659,0,0,0,0,0,0,0,3.90328E-05,0,0,0,0,0,0,0,0,0,0,0,0,0,0,0,0,0,0,0,0,0,0,0,0,0,0,0,0,0
ASV19441,0,0,0,0,0,0,0,3.90328E-05,0,0,0,0,0,0,0,0,0,0,0,0,0,0,0,0,0,0,0,0,0,0,0,0,0,0,0,0,0
ASV19403,0,0,0,0,0,0,0,3.90328E-05,0,0,0,0,0,0,0,0,0,0,0,0,0,0,0,0,0,0,0,0,0,0,0,0,0,0,0,0,0
ASV19388,0,0,0,0,0,0,0,3.90328E-05,0,0,0,0,0,0,0,0,0,0,0,0,0,0,0,0,0,0,0,0,0,0,0,0,0,0,0,0,0
ASV22696,0,0,0,0,0,0,0,0,0,0,0,0,0,0,0,0.000042155,0,0,0,0,0,0,0,0,0,0,0,0,0,0,0,0,0,0,0,0,0
ASV22490,0,0,0,0,0,0,0,0,0,0,0,4.21905E-05,0,0,0,0,0,0,0,0,0,0,0,0,0,0,0,0,0,0,0,0,0,0,0,0,0
ASV22513,0,0,0,0,0,0,0,0,0,0,0,4.21905E-05,0,0,0,0,0,0,0,0,0,0,0,0,0,0,0,0,0,0,0,0,0,0,0,0,0
ASV15060,0,0,0,0,0,4.23648E-05,0,0,0,0,0,0,0,0,0,0,0,0,0,0,0,0,0,0,0,0,0,0,0,0,0,0,0,0,0,0,0
ASV15067,0,0,0,0,0,4.23648E-05,0,0,0,0,0,0,0,0,0,0,0,0,0,0,0,0,0,0,0,0,0,0,0,0,0,0,0,0,0,0,0
ASV15054,0,0,0,0,0,4.23648E-05,0,0,0,0,0,0,0,0,0,0,0,0,0,0,0,0,0,0,0,0,0,0,0,0,0,0,0,0,0,0,0
ASV15076,0,0,0,0,0,4.23648E-05,0,0,0,0,0,0,0,0,0,0,0,0,0,0,0,0,0,0,0,0,0,0,0,0,0,0,0,0,0,0,0
ASV15070,0,0,0,0,0,4.23648E-05,0,0,0,0,0,0,0,0,0,0,0,0,0,0,0,0,0,0,0,0,0,0,0,0,0,0,0,0,0,0,0
ASV21588,4.28192E-05,0,0,0,0,0,0,0,0,0,0,0,0,0,0,0,0,0,0,0,0,0,0,0,0,0,0,0,0,0,0,0,0,0,0,0,0
ASV21561,4.28192E-05,0,0,0,0,0,0,0,0,0,0,0,0,0,0,0,0,0,0,0,0,0,0,0,0,0,0,0,0,0,0,0,0,0,0,0,0
ASV22556,0,0,0,0,0,0,0,0,0,0,0,0,0.000042996,0,0,0,0,0,0,0,0,0,0,0,0,0,0,0,0,0,0,0,0,0,0,0,0
ASV22561,0,0,0,0,0,0,0,0,0,0,0,0,0.000042996,0,0,0,0,0,0,0,0,0,0,0,0,0,0,0,0,0,0,0,0,0,0,0,0
ASV23465,0,0,0,0,0,0,0,0,0,0,0,0,0,0,0,0,0,0,0,0,0,0,0,0,0,0,0,0,0,0,0,0,0,0,0,0,4.34877E-05
ASV14926,0,0,0,4.37469E-05,0,0,0,0,0,0,0,0,0,0,0,0,0,0,0,0,0,0,0,0,0,0,0,0,0,0,0,0,0,0,0,0,0
ASV13670,0,0,0,0,0.000044298,0,0,0,0,0,0,0,0,0,0,0,0,0,0,0,0,0,0,0,0,0,0,0,0,0,0,0,0,0,0,0,0
ASV13689,0,0,0,0,0.000044298,0,0,0,0,0,0,0,0,0,0,0,0,0,0,0,0,0,0,0,0,0,0,0,0,0,0,0,0,0,0,0,0
ASV13676,0,0,0,0,0.000044298,0,0,0,0,0,0,0,0,0,0,0,0,0,0,0,0,0,0,0,0,0,0,0,0,0,0,0,0,0,0,0,0
ASV10441,0,0,4.43076E-05,0,0,0,0,0,0,0,0,0,0,0,0,0,0,0,0,0,0,0,0,0,0,0,0,0,0,0,0,0,0,0,0,0,0
ASV14804,0,0,4.43076E-05,0,0,0,0,0,0,0,0,0,0,0,0,0,0,0,0,0,0,0,0,0,0,0,0,0,0,0,0,0,0,0,0,0,0
ASV14785,0,0,4.43076E-05,0,0,0,0,0,0,0,0,0,0,0,0,0,0,0,0,0,0,0,0,0,0,0,0,0,0,0,0,0,0,0,0,0,0
ASV14787,0,0,4.43076E-05,0,0,0,0,0,0,0,0,0,0,0,0,0,0,0,0,0,0,0,0,0,0,0,0,0,0,0,0,0,0,0,0,0,0
ASV14801,0,0,4.43076E-05,0,0,0,0,0,0,0,0,0,0,0,0,0,0,0,0,0,0,0,0,0,0,0,0,0,0,0,0,0,0,0,0,0,0
ASV14817,0,0,4.43076E-05,0,0,0,0,0,0,0,0,0,0,0,0,0,0,0,0,0,0,0,0,0,0,0,0,0,0,0,0,0,0,0,0,0,0
ASV22380,0,0,0,0,0,0,0,0,0,0.000047061,0,0,0,0,0,0,0,0,0,0,0,0,0,0,0,0,0,0,0,0,0,0,0,0,0,0,0
ASV22387,0,0,0,0,0,0,0,0,0,0.000047061,0,0,0,0,0,0,0,0,0,0,0,0,0,0,0,0,0,0,0,0,0,0,0,0,0,0,0
ASV22381,0,0,0,0,0,0,0,0,0,0.000047061,0,0,0,0,0,0,0,0,0,0,0,0,0,0,0,0,0,0,0,0,0,0,0,0,0,0,0
ASV21030,0,0,0,0,0,0,0,0,0,0,0,0,0,0,0,0,0,0,0,0,0,0,0,0,0,0,0,0,0,0.000048546,0,0,0,0,0,0,0
ASV21033,0,0,0,0,0,0,0,0,0,0,0,0,0,0,0,0,0,0,0,0,0,0,0,0,0,0,0,0,0,0.000048546,0,0,0,0,0,0,0
ASV23390,0,0,0,0,0,0,0,0,0,0,0,0,0,0,0,0,0,0,0,0,0,0,0,0,0,0,0,0,0,0,0,0,0,5.20698E-05,0,0,0
ASV13772,0,0,0,0,0,0.000052956,0,0,0,0,0,0,0,0,0,0,0,0,0,0,0,0,0,0,0,0,0,0,0,0,0,0,0,0,0,0,0
ASV13779,0,0,0,0,0,0.000052956,0,0,0,0,0,0,0,0,0,0,0,0,0,0,0,0,0,0,0,0,0,0,0,0,0,0,0,0,0,0,0
ASV12672,0,0,0,0,5.31576E-05,0,0,0,0,0,0,0,0,0,0,0,0,0,0,0,0,0,0,0,0,0,0,0,0,0,0,0,0,0,0,0,0
ASV9592,0,0,0,0,5.31576E-05,0,0,0,0,0,0,0,0,0,0,0,0,0,0,0,0,0,0,0,0,0,0,0,0,0,0,0,0,0,0,0,0
ASV2126,0,0,0,0,5.31576E-05,0,0,0,0,0,0,0,0,0,0,0,0,0,0,0,0,0,0,0,0,0,0,0,0,0,0,0,0,0,0,0,0
ASV12673,0,0,0,0,5.31576E-05,0,0,0,0,0,0,0,0,0,0,0,0,0,0,0,0,0,0,0,0,0,0,0,0,0,0,0,0,0,0,0,0
ASV13566,0,0,5.53845E-05,0,0,0,0,0,0,0,0,0,0,0,0,0,0,0,0,0,0,0,0,0,0,0,0,0,0,0,0,0,0,0,0,0,0
ASV3593,0,0,5.53845E-05,0,0,0,0,0,0,0,0,0,0,0,0,0,0,0,0,0,0,0,0,0,0,0,0,0,0,0,0,0,0,0,0,0,0
ASV16979,0,0,0,0,0,0,0,5.85492E-05,0,0,0,0,0,0,0,0,0,0,0,0,0,0,0,0,0,0,0,0,0,0,0,0,0,0,0,0,0
ASV16993,0,0,0,0,0,0,0,5.85492E-05,0,0,0,0,0,0,0,0,0,0,0,0,0,0,0,0,0,0,0,0,0,0,0,0,0,0,0,0,0
ASV16953,0,0,0,0,0,0,0,5.85492E-05,0,0,0,0,0,0,0,0,0,0,0,0,0,0,0,0,0,0,0,0,0,0,0,0,0,0,0,0,0
ASV16999,0,0,0,0,0,0,0,5.85492E-05,0,0,0,0,0,0,0,0,0,0,0,0,0,0,0,0,0,0,0,0,0,0,0,0,0,0,0,0,0
ASV22477,0,0,0,0,0,0,0,0,0,0,5.93472E-05,0,0,0,0,0,0,0,0,0,0,0,0,0,0,0,0,0,0,0,0,0,0,0,0,0,0
ASV23446,0,0,0,0,0,0,0,0,0,0,0,0,0,0,0,0,0,0,0,0,0,0,0,0,0,0,0,0,0,0,0,0,0,0,0,0.000059499,0
ASV20400,0,0,0,0,0,0,0,0,0,0,0,0,0,0,0,0,0,0,0,6.18735E-05,0,0,0,0,0,0,0,0,0,0,0,0,0,0,0,0,0
ASV20403,0,0,0,0,0,0,0,0,0,0,0,0,0,0,0,0,0,0,0,6.18735E-05,0,0,0,0,0,0,0,0,0,0,0,0,0,0,0,0,0
ASV11794,0,0,0,0,6.20172E-05,0,0,0,0,0,0,0,0,0,0,0,0,0,0,0,0,0,0,0,0,0,0,0,0,0,0,0,0,0,0,0,0
ASV11809,0,0,0,0,6.20172E-05,0,0,0,0,0,0,0,0,0,0,0,0,0,0,0,0,0,0,0,0,0,0,0,0,0,0,0,0,0,0,0,0
ASV23298,0,0,0,0,0,0,0,0,0,0,0,0,0,0,0,0,0,0,0,0,0,0,0,0,0,0,0,0,0,0,0,6.26253E-05,0,0,0,0,0
ASV23297,0,0,0,0,0,0,0,0,0,0,0,0,0,0,0,0,0,0,0,0,0,0,0,0,0,0,0,0,0,0,0,6.26253E-05,0,0,0,0,0
ASV19680,0,0,0,0,0,0,0,0,6.27471E-05,0,0,0,0,0,0,0,0,0,0,0,0,0,0,0,0,0,0,0,0,0,0,0,0,0,0,0,0
ASV19677,0,0,0,0,0,0,0,0,6.27471E-05,0,0,0,0,0,0,0,0,0,0,0,0,0,0,0,0,0,0,0,0,0,0,0,0,0,0,0,0
ASV12719,0,0,0,0,0,6.35472E-05,0,0,0,0,0,0,0,0,0,0,0,0,0,0,0,0,0,0,0,0,0,0,0,0,0,0,0,0,0,0,0
ASV12730,0,0,0,0,0,6.35472E-05,0,0,0,0,0,0,0,0,0,0,0,0,0,0,0,0,0,0,0,0,0,0,0,0,0,0,0,0,0,0,0
ASV12717,0,0,0,0,0,6.35472E-05,0,0,0,0,0,0,0,0,0,0,0,0,0,0,0,0,0,0,0,0,0,0,0,0,0,0,0,0,0,0,0
ASV19339,0,0,0,0,0,0,6.36639E-05,0,0,0,0,0,0,0,0,0,0,0,0,0,0,0,0,0,0,0,0,0,0,0,0,0,0,0,0,0,0
ASV22760,0,0,0,0,0,0,0,0,0,0,0,0,0,0,0,0,0,0,6.46705E-05,0,0,0,0,0,0,0,0,0,0,0,0,0,0,0,0,0,0
ASV22761,0,0,0,0,0,0,0,0,0,0,0,0,0,0,0,0,0,0,6.46705E-05,0,0,0,0,0,0,0,0,0,0,0,0,0,0,0,0,0,0
ASV22755,0,0,0,0,0,0,0,0,0,0,0,0,0,0,0,0,0,0,6.46705E-05,0,0,0,0,0,0,0,0,0,0,0,0,0,0,0,0,0,0
ASV12635,0,0,0,6.56204E-05,0,0,0,0,0,0,0,0,0,0,0,0,0,0,0,0,0,0,0,0,0,0,0,0,0,0,0,0,0,0,0,0,0
ASV12632,0,0,0,6.56204E-05,0,0,0,0,0,0,0,0,0,0,0,0,0,0,0,0,0,0,0,0,0,0,0,0,0,0,0,0,0,0,0,0,0
ASV12629,0,0,0,6.56204E-05,0,0,0,0,0,0,0,0,0,0,0,0,0,0,0,0,0,0,0,0,0,0,0,0,0,0,0,0,0,0,0,0,0
ASV23036,0,0,0,0,0,0,0,0,0,0,0,0,0,0,0,0,0,0,0,0,0,0,0,0,0,6.61419E-05,0,0,0,0,0,0,0,0,0,0,0
ASV12565,0,0,6.64614E-05,0,0,0,0,0,0,0,0,0,0,0,0,0,0,0,0,0,0,0,0,0,0,0,0,0,0,0,0,0,0,0,0,0,0
ASV12576,0,0,6.64614E-05,0,0,0,0,0,0,0,0,0,0,0,0,0,0,0,0,0,0,0,0,0,0,0,0,0,0,0,0,0,0,0,0,0,0
ASV12569,0,0,6.64614E-05,0,0,0,0,0,0,0,0,0,0,0,0,0,0,0,0,0,0,0,0,0,0,0,0,0,0,0,0,0,0,0,0,0,0
ASV8076,0,0,6.64614E-05,0,0,0,0,0,0,0,0,0,0,0,0,0,0,0,0,0,0,0,0,0,0,0,0,0,0,0,0,0,0,0,0,0,0
ASV23103,0,0,0,0,0,0,0,0,0,0,0,0,0,0,0,0,0,0,0,0,0,0,0,0,0,0,6.78472E-05,0,0,0,0,0,0,0,0,0,0
ASV23224,0,0,0,0,0,0,0,0,0,0,0,0,0,0,0,0,0,0,0,0,0,0,0,0,0,0,0,0,0,0,6.91419E-05,0,0,0,0,0,0
ASV23217,0,0,0,0,0,0,0,0,0,0,0,0,0,0,0,0,0,0,0,0,0,0,0,0,0,0,0,0,0,0,6.91419E-05,0,0,0,0,0,0
ASV21461,0,0,0,0,0,0,0,0,0,0,0,0,0,0,0,0,0,0,0,0,0,0,0,0,0,0,0,0,0,0,0,0,0,0,6.91922E-05,0,0
ASV21458,0,0,0,0,0,0,0,0,0,0,0,0,0,0,0,0,0,0,0,0,0,0,0,0,0,0,0,0,0,0,0,0,0,0,6.91922E-05,0,0
ASV21449,0,0,0,0,0,0,0,0,0,0,0,0,0,0,0,0,0,0,0,0,0,0,0,0,0,0,0,0,0,0,0,0,0,0,6.91922E-05,0,0
ASV21464,0,0,0,0,0,0,0,0,0,0,0,0,0,0,0,0,0,0,0,0,0,0,0,0,0,0,0,0,0,0,0,0,0,0,6.91922E-05,0,0
ASV21447,0,0,0,0,0,0,0,0,0,0,0,0,0,0,0,0,0,0,0,0,0,0,0,0,0,0,0,0,0,0,0,0,0,0,6.91922E-05,0,0
ASV21475,0,0,0,0,0,0,0,0,0,0,0,0,0,0,0,0,0,0,0,0,0,0,0,0,0,0,0,0,0,0,0,0,0,0,6.91922E-05,0,0
ASV21453,0,0,0,0,0,0,0,0,0,0,0,0,0,0,0,0,0,0,0,0,0,0,0,0,0,0,0,0,0,0,0,0,0,0,6.91922E-05,0,0
ASV21446,0,0,0,0,0,0,0,0,0,0,0,0,0,0,0,0,0,0,0,0,0,0,0,0,0,0,0,0,0,0,0,0,0,0,6.91922E-05,0,0
ASV11071,0,0,0,0,7.08767E-05,0,0,0,0,0,0,0,0,0,0,0,0,0,0,0,0,0,0,0,0,0,0,0,0,0,0,0,0,0,0,0,0
ASV11083,0,0,0,0,7.08767E-05,0,0,0,0,0,0,0,0,0,0,0,0,0,0,0,0,0,0,0,0,0,0,0,0,0,0,0,0,0,0,0,0
ASV20330,0,0,0,0,0,0,0,0,0,0,0,0,0,0,0,0,0,7.10505E-05,0,0,0,0,0,0,0,0,0,0,0,0,0,0,0,0,0,0,0
ASV20321,0,0,0,0,0,0,0,0,0,0,0,0,0,0,0,0,0,7.10505E-05,0,0,0,0,0,0,0,0,0,0,0,0,0,0,0,0,0,0,0
ASV18144,0,0,0,0,0,0,0,0,0,0,0,0,0,0,0,0,0,0,0,0,0,0,0,0,0,0,0,0,0,7.28191E-05,0,0,0,0,0,0,0
ASV18153,0,0,0,0,0,0,0,0,0,0,0,0,0,0,0,0,0,0,0,0,0,0,0,0,0,0,0,0,0,7.28191E-05,0,0,0,0,0,0,0
ASV18150,0,0,0,0,0,0,0,0,0,0,0,0,0,0,0,0,0,0,0,0,0,0,0,0,0,0,0,0,0,7.28191E-05,0,0,0,0,0,0,0
ASV21352,0,0,0,0,0,0,0,0,0,0,0,0,0,0,0,0,0,0,0,0,0,0,0,0,0,0,0,0,0,0,0,0,7.31877E-05,0,0,0,0
ASV21328,0,0,0,0,0,0,0,0,0,0,0,0,0,0,0,0,0,0,0,0,0,0,0,0,0,0,0,0,0,0,0,0,7.31877E-05,0,0,0,0
ASV22886,0,0,0,0,0,0,0,0,0,0,0,0,0,0,0,0,0,0,0,0,0,0,7.33299E-05,0,0,0,0,0,0,0,0,0,0,0,0,0,0
ASV22888,0,0,0,0,0,0,0,0,0,0,0,0,0,0,0,0,0,0,0,0,0,0,7.33299E-05,0,0,0,0,0,0,0,0,0,0,0,0,0,0
ASV22896,0,0,0,0,0,0,0,0,0,0,0,0,0,0,0,0,0,0,0,0,0,0,7.33299E-05,0,0,0,0,0,0,0,0,0,0,0,0,0,0
ASV11851,0,0,0,0,0,7.41384E-05,0,0,0,0,0,0,0,0,0,0,0,0,0,0,0,0,0,0,0,0,0,0,0,0,0,0,0,0,0,0,0
ASV11840,0,0,0,0,0,7.41384E-05,0,0,0,0,0,0,0,0,0,0,0,0,0,0,0,0,0,0,0,0,0,0,0,0,0,0,0,0,0,0,0
ASV11844,0,0,0,0,0,7.41384E-05,0,0,0,0,0,0,0,0,0,0,0,0,0,0,0,0,0,0,0,0,0,0,0,0,0,0,0,0,0,0,0
ASV11828,0,0,0,0,0,7.41384E-05,0,0,0,0,0,0,0,0,0,0,0,0,0,0,0,0,0,0,0,0,0,0,0,0,0,0,0,0,0,0,0
ASV11702,0,0,7.75383E-05,0,0,0,0,0,0,0,0,0,0,0,0,0,0,0,0,0,0,0,0,0,0,0,0,0,0,0,0,0,0,0,0,0,0
ASV11699,0,0,7.75383E-05,0,0,0,0,0,0,0,0,0,0,0,0,0,0,0,0,0,0,0,0,0,0,0,0,0,0,0,0,0,0,0,0,0,0
ASV7017,0,0,7.75383E-05,0,0,0,0,0,0,0,0,0,0,0,0,0,0,0,0,0,0,0,0,0,0,0,0,0,0,0,0,0,0,0,0,0,0
ASV11717,0,0,7.75383E-05,0,0,0,0,0,0,0,0,0,0,0,0,0,0,0,0,0,0,0,0,0,0,0,0,0,0,0,0,0,0,0,0,0,0
ASV9571,0,0,0,0,0,0,0,7.80655E-05,0,0,0,0,0,0,0,0,0,0,0,0,0,0,0,0,0,0,0,0,0,0,0,0,0,0,0,0,0
ASV15205,0,0,0,0,0,0,0,7.80655E-05,0,0,0,0,0,0,0,0,0,0,0,0,0,0,0,0,0,0,0,0,0,0,0,0,0,0,0,0,0
ASV10483,0,0,0,0,7.97363E-05,0,0,0,0,0,0,0,0,0,0,0,0,0,0,0,0,0,0,0,0,0,0,0,0,0,0,0,0,0,0,0,0
ASV10489,0,0,0,0,7.97363E-05,0,0,0,0,0,0,0,0,0,0,0,0,0,0,0,0,0,0,0,0,0,0,0,0,0,0,0,0,0,0,0,0
ASV22903,0,0,0,0,0,0,0,0,0,0,0,0,0,0,0,0,0,0,0,0,0,0,0,8.14067E-05,0,0,0,0,0,0,0,0,0,0,0,0,0
ASV20231,0,0,0,0,0,0,0,0,0,0,0,0,0,0,0,8.43099E-05,0,0,0,0,0,0,0,0,0,0,0,0,0,0,0,0,0,0,0,0,0
ASV20233,0,0,0,0,0,0,0,0,0,0,0,0,0,0,0,8.43099E-05,0,0,0,0,0,0,0,0,0,0,0,0,0,0,0,0,0,0,0,0,0
ASV19925,0,0,0,0,0,0,0,0,0,0,0,8.43811E-05,0,0,0,0,0,0,0,0,0,0,0,0,0,0,0,0,0,0,0,0,0,0,0,0,0
ASV19905,0,0,0,0,0,0,0,0,0,0,0,8.43811E-05,0,0,0,0,0,0,0,0,0,0,0,0,0,0,0,0,0,0,0,0,0,0,0,0,0
ASV19920,0,0,0,0,0,0,0,0,0,0,0,8.43811E-05,0,0,0,0,0,0,0,0,0,0,0,0,0,0,0,0,0,0,0,0,0,0,0,0,0
ASV23162,0,0,0,0,0,0,0,0,0,0,0,0,0,0,0,0,0,0,0,0,0,0,0,0,0,0,0,0,0.000085419,0,0,0,0,0,0,0,0
ASV18590,8.56384E-05,0,0,0,0,0,0,0,0,0,0,0,0,0,0,0,0,0,0,0,0,0,0,0,0,0,0,0,0,0,0,0,0,0,0,0,0
ASV19981,0,0,0,0,0,0,0,0,0,0,0,0,8.59919E-05,0,0,0,0,0,0,0,0,0,0,0,0,0,0,0,0,0,0,0,0,0,0,0,0
ASV19995,0,0,0,0,0,0,0,0,0,0,0,0,8.59919E-05,0,0,0,0,0,0,0,0,0,0,0,0,0,0,0,0,0,0,0,0,0,0,0,0
ASV20023,0,0,0,0,0,0,0,0,0,0,0,0,8.59919E-05,0,0,0,0,0,0,0,0,0,0,0,0,0,0,0,0,0,0,0,0,0,0,0,0
ASV20002,0,0,0,0,0,0,0,0,0,0,0,0,8.59919E-05,0,0,0,0,0,0,0,0,0,0,0,0,0,0,0,0,0,0,0,0,0,0,0,0
ASV21552,0,0,0,0,0,0,0,0,0,0,0,0,0,0,0,0,0,0,0,0,0,0,0,0,0,0,0,0,0,0,0,0,0,0,0,0,8.69754E-05
ASV21518,0,0,0,0,0,0,0,0,0,0,0,0,0,0,0,0,0,0,0,0,0,0,0,0,0,0,0,0,0,0,0,0,0,0,0,0,8.69754E-05
ASV9979,0,0,0,0,8.85959E-05,0,0,0,0,0,0,0,0,0,0,0,0,0,0,0,0,0,0,0,0,0,0,0,0,0,0,0,0,0,0,0,0
ASV9982,0,0,0,0,8.85959E-05,0,0,0,0,0,0,0,0,0,0,0,0,0,0,0,0,0,0,0,0,0,0,0,0,0,0,0,0,0,0,0,0
ASV11020,0,0,8.86152E-05,0,0,0,0,0,0,0,0,0,0,0,0,0,0,0,0,0,0,0,0,0,0,0,0,0,0,0,0,0,0,0,0,0,0
ASV20155,0,0,0,0,0,0,0,0,0,0,0,0,0,0,0.000088968,0,0,0,0,0,0,0,0,0,0,0,0,0,0,0,0,0,0,0,0,0,0
ASV20126,0,0,0,0,0,0,0,0,0,0,0,0,0,0,0.000088968,0,0,0,0,0,0,0,0,0,0,0,0,0,0,0,0,0,0,0,0,0,0
ASV20180,0,0,0,0,0,0,0,0,0,0,0,0,0,0,0.000088968,0,0,0,0,0,0,0,0,0,0,0,0,0,0,0,0,0,0,0,0,0,0
ASV20182,0,0,0,0,0,0,0,0,0,0,0,0,0,0,0.000088968,0,0,0,0,0,0,0,0,0,0,0,0,0,0,0,0,0,0,0,0,0,0
ASV17675,0,0,0,0,0,0,0,0,0,0,0,0,0,0,0,0,0,0,0,9.28103E-05,0,0,0,0,0,0,0,0,0,0,0,0,0,0,0,0,0
ASV17149,0,0,0,0,0,0,0,0,9.41206E-05,0,0,0,0,0,0,0,0,0,0,0,0,0,0,0,0,0,0,0,0,0,0,0,0,0,0,0,0
ASV19718,0,0,0,0,0,0,0,0,0,9.41221E-05,0,0,0,0,0,0,0,0,0,0,0,0,0,0,0,0,0,0,0,0,0,0,0,0,0,0,0
ASV19719,0,0,0,0,0,0,0,0,0,9.41221E-05,0,0,0,0,0,0,0,0,0,0,0,0,0,0,0,0,0,0,0,0,0,0,0,0,0,0,0
ASV10522,0,0,0,0,0,9.53208E-05,0,0,0,0,0,0,0,0,0,0,0,0,0,0,0,0,0,0,0,0,0,0,0,0,0,0,0,0,0,0,0
ASV10530,0,0,0,0,0,9.53208E-05,0,0,0,0,0,0,0,0,0,0,0,0,0,0,0,0,0,0,0,0,0,0,0,0,0,0,0,0,0,0,0
ASV10520,0,0,0,0,0,9.53208E-05,0,0,0,0,0,0,0,0,0,0,0,0,0,0,0,0,0,0,0,0,0,0,0,0,0,0,0,0,0,0,0
ASV16915,0,0,0,0,0,0,9.54958E-05,0,0,0,0,0,0,0,0,0,0,0,0,0,0,0,0,0,0,0,0,0,0,0,0,0,0,0,0,0,0
ASV16927,0,0,0,0,0,0,9.54958E-05,0,0,0,0,0,0,0,0,0,0,0,0,0,0,0,0,0,0,0,0,0,0,0,0,0,0,0,0,0,0
ASV16917,0,0,0,0,0,0,9.54958E-05,0,0,0,0,0,0,0,0,0,0,0,0,0,0,0,0,0,0,0,0,0,0,0,0,0,0,0,0,0,0
ASV16912,0,0,0,0,0,0,9.54958E-05,0,0,0,0,0,0,0,0,0,0,0,0,0,0,0,0,0,0,0,0,0,0,0,0,0,0,0,0,0,0
ASV16924,0,0,0,0,0,0,9.54958E-05,0,0,0,0,0,0,0,0,0,0,0,0,0,0,0,0,0,0,0,0,0,0,0,0,0,0,0,0,0,0
ASV9518,0,0,0,0,9.74555E-05,0,0,0,0,0,0,0,0,0,0,0,0,0,0,0,0,0,0,0,0,0,0,0,0,0,0,0,0,0,0,0,0
ASV9504,0,0,0,0,9.74555E-05,0,0,0,0,0,0,0,0,0,0,0,0,0,0,0,0,0,0,0,0,0,0,0,0,0,0,0,0,0,0,0,0
ASV9513,0,0,0,0,9.74555E-05,0,0,0,0,0,0,0,0,0,0,0,0,0,0,0,0,0,0,0,0,0,0,0,0,0,0,0,0,0,0,0,0
ASV9509,0,0,0,0,9.74555E-05,0,0,0,0,0,0,0,0,0,0,0,0,0,0,0,0,0,0,0,0,0,0,0,0,0,0,0,0,0,0,0,0
ASV13869,0,0,0,0,0,0,0,9.75819E-05,0,0,0,0,0,0,0,0,0,0,0,0,0,0,0,0,0,0,0,0,0,0,0,0,0,0,0,0,0
ASV9147,0,0,0,0,0,0,0,9.75819E-05,0,0,0,0,0,0,0,0,0,0,0,0,0,0,0,0,0,0,0,0,0,0,0,0,0,0,0,0,0
ASV13864,0,0,0,0,0,0,0,9.75819E-05,0,0,0,0,0,0,0,0,0,0,0,0,0,0,0,0,0,0,0,0,0,0,0,0,0,0,0,0,0
ASV1876,0,0,0,0,0,0,0,9.75819E-05,0,0,0,0,0,0,0,0,0,0,0,0,0,0,0,0,0,0,0,0,0,0,0,0,0,0,0,0,0
ASV8430,0,0,0,0,0,0,0,9.75819E-05,0,0,0,0,0,0,0,0,0,0,0,0,0,0,0,0,0,0,0,0,0,0,0,0,0,0,0,0,0
ASV13862,0,0,0,0,0,0,0,9.75819E-05,0,0,0,0,0,0,0,0,0,0,0,0,0,0,0,0,0,0,0,0,0,0,0,0,0,0,0,0,0
ASV13847,0,0,0,0,0,0,0,9.75819E-05,0,0,0,0,0,0,0,0,0,0,0,0,0,0,0,0,0,0,0,0,0,0,0,0,0,0,0,0,0
ASV10472,0,0,0,9.84306E-05,0,0,0,0,0,0,0,0,0,0,0,0,0,0,0,0,0,0,0,0,0,0,0,0,0,0,0,0,0,0,0,0,0
ASV10473,0,0,0,9.84306E-05,0,0,0,0,0,0,0,0,0,0,0,0,0,0,0,0,0,0,0,0,0,0,0,0,0,0,0,0,0,0,0,0,0
ASV10475,0,0,0,9.84306E-05,0,0,0,0,0,0,0,0,0,0,0,0,0,0,0,0,0,0,0,0,0,0,0,0,0,0,0,0,0,0,0,0,0
ASV10438,0,0,9.96921E-05,0,0,0,0,0,0,0,0,0,0,0,0,0,0,0,0,0,0,0,0,0,0,0,0,0,0,0,0,0,0,0,0,0,0
ASV10433,0,0,9.96921E-05,0,0,0,0,0,0,0,0,0,0,0,0,0,0,0,0,0,0,0,0,0,0,0,0,0,0,0,0,0,0,0,0,0,0
ASV10435,0,0,9.96921E-05,0,0,0,0,0,0,0,0,0,0,0,0,0,0,0,0,0,0,0,0,0,0,0,0,0,0,0,0,0,0,0,0,0,0
ASV21405,0,0,0,0,0,0,0,0,0,0,0,0,0,0,0,0,0,0,0,0,0,0,0,0,0,0,0,0,0,0,0,0,0,0.00010414,0,0,0
ASV9072,0,0,0,0,0.000106315,0,0,0,0,0,0,0,0,0,0,0,0,0,0,0,0,0,0,0,0,0,0,0,0,0,0,0,0,0,0,0,0
ASV6445,0,0,0,0,0.000106315,0,0,0,0,0,0,0,0,0,0,0,0,0,0,0,0,0,0,0,0,0,0,0,0,0,0,0,0,0,0,0,0
ASV9075,0,0,0,0,0.000106315,0,0,0,0,0,0,0,0,0,0,0,0,0,0,0,0,0,0,0,0,0,0,0,0,0,0,0,0,0,0,0,0
ASV17635,0,0,0,0,0,0,0,0,0,0,0,0,0,0,0,0,0,0.000106576,0,0,0,0,0,0,0,0,0,0,0,0,0,0,0,0,0,0,0
ASV17632,0,0,0,0,0,0,0,0,0,0,0,0,0,0,0,0,0,0.000106576,0,0,0,0,0,0,0,0,0,0,0,0,0,0,0,0,0,0,0
ASV20039,0,0,0,0,0,0,0,0,0,0,0,0,0,0.000110351,0,0,0,0,0,0,0,0,0,0,0,0,0,0,0,0,0,0,0,0,0,0,0
ASV20034,0,0,0,0,0,0,0,0,0,0,0,0,0,0.000110351,0,0,0,0,0,0,0,0,0,0,0,0,0,0,0,0,0,0,0,0,0,0,0
ASV20055,0,0,0,0,0,0,0,0,0,0,0,0,0,0.000110351,0,0,0,0,0,0,0,0,0,0,0,0,0,0,0,0,0,0,0,0,0,0,0
ASV20061,0,0,0,0,0,0,0,0,0,0,0,0,0,0.000110351,0,0,0,0,0,0,0,0,0,0,0,0,0,0,0,0,0,0,0,0,0,0,0
ASV20030,0,0,0,0,0,0,0,0,0,0,0,0,0,0.000110351,0,0,0,0,0,0,0,0,0,0,0,0,0,0,0,0,0,0,0,0,0,0,0
ASV9915,0,0,0.000110769,0,0,0,0,0,0,0,0,0,0,0,0,0,0,0,0,0,0,0,0,0,0,0,0,0,0,0,0,0,0,0,0,0,0
ASV9919,0,0,0.000110769,0,0,0,0,0,0,0,0,0,0,0,0,0,0,0,0,0,0,0,0,0,0,0,0,0,0,0,0,0,0,0,0,0,0
ASV20663,0,0,0,0,0,0,0,0,0,0,0,0,0,0,0,0,0,0,0,0,0,0,0,0,0.000113759,0,0,0,0,0,0,0,0,0,0,0,0
ASV8723,0,0,0,0,0.000115175,0,0,0,0,0,0,0,0,0,0,0,0,0,0,0,0,0,0,0,0,0,0,0,0,0,0,0,0,0,0,0,0
ASV8725,0,0,0,0,0.000115175,0,0,0,0,0,0,0,0,0,0,0,0,0,0,0,0,0,0,0,0,0,0,0,0,0,0,0,0,0,0,0,0
ASV12791,0,0,0,0,0,0,0,0.000117098,0,0,0,0,0,0,0,0,0,0,0,0,0,0,0,0,0,0,0,0,0,0,0,0,0,0,0,0,0
ASV12811,0,0,0,0,0,0,0,0.000117098,0,0,0,0,0,0,0,0,0,0,0,0,0,0,0,0,0,0,0,0,0,0,0,0,0,0,0,0,0
ASV21506,0,0,0,0,0,0,0,0,0,0,0,0,0,0,0,0,0,0,0,0,0,0,0,0,0,0,0,0,0,0,0,0,0,0,0,0.000118998,0
ASV21505,0,0,0,0,0,0,0,0,0,0,0,0,0,0,0,0,0,0,0,0,0,0,0,0,0,0,0,0,0,0,0,0,0,0,0,0.000118998,0
ASV9459,0,0,0.000121846,0,0,0,0,0,0,0,0,0,0,0,0,0,0,0,0,0,0,0,0,0,0,0,0,0,0,0,0,0,0,0,0,0,0
ASV20978,0,0,0,0,0,0,0,0,0,0,0,0,0,0,0,0,0,0,0,0,0,0,0,0,0,0,0,0.000122579,0,0,0,0,0,0,0,0,0
ASV20979,0,0,0,0,0,0,0,0,0,0,0,0,0,0,0,0,0,0,0,0,0,0,0,0,0,0,0,0.000122579,0,0,0,0,0,0,0,0,0
ASV20990,0,0,0,0,0,0,0,0,0,0,0,0,0,0,0,0,0,0,0,0,0,0,0,0,0,0,0,0.000122579,0,0,0,0,0,0,0,0,0
ASV15733,0,0,0,0,0,0,0,0,0,0,0,0,0,0,0,0,0,0,0,0.000123747,0,0,0,0,0,0,0,0,0,0,0,0,0,0,0,0,0
ASV13932,0,0,0,0,0,2.11824E-05,0,0,0,0,0,0,0,0,0,0,0,0,0,0,0,0,0,0,0,0,0,0,0,0,0,0,0,0,0.000103788,0,0
ASV21244,0,0,0,0,0,0,0,0,0,0,0,0,0,0,0,0,0,0,0,0,0,0,0,0,0,0,0,0,0,0,0,0.000125251,0,0,0,0,0
ASV21242,0,0,0,0,0,0,0,0,0,0,0,0,0,0,0,0,0,0,0,0,0,0,0,0,0,0,0,0,0,0,0,0.000125251,0,0,0,0,0
ASV21228,0,0,0,0,0,0,0,0,0,0,0,0,0,0,0,0,0,0,0,0,0,0,0,0,0,0,0,0,0,0,0,0.000125251,0,0,0,0,0
ASV15366,0,0,0,0,0,0,0,0,0.000125494,0,0,0,0,0,0,0,0,0,0,0,0,0,0,0,0,0,0,0,0,0,0,0,0,0,0,0,0
ASV17563,0,0,0,0,0,0,0,0,0,0,0,0,0,0,0,0.000126465,0,0,0,0,0,0,0,0,0,0,0,0,0,0,0,0,0,0,0,0,0
ASV17361,0,0,0,0,0,0,0,0,0,0,0,0.000126572,0,0,0,0,0,0,0,0,0,0,0,0,0,0,0,0,0,0,0,0,0,0,0,0,0
ASV17365,0,0,0,0,0,0,0,0,0,0,0,0.000126572,0,0,0,0,0,0,0,0,0,0,0,0,0,0,0,0,0,0,0,0,0,0,0,0,0
ASV9098,0,0,0,0,0,0.000127094,0,0,0,0,0,0,0,0,0,0,0,0,0,0,0,0,0,0,0,0,0,0,0,0,0,0,0,0,0,0,0
ASV9015,0.000128458,0,0,0,0,0,0,0,0,0,0,0,0,0,0,0,0,0,0,0,0,0,0,0,0,0,0,0,0,0,0,0,0,0,0,0,0
ASV16348,0.000128458,0,0,0,0,0,0,0,0,0,0,0,0,0,0,0,0,0,0,0,0,0,0,0,0,0,0,0,0,0,0,0,0,0,0,0,0
ASV17412,0,0,0,0,0,0,0,0,0,0,0,0,0.000128988,0,0,0,0,0,0,0,0,0,0,0,0,0,0,0,0,0,0,0,0,0,0,0,0
ASV20369,0,0,0,0,0,0,0,0,0,0,0,0,0,0,0,0,0,0,0.000129341,0,0,0,0,0,0,0,0,0,0,0,0,0,0,0,0,0,0
ASV20364,0,0,0,0,0,0,0,0,0,0,0,0,0,0,0,0,0,0,0.000129341,0,0,0,0,0,0,0,0,0,0,0,0,0,0,0,0,0,0
ASV18550,0,0,0,0,0,0,0,0,0,0,0,0,0,0,0,0,0,0,0,0,0,0,0,0,0,0,0,0,0,0,0,0,0,0,0,0,0.000130463
ASV18541,0,0,0,0,0,0,0,0,0,0,0,0,0,0,0,0,0,0,0,0,0,0,0,0,0,0,0,0,0,0,0,0,0,0,0,0,0.000130463
ASV9066,0,0,0,0.000131241,0,0,0,0,0,0,0,0,0,0,0,0,0,0,0,0,0,0,0,0,0,0,0,0,0,0,0,0,0,0,0,0,0
ASV8099,0,0,0,0,0.000132894,0,0,0,0,0,0,0,0,0,0,0,0,0,0,0,0,0,0,0,0,0,0,0,0,0,0,0,0,0,0,0,0
ASV17523,0,0,0,0,0,0,0,0,0,0,0,0,0,0,0.000133452,0,0,0,0,0,0,0,0,0,0,0,0,0,0,0,0,0,0,0,0,0,0
ASV20888,0,0,0,0,0,0,0,0,0,0,0,0,0,0,0,0,0,0,0,0,0,0,0,0,0,0,0.000135694,0,0,0,0,0,0,0,0,0,0
ASV20884,0,0,0,0,0,0,0,0,0,0,0,0,0,0,0,0,0,0,0,0,0,0,0,0,0,0,0.000135694,0,0,0,0,0,0,0,0,0,0
ASV20905,0,0,0,0,0,0,0,0,0,0,0,0,0,0,0,0,0,0,0,0,0,0,0,0,0,0,0.000135694,0,0,0,0,0,0,0,0,0,0
ASV11908,0,0,0,0,0,0,0,0.000136615,0,0,0,0,0,0,0,0,0,0,0,0,0,0,0,0,0,0,0,0,0,0,0,0,0,0,0,0,0
ASV11912,0,0,0,0,0,0,0,0.000136615,0,0,0,0,0,0,0,0,0,0,0,0,0,0,0,0,0,0,0,0,0,0,0,0,0,0,0,0,0
ASV11915,0,0,0,0,0,0,0,0.000136615,0,0,0,0,0,0,0,0,0,0,0,0,0,0,0,0,0,0,0,0,0,0,0,0,0,0,0,0,0
ASV21117,0,0,0,0,0,0,0,0,0,0,0,0,0,0,0,0,0,0,0,0,0,0,0,0,0,0,0,0,0,0,0.000138284,0,0,0,0,0,0
ASV21104,0,0,0,0,0,0,0,0,0,0,0,0,0,0,0,0,0,0,0,0,0,0,0,0,0,0,0,0,0,0,0.000138284,0,0,0,0,0,0
ASV16281,0,0,0,0,0,0,0,0,0,0,0,0,0,0,0,0,0,0,0,0,0,0,0,0,0,0,0,0,0,0,0,0,0,0,0.000138384,0,0
ASV16294,0,0,0,0,0,0,0,0,0,0,0,0,0,0,0,0,0,0,0,0,0,0,0,0,0,0,0,0,0,0,0,0,0,0,0.000138384,0,0
ASV16278,0,0,0,0,0,0,0,0,0,0,0,0,0,0,0,0,0,0,0,0,0,0,0,0,0,0,0,0,0,0,0,0,0,0,0.000138384,0,0
ASV20477,0,0,0,0,0,0,0,0,0,0,0,0,0,0,0,0,0,0,0,0,0.000138571,0,0,0,0,0,0,0,0,0,0,0,0,0,0,0,0
ASV20462,0,0,0,0,0,0,0,0,0,0,0,0,0,0,0,0,0,0,0,0,0.000138571,0,0,0,0,0,0,0,0,0,0,0,0,0,0,0,0
ASV20466,0,0,0,0,0,0,0,0,0,0,0,0,0,0,0,0,0,0,0,0,0.000138571,0,0,0,0,0,0,0,0,0,0,0,0,0,0,0,0
ASV20277,0,0,0,0,0,0,0,0,0,0,0,0,0,0,0,0,0.000140677,0,0,0,0,0,0,0,0,0,0,0,0,0,0,0,0,0,0,0,0
ASV17207,0,0,0,0,0,0,0,0,0,0.000141183,0,0,0,0,0,0,0,0,0,0,0,0,0,0,0,0,0,0,0,0,0,0,0,0,0,0,0
ASV7824,0,0,0,0,0.000141753,0,0,0,0,0,0,0,0,0,0,0,0,0,0,0,0,0,0,0,0,0,0,0,0,0,0,0,0,0,0,0,0
ASV15687,0,0,0,0,0,0,0,0,0,0,0,0,0,0,0,0,0,0.000142101,0,0,0,0,0,0,0,0,0,0,0,0,0,0,0,0,0,0,0
ASV8669,0,0,0.000144,0,0,0,0,0,0,0,0,0,0,0,0,0,0,0,0,0,0,0,0,0,0,0,0,0,0,0,0,0,0,0,0,0,0
ASV43,0,0,0.000144,0,0,0,0,0,0,0,0,0,0,0,0,0,0,0,0,0,0,0,0,0,0,0,0,0,0,0,0,0,0,0,0,0,0
ASV20597,0,0,0,0,0,0,0,0,0,0,0,0,0,0,0,0,0,0,0,0,0,0,0.00014666,0,0,0,0,0,0,0,0,0,0,0,0,0,0
ASV20578,0,0,0,0,0,0,0,0,0,0,0,0,0,0,0,0,0,0,0,0,0,0,0.00014666,0,0,0,0,0,0,0,0,0,0,0,0,0,0
ASV20601,0,0,0,0,0,0,0,0,0,0,0,0,0,0,0,0,0,0,0,0,0,0,0.00014666,0,0,0,0,0,0,0,0,0,0,0,0,0,0
ASV8407,0,0,0,0,0,0.000148277,0,0,0,0,0,0,0,0,0,0,0,0,0,0,0,0,0,0,0,0,0,0,0,0,0,0,0,0,0,0,0
ASV7579,0,0,0,0,0.000150613,0,0,0,0,0,0,0,0,0,0,0,0,0,0,0,0,0,0,0,0,0,0,0,0,0,0,0,0,0,0,0,0
ASV7576,0,0,0,0,0.000150613,0,0,0,0,0,0,0,0,0,0,0,0,0,0,0,0,0,0,0,0,0,0,0,0,0,0,0,0,0,0,0,0
ASV8384,0,0,0,0.000153114,0,0,0,0,0,0,0,0,0,0,0,0,0,0,0,0,0,0,0,0,0,0,0,0,0,0,0,0,0,0,0,0,0
ASV11177,0,0,0,0,0,0,0,0.000156131,0,0,0,0,0,0,0,0,0,0,0,0,0,0,0,0,0,0,0,0,0,0,0,0,0,0,0,0,0
ASV18432,0,0,0,0,0,0,0,0,0,0,0,0,0,0,0,0,0,0,0,0,0,0,0,0,0,0,0,0,0,0,0,0,0,0.000156209,0,0,0
ASV14017,0,0,0,0,0,0,0,0,0.000156868,0,0,0,0,0,0,0,0,0,0,0,0,0,0,0,0,0,0,0,0,0,0,0,0,0,0,0,0
ASV14029,0,0,0,0,0,0,0,0,0.000156868,0,0,0,0,0,0,0,0,0,0,0,0,0,0,0,0,0,0,0,0,0,0,0,0,0,0,0,0
ASV13833,0,0,0,0,0,0,0.00015916,0,0,0,0,0,0,0,0,0,0,0,0,0,0,0,0,0,0,0,0,0,0,0,0,0,0,0,0,0,0
ASV2677,0,0,0,0,0,0,0.00015916,0,0,0,0,0,0,0,0,0,0,0,0,0,0,0,0,0,0,0,0,0,0,0,0,0,0,0,0,0,0
ASV7364,0,0,0,0,0.000159473,0,0,0,0,0,0,0,0,0,0,0,0,0,0,0,0,0,0,0,0,0,0,0,0,0,0,0,0,0,0,0,0
ASV20633,0,0,0,0,0,0,0,0,0,0,0,0,0,0,0,0,0,0,0,0,0,0,0,0.000162813,0,0,0,0,0,0,0,0,0,0,0,0,0
ASV20622,0,0,0,0,0,0,0,0,0,0,0,0,0,0,0,0,0,0,0,0,0,0,0,0.000162813,0,0,0,0,0,0,0,0,0,0,0,0,0
ASV8071,0,0,0.000166153,0,0,0,0,0,0,0,0,0,0,0,0,0,0,0,0,0,0,0,0,0,0,0,0,0,0,0,0,0,0,0,0,0,0
ASV7169,0,0,0,0,0.000168332,0,0,0,0,0,0,0,0,0,0,0,0,0,0,0,0,0,0,0,0,0,0,0,0,0,0,0,0,0,0,0,0
ASV15510,0,0,0,0,0,0,0,0,0,0,0,0.000168762,0,0,0,0,0,0,0,0,0,0,0,0,0,0,0,0,0,0,0,0,0,0,0,0,0
ASV15492,0,0,0,0,0,0,0,0,0,0,0,0.000168762,0,0,0,0,0,0,0,0,0,0,0,0,0,0,0,0,0,0,0,0,0,0,0,0,0
ASV15503,0,0,0,0,0,0,0,0,0,0,0,0.000168762,0,0,0,0,0,0,0,0,0,0,0,0,0,0,0,0,0,0,0,0,0,0,0,0,0
ASV17844,0,0,0,0,0,0,0,0,0,0,0,0,0,0,0,0,0,0,0,0,0,0,0,0,0.000170639,0,0,0,0,0,0,0,0,0,0,0,0
ASV17843,0,0,0,0,0,0,0,0,0,0,0,0,0,0,0,0,0,0,0,0,0,0,0,0,0.000170639,0,0,0,0,0,0,0,0,0,0,0,0
ASV17853,0,0,0,0,0,0,0,0,0,0,0,0,0,0,0,0,0,0,0,0,0,0,0,0,0.000170639,0,0,0,0,0,0,0,0,0,0,0,0
ASV14742,0.000171277,0,0,0,0,0,0,0,0,0,0,0,0,0,0,0,0,0,0,0,0,0,0,0,0,0,0,0,0,0,0,0,0,0,0,0,0
ASV15545,0,0,0,0,0,0,0,0,0,0,0,0,0.000171984,0,0,0,0,0,0,0,0,0,0,0,0,0,0,0,0,0,0,0,0,0,0,0,0
ASV15560,0,0,0,0,0,0,0,0,0,0,0,0,0.000171984,0,0,0,0,0,0,0,0,0,0,0,0,0,0,0,0,0,0,0,0,0,0,0,0
ASV20516,0,0,0,0,0,0,0,0,0,0,0,0,0,0,0,0,0,0,0,0,0,0.000172891,0,0,0,0,0,0,0,0,0,0,0,0,0,0,0
ASV20527,0,0,0,0,0,0,0,0,0,0,0,0,0,0,0,0,0,0,0,0,0,0.000172891,0,0,0,0,0,0,0,0,0,0,0,0,0,0,0
ASV20535,0,0,0,0,0,0,0,0,0,0,0,0,0,0,0,0,0,0,0,0,0,0.000172891,0,0,0,0,0,0,0,0,0,0,0,0,0,0,0
ASV14712,0,0,0,0,0,0,0,0,0,0,0,0,0,0,0,0,0,0,0,0,0,0,0,0,0,0,0,0,0,0,0,0,0,0,0.00017298,0,0
ASV14716,0,0,0,0,0,0,0,0,0,0,0,0,0,0,0,0,0,0,0,0,0,0,0,0,0,0,0,0,0,0,0,0,0,0,0.00017298,0,0
ASV16318,0,0,0,0,0,0,0,0,0,0,0,0,0,0,0,0,0,0,0,0,0,0,0,0,0,0,0,0,0,0,0,0,0,0,0,0,0.000173951
ASV15627,0,0,0,0,0,0,0,0,0,0,0,0,0,0,0.000177936,0,0,0,0,0,0,0,0,0,0,0,0,0,0,0,0,0,0,0,0,0,0
ASV1202,0,0,0,0,0,0,0,0,0,0,0,0,0,0,0.000177936,0,0,0,0,0,0,0,0,0,0,0,0,0,0,0,0,0,0,0,0,0,0
ASV17323,0,0,0,0,0,0,0,0,0,0,0.000178042,0,0,0,0,0,0,0,0,0,0,0,0,0,0,0,0,0,0,0,0,0,0,0,0,0,0
ASV18521,0,0,0,0,0,0,0,0,0,0,0,0,0,0,0,0,0,0,0,0,0,0,0,0,0,0,0,0,0,0,0,0,0,0,0,0.000178497,0
ASV18123,0,0,0,0,0,0,0,0,0,0,0,0,0,0,0,0,0,0,0,0,0,0,0,0,0,0,0,0.000183869,0,0,0,0,0,0,0,0,0
ASV18118,0,0,0,0,0,0,0,0,0,0,0,0,0,0,0,0,0,0,0,0,0,0,0,0,0,0,0,0.000183869,0,0,0,0,0,0,0,0,0
ASV18296,0,0,0,0,0,0,0,0,0,0,0,0,0,0,0,0,0,0,0,0,0,0,0,0,0,0,0,0,0,0,0,0.000187876,0,0,0,0,0
ASV18306,0,0,0,0,0,0,0,0,0,0,0,0,0,0,0,0,0,0,0,0,0,0,0,0,0,0,0,0,0,0,0,0.000187876,0,0,0,0,0
ASV6140,0,0,0.000188307,0,0,0,0,0,0,0,0,0,0,0,0,0,0,0,0,0,0,0,0,0,0,0,0,0,0,0,0,0,0,0,0,0,0
ASV7557,0,0,0.000188307,0,0,0,0,0,0,0,0,0,0,0,0,0,0,0,0,0,0,0,0,0,0,0,0,0,0,0,0,0,0,0,0,0,0
ASV7379,0,0,0,0,0,0.000190642,0,0,0,0,0,0,0,0,0,0,0,0,0,0,0,0,0,0,0,0,0,0,0,0,0,0,0,0,0,0,0
ASV11562,0,0,0,0,0,0,0,0,0,0,0,0,0,0,0,0,0,0,0,0,0,0,0,0,0,0,0,0,0,0.000194184,0,0,0,0,0,0,0
ASV11563,0,0,0,0,0,0,0,0,0,0,0,0,0,0,0,0,0,0,0,0,0,0,0,0,0,0,0,0,0,0.000194184,0,0,0,0,0,0,0
ASV6618,0,0,0,0,0.000194911,0,0,0,0,0,0,0,0,0,0,0,0,0,0,0,0,0,0,0,0,0,0,0,0,0,0,0,0,0,0,0,0
ASV6620,0,0,0,0,0.000194911,0,0,0,0,0,0,0,0,0,0,0,0,0,0,0,0,0,0,0,0,0,0,0,0,0,0,0,0,0,0,0,0
ASV17996,0,0,0,0,0,0,0,0,0,0,0,0,0,0,0,0,0,0,0,0,0,0,0,0,0,0.000198426,0,0,0,0,0,0,0,0,0,0,0
ASV17982,0,0,0,0,0,0,0,0,0,0,0,0,0,0,0,0,0,0,0,0,0,0,0,0,0,0.000198426,0,0,0,0,0,0,0,0,0,0,0
ASV7176,0,0,0,0,0,0.000201233,0,0,0,0,0,0,0,0,0,0,0,0,0,0,0,0,0,0,0,0,0,0,0,0,0,0,0,0,0,0,0
ASV18048,0,0,0,0,0,0,0,0,0,0,0,0,0,0,0,0,0,0,0,0,0,0,0,0,0,0,0.000203542,0,0,0,0,0,0,0,0,0,0
ASV974,0,0,0,0,0,0,0,0,0,0,0,0,0,0,0,0,0,0,0,0,0,0,0,0,0,0,0,0,0,0,0.000207426,0,0,0,0,0,0
ASV18208,0,0,0,0,0,0,0,0,0,0,0,0,0,0,0,0,0,0,0,0,0,0,0,0,0,0,0,0,0,0,0.000207426,0,0,0,0,0,0
ASV17734,0,0,0,0,0,0,0,0,0,0,0,0,0,0,0,0,0,0,0,0,0.000207857,0,0,0,0,0,0,0,0,0,0,0,0,0,0,0,0
ASV16248,0,0,0,0,0,0,0,0,0,0,0,0,0,0,0,0,0,0,0,0,0,0,0,0,0,0,0,0,0,0,0,0,0,0.000208279,0,0,0
ASV14249,0,0,0,0,0,0,0,0,0,0,0,0,0,0,0,0.000210775,0,0,0,0,0,0,0,0,0,0,0,0,0,0,0,0,0,0,0,0,0
ASV14118,0,0,0,0,0,0,0,0,0,0,0,0.000210953,0,0,0,0,0,0,0,0,0,0,0,0,0,0,0,0,0,0,0,0,0,0,0,0,0
ASV14130,0,0,0,0,0,0,0,0,0,0,0,0.000210953,0,0,0,0,0,0,0,0,0,0,0,0,0,0,0,0,0,0,0,0,0,0,0,0,0
ASV17594,0,0,0,0,0,0,0,0,0,0,0,0,0,0,0,0,0.000211015,0,0,0,0,0,0,0,0,0,0,0,0,0,0,0,0,0,0,0,0
ASV6981,0,0,0,0,0,0.000211824,0,0,0,0,0,0,0,0,0,0,0,0,0,0,0,0,0,0,0,0,0,0,0,0,0,0,0,0,0,0,0
ASV4401,0,0,0,0,0.00021263,0,0,0,0,0,0,0,0,0,0,0,0,0,0,0,0,0,0,0,0,0,0,0,0,0,0,0,0,0,0,0,0
ASV6284,0,0,0,0,0.00021263,0,0,0,0,0,0,0,0,0,0,0,0,0,0,0,0,0,0,0,0,0,0,0,0,0,0,0,0,0,0,0,0
ASV13118,0,0,0,0,0,0,0,0,0,0,0,0,0,0,0,0,0,0.000213151,0,0,0,0,0,0,0,0,0,0,0,0,0,0,0,0,0,0,0
ASV13500,0.000214096,0,0,0,0,0,0,0,0,0,0,0,0,0,0,0,0,0,0,0,0,0,0,0,0,0,0,0,0,0,0,0,0,0,0,0,0
ASV9568,0,0,0,0,0,0,0,0.00021468,0,0,0,0,0,0,0,0,0,0,0,0,0,0,0,0,0,0,0,0,0,0,0,0,0,0,0,0,0
ASV6172,0,0,0,0,0,0,0,0.00021468,0,0,0,0,0,0,0,0,0,0,0,0,0,0,0,0,0,0,0,0,0,0,0,0,0,0,0,0,0
ASV14160,0,0,0,0,0,0,0,0,0,0,0,0,0.00021498,0,0,0,0,0,0,0,0,0,0,0,0,0,0,0,0,0,0,0,0,0,0,0,0
ASV12217,0,0,0,0,0,0,0,0,0,0,0,0,0,0,0,0,0,0,0,0.000216557,0,0,0,0,0,0,0,0,0,0,0,0,0,0,0,0,0
ASV10613,0,0,0,0,0,0,0,0,0,0,0,0,0,0,0,0,0,0,0,0,0,0,0,0,0,0,0,0,0,0,0,0,0,0,0,0,0.000217439
ASV10901,0,0,0,0,0,0,0,0,0,0,0,0,0,0,0,0,0,0,0,0,0,0,0,0,0,0,0,0,0,0.000218457,0,0,0,0,0,0,0
ASV8992,0,0,0,0,0,0,0,0,0,0,0,0,0,0,0,0,0,0,0,0,0,0,0,0,0,0,0,0,0,0,0,0,0.000219563,0,0,0,0
ASV17795,0,0,0,0,0,0,0,0,0,0,0,0,0,0,0,0,0,0,0,0,0,0,0.00021999,0,0,0,0,0,0,0,0,0,0,0,0,0,0
ASV14224,0,0,0,0,0,0,0,0,0,0,0,0,0,0,0.00022242,0,0,0,0,0,0,0,0,0,0,0,0,0,0,0,0,0,0,0,0,0,0
ASV6806,0,0,0,0.000229671,0,0,0,0,0,0,0,0,0,0,0,0,0,0,0,0,0,0,0,0,0,0,0,0,0,0,0,0,0,0,0,0,0
ASV6031,0,0,0,0,0.000230349,0,0,0,0,0,0,0,0,0,0,0,0,0,0,0,0,0,0,0,0,0,0,0,0,0,0,0,0,0,0,0,0
ASV6631,0,0,0,0,0,0.000233006,0,0,0,0,0,0,0,0,0,0,0,0,0,0,0,0,0,0,0,0,0,0,0,0,0,0,0,0,0,0,0
ASV15480,0,0,0,0,0,0,0,0,0,0,0.000237389,0,0,0,0,0,0,0,0,0,0,0,0,0,0,0,0,0,0,0,0,0,0,0,0,0,0
ASV15481,0,0,0,0,0,0,0,0,0,0,0.000237389,0,0,0,0,0,0,0,0,0,0,0,0,0,0,0,0,0,0,0,0,0,0,0,0,0,0
ASV2819,0,0,0,0.000240608,0,0,0,0,0,0,0,0,0,0,0,0,0,0,0,0,0,0,0,0,0,0,0,0,0,0,0,0,0,0,0,0,0
ASV2298,0,0,0,0,0,0,0,0,0,0,0,0,0,0,0,0,0,0,0,0,0,0,0,0,0,0,0,0,0,0,0,0,0,0,0.000242173,0,0
ASV10317,0,0,0,0,0,0,0,0,0,0,0,0,0,0,0,0,0,0,0,0,0,0,0,0,0,0,0,0,0,0.00024273,0,0,0,0,0,0,0
ASV6601,0,0,0.000243692,0,0,0,0,0,0,0,0,0,0,0,0,0,0,0,0,0,0,0,0,0,0,0,0,0,0,0,0,0,0,0,0,0,0
ASV6598,0,0,0.000243692,0,0,0,0,0,0,0,0,0,0,0,0,0,0,0,0,0,0,0,0,0,0,0,0,0,0,0,0,0,0,0,0,0,0
ASV17826,0,0,0,0,0,0,0,0,0,0,0,0,0,0,0,0,0,0,0,0,0,0,0,0.00024422,0,0,0,0,0,0,0,0,0,0,0,0,0
ASV17830,0,0,0,0,0,0,0,0,0,0,0,0,0,0,0,0,0,0,0,0,0,0,0,0.00024422,0,0,0,0,0,0,0,0,0,0,0,0,0
ASV17821,0,0,0,0,0,0,0,0,0,0,0,0,0,0,0,0,0,0,0,0,0,0,0,0.00024422,0,0,0,0,0,0,0,0,0,0,0,0,0
ASV8957,0,0,0,0,0,0,0,0,0,0,0,0,0,0,0,0,0,0,0,0,0,0,0,0,0,0,0,0.000245158,0,0,0,0,0,0,0,0,0
ASV12859,0,0,0,0,1.77192E-05,0,0,0,0,0,0,0,0,0,0,0,0,0,0,0,0,0,0,0,0.000227518,0,0,0,0,0,0,0,0,0,0,0,0
ASV8556,0,0,0,0,0,0,0,0,0,0,0,0,0,0,0,0,0,0,0,0.000247494,0,0,0,0,0,0,0,0,0,0,0,0,0,0,0,0,0
ASV12192,0,0,0,0,0,0,0,0,0,0,0,0,0,0,0,0,0,0.000248677,0,0,0,0,0,0,0,0,0,0,0,0,0,0,0,0,0,0,0
ASV3477,0,0,0,0,0,0,0,0,0,0,0,0,0,0,0,0,0,0.000248677,0,0,0,0,0,0,0,0,0,0,0,0,0,0,0,0,0,0,0
ASV16172,0,0,0,0,0,0,0,0,0,0,0,0,0,0,0,0,0,0,0,0,0,0,0,0,0,0,0,0,0,0,0,0.000250501,0,0,0,0,0
ASV11166,0,0,0,0,0,0,0.000254655,0,0,0,0,0,0,0,0,0,0,0,0,0,0,0,0,0,0,0,0,0,0,0,0,0,0,0,0,0,0
ASV18135,0,0,0,0,0,0,0,0,0,0,0,0,0,0,0,0,0,0,0,0,0,0,0,0,0,0,0,0,0.000256257,0,0,0,0,0,0,0,0
ASV17763,0,0,0,0,0,0,0,0,0,0,0,0,0,0,0,0,0,0,0,0,0,0.000259336,0,0,0,0,0,0,0,0,0,0,0,0,0,0,0
ASV17764,0,0,0,0,0,0,0,0,0,0,0,0,0,0,0,0,0,0,0,0,0,0.000259336,0,0,0,0,0,0,0,0,0,0,0,0,0,0,0
ASV17771,0,0,0,0,0,0,0,0,0,0,0,0,0,0,0,0,0,0,0,0,0,0.000259336,0,0,0,0,0,0,0,0,0,0,0,0,0,0,0
ASV13496,0,0,0,0,0,0,0,0,0,0,0,0,0,0,0,0,0,0,0,0,0,0,0,0,0,0,0,0,0,0,0,0,0,0,0,0,0.000260926
ASV13486,0,0,0,0,0,0,0,0,0,0,0,0,0,0,0,0,0,0,0,0,0,0,0,0,0,0,0,0,0,0,0,0,0,0,0,0,0.000260926
ASV5475,0,0,0,0.000262482,0,0,0,0,0,0,0,0,0,0,0,0,0,0,0,0,0,0,0,0,0,0,0,0,0,0,0,0,0,0,0,0,0
ASV4076,0,0,0,0,0,0,0,0,0,0,0,0,0,0,0,0,0,0,0,0,0,0,0,0,0,0.000264568,0,0,0,0,0,0,0,0,0,0,0
ASV9824,0,0,0,0,0,0,0,0,0,0,0,0,0,0,0,0,0,0,0,0,0,0,0,0,0,0,0,0,0,0.000267003,0,0,0,0,0,0,0
ASV8420,0,0,0,0,0,0,0,0.000273229,0,0,0,0,0,0,0,0,0,0,0,0,0,0,0,0,0,0,0,0,0,0,0,0,0,0,0,0,0
ASV14171,0,0,0,0,0,0,0,0,0,0,0,0,0,0.000275877,0,0,0,0,0,0,0,0,0,0,0,0,0,0,0,0,0,0,0,0,0,0,0
ASV16125,0,0,0,0,0,0,0,0,0,0,0,0,0,0,0,0,0,0,0,0,0,0,0,0,0,0,0,0,0,0,0.000276568,0,0,0,0,0,0
ASV16099,0,0,0,0,0,0,0,0,0,0,0,0,0,0,0,0,0,0,0,0,0,0,0,0,0,0,0,0,0,0,0.000276568,0,0,0,0,0,0
ASV15657,0,0,0,0,0,0,0,0,0,0,0,0,0,0,0,0,0.000281353,0,0,0,0,0,0,0,0,0,0,0,0,0,0,0,0,0,0,0,0
ASV10647,0,0,0,0,0,0,0,0,0.000282362,0,0,0,0,0,0,0,0,0,0,0,0,0,0,0,0,0,0,0,0,0,0,0,0,0,0,0,0
ASV6030,0,0,0,0.000284355,0,0,0,0,0,0,0,0,0,0,0,0,0,0,0,0,0,0,0,0,0,0,0,0,0,0,0,0,0,0,0,0,0
ASV6028,0,0,0,0.000284355,0,0,0,0,0,0,0,0,0,0,0,0,0,0,0,0,0,0,0,0,0,0,0,0,0,0,0,0,0,0,0,0,0
ASV6013,0,0,0.000287999,0,0,0,0,0,0,0,0,0,0,0,0,0,0,0,0,0,0,0,0,0,0,0,0,0,0,0,0,0,0,0,0,0,0
ASV4240,0,0,0.000287999,0,0,0,0,0,0,0,0,0,0,0,0,0,0,0,0,0,0,0,0,0,0,0,0,0,0,0,0,0,0,0,0,0,0
ASV3599,0,0,0,0,0.000292367,0,0,0,0,0,0,0,0,0,0,0,0,0,0,0,0,0,0,0,0,0,0,0,0,0,0,0,0,0,0,0,0
ASV5280,0,0,0,0,0.000292367,0,0,0,0,0,0,0,0,0,0,0,0,0,0,0,0,0,0,0,0,0,0,0,0,0,0,0,0,0,0,0,0
ASV6262,0,0,0,0,0,0,0,0,0,0,0,0,0,0,0,0,0,0,0,0,0,0,0,0,0,0,0,0,0,0,0,0,0.000292751,0,0,0,0
ASV7666,0,0,0,0,0,0,0,0,0,0,0.000296736,0,0,0,0,0,0,0,0,0,0,0,0,0,0,0,0,0,0,0,0,0,0,0,0,0,0
ASV6662,0,0,0,0,0,0,0,0,0,0,0,0,0,0,0,0,0,0,0,0,0,0,0,0,0,0,0,0,0,0,0,0,0,0,0,0.000297495,0
ASV5121,0,0,0.000299076,0,0,0,0,0,0,0,0,0,0,0,0,0,0,0,0,0,0,0,0,0,0,0,0,0,0,0,0,0,0,0,0,0,0
ASV5904,0,0,0.000299076,0,0,0,0,0,0,0,0,0,0,0,0,0,0,0,0,0,0,0,0,0,0,0,0,0,0,0,0,0,0,0,0,0,0
ASV12127,0,0,0,0,0,0,0,0,0,0,0,0,0.000300972,0,0,0,0,0,0,0,0,0,0,0,0,0,0,0,0,0,0,0,0,0,0,0,0
ASV5208,0,0,0,0,0.000301226,0,0,0,0,0,0,0,0,0,0,0,0,0,0,0,0,0,0,0,0,0,0,0,0,0,0,0,0,0,0,0,0
ASV5207,0,0,0,0,0.000301226,0,0,0,0,0,0,0,0,0,0,0,0,0,0,0,0,0,0,0,0,0,0,0,0,0,0,0,0,0,0,0,0
ASV8177,0,0,0,0,0,0,0,0,0,0,0,0,0,0,0,0,0,0,0,0,0,0,0,0,0,0,0,0.000306448,0,0,0,0,0,0,0,0,0
ASV5786,0,0,0.000310153,0,0,0,0,0,0,0,0,0,0,0,0,0,0,0,0,0,0,0,0,0,0,0,0,0,0,0,0,0,0,0,0,0,0
ASV7854,0,0,0,0,0,0,0,0.000312262,0,0,0,0,0,0,0,0,0,0,0,0,0,0,0,0,0,0,0,0,0,0,0,0,0,0,0,0,0
ASV2681,0,0,0,0,0,0,0,0,0,0,0,0,0,0,0,0,0,0,0.000323353,0,0,0,0,0,0,0,0,0,0,0,0,0,0,0,0,0,0
ASV14309,0,0,0,0,0,0,0,0,0,0,0,0,0,0,0,0,0,0,0.000323353,0,0,0,0,0,0,0,0,0,0,0,0,0,0,0,0,0,0
ASV7474,0,0,0,0,0,0,0,0,0,0,0,0,0,0,0,0,0,0,0.000323353,0,0,0,0,0,0,0,0,0,0,0,0,0,0,0,0,0,0
ASV14490,0,0,0,0,0,0,0,0,0,0,0,0,0,0,0,0,0,0,0,0,0,0,0,0,0,0.00033071,0,0,0,0,0,0,0,0,0,0,0
ASV5474,0,0,0,0.000339039,0,0,0,0,0,0,0,0,0,0,0,0,0,0,0,0,0,0,0,0,0,0,0,0,0,0,0,0,0,0,0,0,0
ASV5312,0,0,0,0,0,0.000052956,0,0,0,0,0,0,0,0,0,0,0,0,0.000194012,9.28103E-05,0,0,0,0,0,0,0,0,0,0,0,0,0,0,0,0,0
ASV6761,0,0,0,0,0,0,0,0,0,0,0,0,0,0,0,0,0,0,0,0,0,0,0,0,0,0,0,0,0,0.000339822,0,0,0,0,0,0,0
ASV16064,0,0,0,0,0,0,0,0,0,0,0,0,0,0,0,0,0,0,0,0,0,0,0,0,0,0,0,0,0.000341676,0,0,0,0,0,0,0,0
ASV5464,0,0,0.000343384,0,0,0,0,0,0,0,0,0,0,0,0,0,0,0,0,0,0,0,0,0,0,0,0,0,0,0,0,0,0,0,0,0,0
ASV4835,0,0,0,0,0.000345524,0,0,0,0,0,0,0,0,0,0,0,0,0,0,0,0,0,0,0,0,0,0,0,0,0,0,0,0,0,0,0,0
ASV14597,0,0,0,0,0,0,0,0,0,0,0,0,0,0,0,0,0,0,0,0,0,0,0,0,0,0,0,0,0,0,0.00034571,0,0,0,0,0,0
ASV10387,0,0,0,0,0,0,0,0,0,0,0,0,0,0,0,0,0,0,0,0,0,0,0,0,0,0,0,0,0,0,0,0,0,0,0.000345961,0,0
ASV11666,0,0,0,0,0,0,0,0,0,0,0,0,0,0,0,0,0,0,0,0,0,0,0,0,0,0,0,0,0,0,0,0,0,0,0,0,0.000347902
ASV11662,0,0,0,0,0,0,0,0,0,0,0,0,0,0,0,0,0,0,0,0,0,0,0,0,0,0,0,0,0,0,0,0,0,0,0,0,0.000347902
ASV5375,0,0,0.000354461,0,0,0,0,0,0,0,0,0,0,0,0,0,0,0,0,0,0,0,0,0,0,0,0,0,0,0,0,0,0,0,0,0,0
ASV11386,0,0,0,0,0,0,0,0,0,0,0,0,0,0,0.000355872,0,0,0,0,0,0,0,0,0,0,0,0,0,0,0,0,0,0,0,0,0,0
ASV1235,0,0,0,0,0,0,0,0,0,0,0.000356083,0,0,0,0,0,0,0,0,0,0,0,0,0,0,0,0,0,0,0,0,0,0,0,0,0,0
ASV12476,0,0,0,0,0,0,0,0,0,0,0,0,0,0,0,0,0,0,0,0,0,0,0,0,0,0,0,0,0,0,0,0,0,0.000364488,0,0,0
ASV12469,0,0,0,0,0,0,0,0,0,0,0,0,0,0,0,0,0,0,0,0,0,0,0,0,0,0,0,0,0,0,0,0,0,0.000364488,0,0,0
ASV14383,0,0,0,0,0,0,0,0,0,0,0,0,0,0,0,0,0,0,0,0,0,0,0.00036665,0,0,0,0,0,0,0,0,0,0,0,0,0,0
ASV8222,0,0,0,0,0,0,0,0,0,0,0,0,0,0,0,0,0,0,0,0,0,0,0.00036665,0,0,0,0,0,0,0,0,0,0,0,0,0,0
ASV14380,0,0,0,0,0,0,0,0,0,0,0,0,0,0,0,0,0,0,0,0,0,0,0.00036665,0,0,0,0,0,0,0,0,0,0,0,0,0,0
ASV4105,0,0,0,0,0,0.000370692,0,0,0,0,0,0,0,0,0,0,0,0,0,0,0,0,0,0,0,0,0,0,0,0,0,0,0,0,0,0,0
ASV9301,0,0,0,0,0,0,0,0,0,0,0,0,0,0,0,0,0,0,0,0.000371241,0,0,0,0,0,0,0,0,0,0,0,0,0,0,0,0,0
ASV2660,0,0,0,0,0,0,0,0,0,0.000376488,0,0,0,0,0,0,0,0,0,0,0,0,0,0,0,0,0,0,0,0,0,0,0,0,0,0,0
ASV107,0,0,0,0,0,0,0,0,0,0,0,0,0,0,0,0,0,0,0,0,0,0,0,0,0,0,0,0,0,0,0,0,0,0,0.000380557,0,0
ASV4567,0,0,0,0,0.000380963,0,0,0,0,0,0,0,0,0,0,0,0,0,0,0,0,0,0,0,0,0,0,0,0,0,0,0,0,0,0,0,0
ASV10720,0,0,0,0,0,0,0,0,0,0,0,0,0.000386964,0,0,0,0,0,0,0,0,0,0,0,0,0,0,0,0,0,0,0,0,0,0,0,0
ASV13129,0,0,0,0,0,0,0,0,0,0,0,0,0,0,0,0,0,0,0.000388023,0,0,0,0,0,0,0,0,0,0,0,0,0,0,0,0,0,0
ASV13128,0,0,0,0,0,0,0,0,0,0,0,0,0,0,0,0,0,0,0.000388023,0,0,0,0,0,0,0,0,0,0,0,0,0,0,0,0,0,0
ASV8013,0,0,0,0,0,0,0,0,0,0,0,0,0,0,0,0,0,0,0,0,0,0,0,0,0,0,0,0,0,0.000388368,0,0,0,0,0,0,0
ASV6999,0,0,0,0,0,0,0,0.000390328,0,0,0,0,0,0,0,0,0,0,0,0,0,0,0,0,0,0,0,0,0,0,0,0,0,0,0,0,0
ASV9732,0,0,0,0,0,0,0,0,0,0,0,0,0,0,0,0,0,0.000390778,0,0,0,0,0,0,0,0,0,0,0,0,0,0,0,0,0,0,0
ASV10978,0,0,0,0,0,0,0,0,0,0,0,0,0,0,0,0,0,0,0,0,0,0,0,0,0,0,0,0,0,0,0,0,0,0,0,0,0.000391389
ASV5062,0,0,0,0.000393722,0,0,0,0,0,0,0,0,0,0,0,0,0,0,0,0,0,0,0,0,0,0,0,0,0,0,0,0,0,0,0,0,0
ASV13277,0,0,0,0,0,0,0,0,0,0,0,0,0,0,0,0,0,0,0,0,0,0,0,0,0,0.000396852,0,0,0,0,0,0,0,0,0,0,0
ASV3995,0,0,0.000398768,0,0,0,0,0,0,0,0,0,0,0,0,0,0,0,0,0,0,0,0,0,0,0,0,0,0,0,0,0,0,0,0,0,0
ASV4915,0,0,0,0,0,0.000402466,0,0,0,0,0,0,0,0,0,0,0,0,0,0,0,0,0,0,0,0,0,0,0,0,0,0,0,0,0,0,0
ASV6002,0,0,0,0,0,0,0,0,0,0,0,0,0,0,0,0,0,0,0,0,0,0,0,0,0,0,0,0,0,0,0,0,0.000402532,0,0,0,0
ASV13297,0,0,0,0,0,0,0,0,0,0,0,0,0,0,0,0,0,0,0,0,0,0,0,0,0,0,0.000407083,0,0,0,0,0,0,0,0,0,0
ASV4266,0,0,0,0,0,0,0,0,0.000407856,0,0,0,0,0,0,0,0,0,0,0,0,0,0,0,0,0,0,0,0,0,0,0,0,0,0,0,0
ASV13363,0,0,0,0,0,0,0,0,0,0,0,0,0,0,0,0,0,0,0,0,0,0,0,0,0,0,0,0,0,0,0.000414852,0,0,0,0,0,0
ASV13180,0,0,0,0,0,0,0,0,0,0,0,0,0,0,0,0,0,0,0,0,0.000415714,0,0,0,0,0,0,0,0,0,0,0,0,0,0,0,0
ASV4648,0,0,0,0,0,0,0,0,0,0,0,0,0,0,0,0,0,0,0,0,0,0,0,0,0,0,0,0,0,0,0,0,0,0,0,0.000416493,0
ASV4506,0,0,0,0.000426533,0,0,0,0,0,0,0,0,0,0,0,0,0,0,0,0,0,0,0,0,0,0,0,0,0,0,0,0,0,0,0,0,0
ASV14555,0,0,0,0,0,0,0,0,0,0,0,0,0,0,0,0,0,0,0,0,0,0,0,0,0,0,0,0,0.000427095,0,0,0,0,0,0,0,0
ASV10390,0,0,0,0,0,0,0,0,0,0,0,0,0,0,0,0,0,0,0,0,0,0,0,0,0,0,0,0,0,0,0,0,0,0,0,0,0.000434877
ASV10143,0,0,0,0,0,0,0,0,0,0,0,0.000168762,0,0,0.000266904,0,0,0,0,0,0,0,0,0,0,0,0,0,0,0,0,0,0,0,0,0,0
ASV1683,0,0,0.000454153,0,0,0,0,0,0,0,0,0,0,0,0,0,0,0,0,0,0,0,0,0,0,0,0,0,0,0,0,0,0,0,0,0,0
ASV4445,0,0,0,0,9.74555E-05,0.000360101,0,0,0,0,0,0,0,0,0,0,0,0,0,0,0,0,0,0,0,0,0,0,0,0,0,0,0,0,0,0,0
ASV12316,0,0,0,0,0,0,0,0,0,0,0,0,0,0,0,0,0,0,0,0,0,0,0,0,0,0.000462994,0,0,0,0,0,0,0,0,0,0,0
ASV9714,0,0,0,0,0,0,0,0,0,0,0,0,0,0,0,0.000463705,0,0,0,0,0,0,0,0,0,0,0,0,0,0,0,0,0,0,0,0,0
ASV9719,0,0,0,0,0,0,0,0,0,0,0,0,0,0,0,0.000463705,0,0,0,0,0,0,0,0,0,0,0,0,0,0,0,0,0,0,0,0,0
ASV9716,0,0,0,0,0,0,0,0,0,0,0,0,0,0,0,0.000463705,0,0,0,0,0,0,0,0,0,0,0,0,0,0,0,0,0,0,0,0,0
ASV9668,0,0,0,0,0,0,0,0,0,0,0,0.000464096,0,0,0,0,0,0,0,0,0,0,0,0,0,0,0,0,0,0,0,0,0,0,0,0,0
ASV3824,0,0,0,0,0,0.000466013,0,0,0,0,0,0,0,0,0,0,0,0,0,0,0,0,0,0,0,0,0,0,0,0,0,0,0,0,0,0,0
ASV6303,0,0,0,0,0,0,0,0.000468393,0,0,0,0,0,0,0,0,0,0,0,0,0,0,0,0,0,0,0,0,0,0,0,0,0,0,0,0,0
ASV3378,0,0,0,0,0.000469558,0,0,0,0,0,0,0,0,0,0,0,0,0,0,0,0,0,0,0,0,0,0,0,0,0,0,0,0,0,0,0,0
ASV5737,0,0,0,0,0,0,0,0,0,0.00047061,0,0,0,0,0,0,0,0,0,0,0,0,0,0,0,0,0,0,0,0,0,0,0,0,0,0,0
ASV9689,0,0,0,0,0,0,0,0,0,0,0,0,0.000472956,0,0,0,0,0,0,0,0,0,0,0,0,0,0,0,0,0,0,0,0,0,0,0,0
ASV1298,0,0,0,0,0,0,0,0,0,0,0.000474777,0,0,0,0,0,0,0,0,0,0,0,0,0,0,0,0,0,0,0,0,0,0,0,0,0,0
ASV12336,0,0,0,0,0,0,0,0,0,0,0,0,0,0,0,0,0,0,0,0,0,0,0,0,0,0,0.00047493,0,0,0,0,0,0,0,0,0,0
ASV12346,0,0,0,0,0,0,0,0,0,0,0,0,0,0,0,0,0,0,0,0,0,0,0,0,0,0,0.00047493,0,0,0,0,0,0,0,0,0,0
ASV5547,0,0,0,0,0,0,0,0,0,0,0,0,0,0,0,0,0,0,0,0,0,0,0,0,0,0,0.00047493,0,0,0,0,0,0,0,0,0,0
ASV6837,0,0,0,0,0,0,0.000477479,0,0,0,0,0,0,0,0,0,0,0,0,0,0,0,0,0,0,0,0,0,0,0,0,0,0,0,0,0,0
ASV2594,0,0,0,0,0,0,0,0,0,0,0,0,0,0,0,0,0,0,0,0,0,0,0,0,0,0,0,0,0,0,0.000483994,0,0,0,0,0,0
ASV12392,0,0,0,0,0,0,0,0,0,0,0,0,0,0,0,0,0,0,0,0,0,0,0,0,0,0,0,0,0,0,0.000483994,0,0,0,0,0,0
ASV11550,0,0,0,0,0,0,0,0,0,0,0,0,0,0,0,0,0,0,0,0,0,0,0,0,0,0,0,0.000490316,0,0,0,0,0,0,0,0,0
ASV7060,0,0,0,0,0,0,0,0,0,0,0,0,0,0.000220702,0,0,0,0,0,0,0,0,0,0,0,0,0.000271389,0,0,0,0,0,0,0,0,0,0
ASV3869,0,0,0,0,0.000504997,0,0,0,0,0,0,0,0,0,0,0,0,0,0,0,0,0,0,0,0,0,0,0,0,0,0,0,0,0,0,0,0
ASV6042,0,0,0,0,0,0,0,0.000507426,0,0,0,0,0,0,0,0,0,0,0,0,0,0,0,0,0,0,0,0,0,0,0,0,0,0,0,0,0
ASV7845,0,0,0,0,0,0,0.000509311,0,0,0,0,0,0,0,0,0,0,0,0,0,0,0,0,0,0,0,0,0,0,0,0,0,0,0,0,0,0
ASV7866,0,0,0,0,0,0,0,0.000234197,0,0,0,0,0,0,0,0,0,0,0,0,0,0,0,0,0,0,0,0,0,0,0.000276568,0,0,0,0,0,0
ASV3822,0,0,0,0,0.000513856,0,0,0,0,0,0,0,0,0,0,0,0,0,0,0,0,0,0,0,0,0,0,0,0,0,0,0,0,0,0,0,0
ASV5827,0,0,0,0,0.000159473,0,0,0,0,0,0,0,0,0,0,0,0,0.000355252,0,0,0,0,0,0,0,0,0,0,0,0,0,0,0,0,0,0,0
ASV9643,0,0,0,0,0,0,0,0,0,0.000517671,0,0,0,0,0,0,0,0,0,0,0,0,0,0,0,0,0,0,0,0,0,0,0,0,0,0,0
ASV9421,0,0,0,0,0,0,0,0,0,0,0,0,0,0,0,0,0,0,0,0,0,0,0,0,0,0,0,0,0,0,0,0,0,0,0,0,0.000521853
ASV7649,0,0,0,0,0,0,0,0,0.00053335,0,0,0,0,0,0,0,0,0,0,0,0,0,0,0,0,0,0,0,0,0,0,0,0,0,0,0,0
ASV10977,0,0,0,0,0,0,0,0,0,0,0,0,0,0,0,0,0,0,0,0,0,0,0,0,0,0,0,0,0,0,0,0,0,0,0,0.000535491,0
ASV3701,0,0,0,0,0.000540435,0,0,0,0,0,0,0,0,0,0,0,0,0,0,0,0,0,0,0,0,0,0,0,0,0,0,0,0,0,0,0,0
ASV1532,0,0,0,0,0,0,0,0,0,0,0,0,0,0,0,0,0,0,0,0,0,0,0,0,0,0,0.000542778,0,0,0,0,0,0,0,0,0,0
ASV8882,0,0,0,0,0,0,0,0,0,0,0,0,0,0,0,0.000548015,0,0,0,0,0,0,0,0,0,0,0,0,0,0,0,0,0,0,0,0,0
ASV10895,0,0,0,0,0,0,0,0,0,0,0,0,0,0,0,0,0,0,0,0,0,0,0,0,0,0,0,0.000551606,0,0,0,0,0,0,0,0,0
ASV4702,0.00055665,0,0,0,0,0,0,0,0,0,0,0,0,0,0,0,0,0,0,0,0,0,0,0,0,0,0,0,0,0,0,0,0,0,0,0,0
ASV5264,0,0,0,0,0,0,0,0,0,0,0,0,0,0,0,0,0,0,0,0,0,0,0,0,0,0,0,0,0,0.00055828,0,0,0,0,0,0,0
ASV10937,0,0,0,0,0,0,0,0,0,0,0,0,0,0,0,0,0,0,0,0,0,0,0,0,0,0,0,0,0,0,0,0.000563627,0,0,0,0,0
ASV9219,0,0,0,0,0,0,0,0,0,0.000564732,0,0,0,0,0,0,0,0,0,0,0,0,0,0,0,0,0,0,0,0,0,0,0,0,0,0,0
ASV2999,0,0,0,0,0,0,0,0.000565975,0,0,0,0,0,0,0,0,0,0,0,0,0,0,0,0,0,0,0,0,0,0,0,0,0,0,0,0,0
ASV2708,0,0,0,0,0.000567014,0,0,0,0,0,0,0,0,0,0,0,0,0,0,0,0,0,0,0,0,0,0,0,0,0,0,0,0,0,0,0,0
ASV12262,0,0,0,0,0,0,0,0,0,0,0,0,0,0,0,0,0,0,0,0,0,0,0,0.000569847,0,0,0,0,0,0,0,0,0,0,0,0,0
ASV4001,0,0,0,0,0,0.000571925,0,0,0,0,0,0,0,0,0,0,0,0,0,0,0,0,0,0,0,0,0,0,0,0,0,0,0,0,0,0,0
ASV4095,0,0,0.000575999,0,0,0,0,0,0,0,0,0,0,0,0,0,0,0,0,0,0,0,0,0,0,0,0,0,0,0,0,0,0,0,0,0,0
ASV1656,0,0,0,0.000579647,0,0,0,0,0,0,0,0,0,0,0,0,0,0,0,0,0,0,0,0,0,0,0,0,0,0,0,0,0,0,0,0,0
ASV2431,0,0,0,0,0,0,0,0,0,0,0,0,0,0,0,0,0,0,0.000582035,0,0,0,0,0,0,0,0,0,0,0,0,0,0,0,0,0,0
ASV8031,0,0,0,0,0,0,0,0,0,0,0,0,0,0,0,0,0,0,0,0,0,0,0,0,0,0,0,0,0,0,0,0,0.000585502,0,0,0,0
ASV11458,0,0,0,0,0,0,0,0,0,0,0,0,0,0,0,0,0,0,0,0,0,0,0.000586639,0,0,0,0,0,0,0,0,0,0,0,0,0,0
ASV11453,0,0,0,0,0,0,0,0,0,0,0,0,0,0,0,0,0,0,0,0,0,0,0.000586639,0,0,0,0,0,0,0,0,0,0,0,0,0,0
ASV8515,0,0,0,0,0,0,0,0,0,0,0,0.000590667,0,0,0,0,0,0,0,0,0,0,0,0,0,0,0,0,0,0,0,0,0,0,0,0,0
ASV10134,0,0,0,0,0,0,0,0,0,0,0.000593472,0,0,0,0,0,0,0,0,0,0,0,0,0,0,0,0,0,0,0,0,0,0,0,0,0,0
ASV3453,0,0,0,0,0.000602452,0,0,0,0,0,0,0,0,0,0,0,0,0,0,0,0,0,0,0,0,0,0,0,0,0,0,0,0,0,0,0,0
ASV694,0,0,0,0,0,0,0,0,0,0,0,0,0,0,0,0,0,0,0,0,0,0,0,0,0,0,0.000610625,0,0,0,0,0,0,0,0,0,0
ASV10878,0,0,0,0,0,0,0,0,0,0,0,0,0,0,0,0,0,0,0,0,0,0,0,0,0,0,0.000610625,0,0,0,0,0,0,0,0,0,0
ASV861,0,0,0,0.000612457,0,0,0,0,0,0,0,0,0,0,0,0,0,0,0,0,0,0,0,0,0,0,0,0,0,0,0,0,0,0,0,0,0
ASV10311,0,0,0,0,0,0,0,0,0,0,0,0,0,0,0,0,0,0,0,0,0,0,0,0,0,0,0,0.000612895,0,0,0,0,0,0,0,0,0
ASV3228,0,0,0.000620306,0,0,0,0,0,0,0,0,0,0,0,0,0,0,0,0,0,0,0,0,0,0,0,0,0,0,0,0,0,0,0,0,0,0
ASV9405,0,0,0,0,0,0,0,0,0,0,0,0,0,0,0,0,0,0,0,0,0,0,0,0,0,0,0,0,0,0,0,0,0,0.000624837,0,0,0
ASV1782,0,0,0,0,0,0,0,0,0,0,0,0.000632858,0,0,0,0,0,0,0,0,0,0,0,0,0,0,0,0,0,0,0,0,0,0,0,0,0
ASV10756,0,0,0,0,0,0,0,0,0,0,0,0,0,0,0,0,0.000633045,0,0,0,0,0,0,0,0,0,0,0,0,0,0,0,0,0,0,0,0
ASV4579,0,0,0,0.000393722,0,0,0,0,0,0,0,0,0,0,0,0,0,0,0,0,0,0,0,0,0,0,0,0,0,0,0,0,0,0,0.000242173,0,0
ASV6992,0,0,0,0,0,0,0.000636639,0,0,0,0,0,0,0,0,0,0,0,0,0,0,0,0,0,0,0,0,0,0,0,0,0,0,0,0,0,0
ASV3381,0,0,0.00064246,0,0,0,0,0,0,0,0,0,0,0,0,0,0,0,0,0,0,0,0,0,0,0,0,0,0,0,0,0,0,0,0,0,0
ASV10203,0,0,0,0,0,0,0,0,0,0,0,0,0,0,0,0,0,0,0.000646705,0,0,0,0,0,0,0,0,0,0,0,0,0,0,0,0,0,0
ASV9661,0,0,0,0,0,0,0,0,0,0,0.000652819,0,0,0,0,0,0,0,0,0,0,0,0,0,0,0,0,0,0,0,0,0,0,0,0,0,0
ASV3315,0,0,0,0,0,0.000656654,0,0,0,0,0,0,0,0,0,0,0,0,0,0,0,0,0,0,0,0,0,0,0,0,0,0,0,0,0,0,0
ASV10278,0,0,0,0,0,0,0,0,0,0,0,0,0,0,0,0,0,0,0,0,0,0,0,0,0,0.000661419,0,0,0,0,0,0,0,0,0,0,0
ASV10277,0,0,0,0,0,0,0,0,0,0,0,0,0,0,0,0,0,0,0,0,0,0,0,0,0,0.000661419,0,0,0,0,0,0,0,0,0,0,0
ASV9264,0,0,0,0,0,0,0,0,0,0,0,0,0,0.000662105,0,0,0,0,0,0,0,0,0,0,0,0,0,0,0,0,0,0,0,0,0,0,0
ASV3230,0,0,0,0,0.000673329,0,0,0,0,0,0,0,0,0,0,0,0,0,0,0,0,0,0,0,0,0,0,0,0,0,0,0,0,0,0,0,0
ASV4584,0,0,0,0,0,0,0,0,0,0,0,0,0,0,0,0,0,0,0,0,0,0,0,0,0,0,0,0.000674185,0,0,0,0,0,0,0,0,0
ASV7926,0,0,0,0,0,0,0,0,0,0,0,0.000675049,0,0,0,0,0,0,0,0,0,0,0,0,0,0,0,0,0,0,0,0,0,0,0,0,0
ASV1286,0,0,0,0,0,0,0,0,0,0,0,0,0,0,0,0,0,0,0,0,0,0,0,0,0,0,0,0,0,0,0,0,0,0.000676907,0,0,0
ASV9333,0,0,0,0,0,0,0,0,0,0,0,0,0,0,0,0,0,0,0,0,0,0,0,0,0.000682555,0,0,0,0,0,0,0,0,0,0,0,0
ASV11552,0,0,0,0,0,0,0,0,0,0,0,0,0,0,0,0,0,0,0,0,0,0,0,0,0,0,0,0,0.000683352,0,0,0,0,0,0,0,0
ASV3666,0,0,0.000686768,0,0,0,0,0,0,0,0,0,0,0,0,0,0,0,0,0,0,0,0,0,0,0,0,0,0,0,0,0,0,0,0,0,0
ASV3181,0,0,0,0,0.000691048,0,0,0,0,0,0,0,0,0,0,0,0,0,0,0,0,0,0,0,0,0,0,0,0,0,0,0,0,0,0,0,0
ASV6491,0,0,0,0,0,0,0,0,0,0,0,0,0,0,0,0,0,0,0,0,0.000692857,0,0,0,0,0,0,0,0,0,0,0,0,0,0,0,0
ASV4778,0,0,0,0,0.000283507,0,0,0,0,0,0,0,0,0,0,0,0,0,0,0,0,0,0,0,0,0,0,0,0,0,0,0,0,0.000416558,0,0,0
ASV6644,0,0,0,0,0,0,0.000700302,0,0,0,0,0,0,0,0,0,0,0,0,0,0,0,0,0,0,0,0,0,0,0,0,0,0,0,0,0,0
ASV10194,0,0,0,0,0,0,0,0,0,0,0,0,0,0,0,0,0.000703383,0,0,0,0,0,0,0,0,0,0,0,0,0,0,0,0,0,0,0,0
ASV2569,0,0,0.000708921,0,0,0,0,0,0,0,0,0,0,0,0,0,0,0,0,0,0,0,0,0,0,0,0,0,0,0,0,0,0,0,0,0,0
ASV7942,0,0,0,0,0,0,0,0,0,0,0,0,0,0,0.000711744,0,0,0,0,0,0,0,0,0,0,0,0,0,0,0,0,0,0,0,0,0,0
ASV9243,0,0,0,0,0,0,0,0,0,0,0.000712166,0,0,0,0,0,0,0,0,0,0,0,0,0,0,0,0,0,0,0,0,0,0,0,0,0,0
ASV9241,0,0,0,0,0,0,0,0,0,0,0.000712166,0,0,0,0,0,0,0,0,0,0,0,0,0,0,0,0,0,0,0,0,0,0,0,0,0,0
ASV6505,0,0,0,0,0,0,0,0,0.000721591,0,0,0,0,0,0,0,0,0,0,0,0,0,0,0,0,0,0,0,0,0,0,0,0,0,0,0,0
ASV7093,0,0,0,0,0,0,0,0,0,0,0,0,0,0,0,0,0,0,0,0,0,0,0,0,0,0.000727561,0,0,0,0,0,0,0,0,0,0,0
ASV3521,0,0,0.000731075,0,0,0,0,0,0,0,0,0,0,0,0,0,0,0,0,0,0,0,0,0,0,0,0,0,0,0,0,0,0,0,0,0,0
ASV7118,0,0,0,0,0,0,0,0,0,0,0,0,0,0,0,0,0,0,0,0,0,0,0,0,0,0,0,0,0,0,0,0,0.000731877,0,0,0,0
ASV6456,0,0,0,0,0,0,0.000732134,0,0,0,0,0,0,0,0,0,0,0,0,0,0,0,0,0,0,0,0,0,0,0,0,0,0,0,0,0,0
ASV4686,0,0,0,0,0,0,0,0,0,0,0,0,0,0,0,0,0,0,0,0,0,0,0,0.00073266,0,0,0,0,0,0,0,0,0,0,0,0,0
ASV3527,0,0,0,0,0,0,0,0.000741623,0,0,0,0,0,0,0,0,0,0,0,0,0,0,0,0,0,0,0,0,0,0,0,0,0,0,0,0,0
ASV3485,0,0,0.000742152,0,0,0,0,0,0,0,0,0,0,0,0,0,0,0,0,0,0,0,0,0,0,0,0,0,0,0,0,0,0,0,0,0,0
ASV5549,0,0,0,0,0,0,0,0,0,0,0,0,0,0,0,0,0,0,0,0,0,0,0,0,0,0,0,0,0,0.000752464,0,0,0,0,0,0,0
ASV7687,0,0,0,0,0,0,0,0,0,0,0,0,0,0,0.000756228,0,0,0,0,0,0,0,0,0,0,0,0,0,0,0,0,0,0,0,0,0,0
ASV3829,0,0,0,0,0.000310086,0,0,0,0,0,0,0,0,0,0,0,0,0,0,0,0,0,0,0,0,0,0,0,0,0,0,0,0,0,0.000449749,0,0
ASV2679,0,0,0,0,0,0,0,0,0,0,0,0,0,0,0,0,0,0,0,0,0,0,0,0,0,0,0,0,0,0,0,0,0.000768471,0,0,0,0
ASV10899,0,0,0,0,0,0,0,0,0,0,0,0,0,0,0,0,0,0,0,0,0,0,0,0,0,0,0,0,0.000768771,0,0,0,0,0,0,0,0
ASV5940,0,0,0,0,0,0.000105912,0,0,0,0,0,0,0,0,0,0,7.03383E-05,0,0,0,0,0.000605118,0,0,0,0,0,0,0,0,0,0,0,0,0,0,0
ASV2272,0,0,0,0.000787445,0,0,0,0,0,0,0,0,0,0,0,0,0,0,0,0,0,0,0,0,0,0,0,0,0,0,0,0,0,0,0,0,0
ASV5508,0,0,0,0,0,0,0,0,0,0.000800038,0,0,0,0,0,0,0,0,0,0,0,0,0,0,0,0,0,0,0,0,0,0,0,0,0,0,0
ASV7466,0,0,0,0,0,0,0,0,0,0,0,0,0,0,0.000800712,0,0,0,0,0,0,0,0,0,0,0,0,0,0,0,0,0,0,0,0,0,0
ASV7467,0,0,0,0,0,0,0,0,0,0,0,0,0,0,0.000800712,0,0,0,0,0,0,0,0,0,0,0,0,0,0,0,0,0,0,0,0,0,0
ASV7082,0,0,0,0,0,0,0,0,0,0,0,0,0,0,0,0,0,0,0,0,0,0,0.000806629,0,0,0,0,0,0,0,0,0,0,0,0,0,0
ASV1009,0,0,0,0,0.000044298,0,0,0,0,0,0.000771513,0,0,0,0,0,0,0,0,0,0,0,0,0,0,0,0,0,0,0,0,0,0,0,0,0,0
ASV6530,0,0,0,0,0,0,0,0,0,0,0,0,0,0,0,0,0,0.000817081,0,0,0,0,0,0,0,0,0,0,0,0,0,0,0,0,0,0,0
ASV2176,0,0,0.00081969,0,0,0,0,0,0,0,0,0,0,0,0,0,0,0,0,0,0,0,0,0,0,0,0,0,0,0,0,0,0,0,0,0,0
ASV3184,0,0,0,0,0,0.000826114,0,0,0,0,0,0,0,0,0,0,0,0,0,0,0,0,0,0,0,0,0,0,0,0,0,0,0,0,0,0,0
ASV6039,0,0,0,0,0,0,0.00082763,0,0,0,0,0,0,0,0,0,0,0,0,0,0,0,0,0,0,0,0,0,0,0,0,0,0,0,0,0,0
ASV1895,0,0,0,0,0,0.000836705,0,0,0,0,0,0,0,0,0,0,0,0,0,0,0,0,0,0,0,0,0,0,0,0,0,0,0,0,0,0,0
ASV4575,0,0,0,0,0,0,0,0.000839205,0,0,0,0,0,0,0,0,0,0,0,0,0,0,0,0,0,0,0,0,0,0,0,0,0,0,0,0,0
ASV6578,0,0,0,0,0,0,0,0,0,0,0,0,0,0,0,0,0,0,0,0,0,0,0,0,0,0,0,0,0,0,0,0,0.000841658,0,0,0,0
ASV7676,0,0,0,0,0,0,0,0,0,0,0,0,0.000472956,0,0,0,0,0,0,0,0,0,0,0,0,0,0,0,0,0,0,0.000375752,0,0,0,0,0
ASV2014,0,0,0,0.000864002,0,0,0,0,0,0,0,0,0,0,0,0,0,0,0,0,0,0,0,0,0,0,0,0,0,0,0,0,0,0,0,0,0
ASV6264,0,0,0,0,0,0,0,0,0,0,0,0,0,0,0,0,0,0,0,0,0,0,0,0,0,0,0,0,0,0,0,0,0,0,0.000864902,0,0
ASV5846,0,0,0,0,0,0,0,0,0.000878459,0,0,0,0,0,0,0,0,0,0,0,0,0,0,0,0,0,0,0,0,0,0,0,0,0,0,0,0
ASV2048,0,0,0,0,7.08767E-05,0,0,0,0,0,0,0,0,0,0,0,0,0,0,0,0,0,0,0.000814067,0,0,0,0,0,0,0,0,0,0,0,0,0
ASV6065,0,0,0,0,0,0,0.00015916,0,0,0,0,0,0,0,0,0,0,0,0,0,0,0,0,0,0,0,0,0,0,0,0,0,0,0,0.000726518,0,0
ASV2670,0,0,0,0,0.000885959,0,0,0,0,0,0,0,0,0,0,0,0,0,0,0,0,0,0,0,0,0,0,0,0,0,0,0,0,0,0,0,0
ASV6872,0,0,0,0,0,0,0,0,0,0,0,0.000886001,0,0,0,0,0,0,0,0,0,0,0,0,0,0,0,0,0,0,0,0,0,0,0,0,0
ASV1756,0,0,0,0,0.000894819,0,0,0,0,0,0,0,0,0,0,0,0,0,0,0,0,0,0,0,0,0,0,0,0,0,0,0,0,0,0,0,0
ASV5755,0,0,0,0,0,0,0,0,0,0,0,0,0,0,0,0,0,0,0,0.000897166,0,0,0,0,0,0,0,0,0,0,0,0,0,0,0,0,0
ASV4916,0,0,0,0,0,0.000105912,0.000795798,0,0,0,0,0,0,0,0,0,0,0,0,0,0,0,0,0,0,0,0,0,0,0,0,0,0,0,0,0,0
ASV2978,0,0,0,0,0,0.000910843,0,0,0,0,0,0,0,0,0,0,0,0,0,0,0,0,0,0,0,0,0,0,0,0,0,0,0,0,0,0,0
ASV1635,0,0,0,0,0,0.00044483,0,0,0,0,0,0,0,0,0,0,0,0,0,0,0,0,0,0,0,0,0,0,0.000341676,0,0,0,0,0,0.000138384,0,0
ASV5109,0,0,0,0,0,0,0,0,0,0,0,0,0,0,0,0,0,0,0,0,0,0,0,0,0,0.000925987,0,0,0,0,0,0,0,0,0,0,0
ASV2573,0,0,0,0,0.000930257,0,0,0,0,0,0,0,0,0,0,0,0,0,0,0,0,0,0,0,0,0,0,0,0,0,0,0,0,0,0,0,0
ASV2055,0,0,0.000930459,0,0,0,0,0,0,0,0,0,0,0,0,0,0,0,0,0,0,0,0,0,0,0,0,0,0,0,0,0,0,0,0,0,0
ASV2932,0,0,0,0,0,0.000932026,0,0,0,0,0,0,0,0,0,0,0,0,0,0,0,0,0,0,0,0,0,0,0,0,0,0,0,0,0,0,0
ASV7678,0,0,0,0,0,0,0,0,0,0,0,0,0.000257976,0,0,0,0,0,0,0,0,0,0,0,0,0,0,0,0,0,0,0.000688878,0,0,0,0,0
ASV9751,0,0,0,0,0,0,0,0,0,0,0,0,0,0,0,0,0,0,0,0,0,0.000950899,0,0,0,0,0,0,0,0,0,0,0,0,0,0,0
ASV8911,0,0,0,0,0,0,0,0,0,0,0,0,0,0,0,0,0,0,0,0,0,0,0.000953289,0,0,0,0,0,0,0,0,0,0,0,0,0,0
ASV204,0,0,0,0,0,0,0,0,0,0,0,0,0,0,0,0,0,0.000959181,0,0,0,0,0,0,0,0,0,0,0,0,0,0,0,0,0,0,0
ASV7712,0,0,0,0,0,0,0,0,0,0,0,0,0,0,0,0,0,0,0,0,0,0,0,0,0.000966953,0,0,0,0,0,0,0,0,0,0,0,0
ASV2477,0,0,0,0,0.000974555,0,0,0,0,0,0,0,0,0,0,0,0,0,0,0,0,0,0,0,0,0,0,0,0,0,0,0,0,0,0,0,0
ASV2931,0,0,0.000974767,0,0,0,0,0,0,0,0,0,0,0,0,0,0,0,0,0,0,0,0,0,0,0,0,0,0,0,0,0,0,0,0,0,0
ASV2987,0,0,0,0,0,0,0.000350151,0,0,0,0,0,0,0,0,0,0,0,0,0,0,0,0,0,0,0,0,0,0,0,0,0,0,0.000624837,0,0,0
ASV9325,0,0,0,0,0,0,0,0,0,0,0,0,0,0,0,0,0,0,0,0,0,0,0,0.00097688,0,0,0,0,0,0,0,0,0,0,0,0,0
ASV8572,0,0,0,0,0,0,0,0,0,0,0,0,0,0,0,0,0,0,0,0,0,0,0.001026619,0,0,0,0,0,0,0,0,0,0,0,0,0,0
ASV2367,0,0,0,0,0.001036572,0,0,0,0,0,0,0,0,0,0,0,0,0,0,0,0,0,0,0,0,0,0,0,0,0,0,0,0,0,0,0,0
ASV6892,0,0,0,0,0,0,0,0,0,0,0,0,0,0,0,0,0,0,0,0,0,0.001037344,0,0,0,0,0,0,0,0,0,0,0,0,0,0,0
ASV8257,0,0,0,0,0,0,0,0,0,0,0,0,0,0,0,0,0,0,0,0,0.001039285,0,0,0,0,0,0,0,0,0,0,0,0,0,0,0,0
ASV811,0,0,0,0,0,0,0.000350151,0,0,0,0,0,0,0,0,0,0,0,0,0,0,0.000691563,0,0,0,0,0,0,0,0,0,0,0,0,0,0,0
ASV4622,0,0,0,0,0,0,0,0,0,0,0,0,0,0,0,0,0,0,0,0,0,0,0,0,0,0,0,0,0,0.00104374,0,0,0,0,0,0,0
ASV7991,0,0,0,0,0,0,0,0,0,0,0,0,0,0,0,0,0,0,0,0,0,0,0,0,0,0.001058271,0,0,0,0,0,0,0,0,0,0,0
ASV5639,0,0,0,0,0,0,0,0,0,0,0,0,0,0,0,0,0,0.001065757,0,0,0,0,0,0,0,0,0,0,0,0,0,0,0,0,0,0,0
ASV6222,0,0,0,0,0,0,0,0,0,0,0,0,0.001074899,0,0,0,0,0,0,0,0,0,0,0,0,0,0,0,0,0,0,0,0,0,0,0,0
ASV163,0,0,0,0,0,0.000487195,0,0,0,0,0,0,0,0,0,0,0,0,0,0,0,0,0,0,0,0,0,0,0,0,0,0,0,0,0.000242173,0,0.000347902
ASV7514,0,0,0,0,0,0,0,0,0,0,0,0,0,0,0,0,0,0,0,0,0,0,0,0,0,0,0,0.001103212,0,0,0,0,0,0,0,0,0
ASV2884,0,0,0,0,0,0,0,0,0,0,0,0,0,0,0,0,0,0,0,0,0,0,0,0,0,0,0,0,0,0,0,0,0,0,0.001141671,0,0
ASV1845,0,0,0,0,0,0.00114385,0,0,0,0,0,0,0,0,0,0,0,0,0,0,0,0,0,0,0,0,0,0,0,0,0,0,0,0,0,0,0
ASV5038,0,0,0,0,0,0,0,0,0,0,0,0,0,0,0,0,0,0,0,0.00114466,0,0,0,0,0,0,0,0,0,0,0,0,0,0,0,0,0
ASV5231,0,0,0,0,0,0,0,0,0,0,0,0,0,0,0,0,0,0,0,0,0,0,0,0,0,0,0,0,0,0,0,0,0,0.001145535,0,0,0
ASV6774,0,0,0,0,0,0,0,0,0,0,0,0,0,0,0,0,0,0,0,0,0,0,0,0,0,0,0,0,0,0,0,0,0,0.001145535,0,0,0
ASV2554,0,0,0,0,0,0,0,0.001151467,0,0,0,0,0,0,0,0,0,0,0,0,0,0,0,0,0,0,0,0,0,0,0,0,0,0,0,0,0
ASV7976,0,0,0,0,0,0,0,0,0,0,0,0,0,0,0,0,0,0,0,0,0,0,0.001173279,0,0,0,0,0,0,0,0,0,0,0,0,0,0
ASV4961,0,0,0,0,0,0,0,0,0,0,0,0,0,0,0,0,0,0,0,0.001175597,0,0,0,0,0,0,0,0,0,0,0,0,0,0,0,0,0
ASV3445,0,0,0,0,0,0,0,0,0,0,0,0,0,0,0,0,0,0,0,0.001175597,0,0,0,0,0,0,0,0,0,0,0,0,0,0,0,0,0
ASV4274,0,0,0,0,0,0,0,0,0,0,0,0,0,0,0,0,0,0,0,0,0.001177856,0,0,0,0,0,0,0,0,0,0,0,0,0,0,0,0
ASV2159,0,0,0,0,0.001196045,0,0,0,0,0,0,0,0,0,0,0,0,0,0,0,0,0,0,0,0,0,0,0,0,0,0,0,0,0,0,0,0
ASV1379,0,0,0,0,0,0,0,0,0,0,0,0,0,0,0,0,0,0.001207858,0,0,0,0,0,0,0,0,0,0,0,0,0,0,0,0,0,0,0
ASV2123,0,0,0,0,0.001222624,0,0,0,0,0,0,0,0,0,0,0,0,0,0,0,0,0,0,0,0,0,0,0,0,0,0,0,0,0,0,0,0
ASV4842,0,0,0,0,0,0,0.001241445,0,0,0,0,0,0,0,0,0,0,0,0,0,0,0,0,0,0,0,0,0,0,0,0,0,0,0,0,0,0
ASV1729,0,0,0,0,0,0.001260353,0,0,0,0,0,0,0,0,0,0,0,0,0,0,0,0,0,0,0,0,0,0,0,0,0,0,0,0,0,0,0
ASV294,0,0,0,0,0,0,0,0,0,0,0,0,0,0,0,0,0,0,0,0,0,0,0,0,0,0,0,0,0,0,0,0,0,0,0,0,0.001261144
ASV2576,0,0,0.000487383,0,0,0,0,0,0,0,0,0,0,0,0,0,0,0,0,0,0,0,0,0,0,0,0,0,0,0.000776737,0,0,0,0,0,0,0
ASV2095,0,0,0.00128492,0,0,0,0,0,0,0,0,0,0,0,0,0,0,0,0,0,0,0,0,0,0,0,0,0,0,0,0,0,0,0,0,0,0
ASV1134,0,0,0,0,0.001293501,0,0,0,0,0,0,0,0,0,0,0,0,0,0,0,0,0,0,0,0,0,0,0,0,0,0,0,0,0,0,0,0
ASV2021,0,0,0,0,0.00130236,0,0,0,0,0,0,0,0,0,0,0,0,0,0,0,0,0,0,0,0,0,0,0,0,0,0,0,0,0,0,0,0
ASV6707,0,0,0,0,0,0,0,0,0,0,0.001305638,0,0,0,0,0,0,0,0,0,0,0,0,0,0,0,0,0,0,0,0,0,0,0,0,0,0
ASV6706,0,0,0,0,0,0,0,0,0,0,0.001305638,0,0,0,0,0,0,0,0,0,0,0,0,0,0,0,0,0,0,0,0,0,0,0,0,0,0
ASV4063,0,0,0,0,0,0,0,0,0.001317688,0,0,0,0,0,0,0,0,0,0,0,0,0,0,0,0,0,0,0,0,0,0,0,0,0,0,0,0
ASV4422,0,0,0,0,0,0,0,0,0,0,0,0,0,0,0,0,0,0,0,0,0,0,0,0,0,0.001322839,0,0,0,0,0,0,0,0,0,0,0
ASV6197,0,0,0,0,0,0,0,0,0,0,0,0,0,0,0,0,0,0,0,0,0,0,0,0,0,0.001322839,0,0,0,0,0,0,0,0,0,0,0
ASV1505,0,0,0,0,0,0.0013239,0,0,0,0,0,0,0,0,0,0,0,0,0,0,0,0,0,0,0,0,0,0,0,0,0,0,0,0,0,0,0
ASV5630,0,0,0,0,0,0,0,0,0,0,0,0,0,0,0.00133452,0,0,0,0,0,0,0,0,0,0,0,0,0,0,0,0,0,0,0,0,0,0
ASV3482,0,0,0,0,0,0,0,0,0,0,0,0,0,0,0,0,0,0,0,0,0,0,0,0,0,0,0,0,0,0.001335016,0,0,0,0,0,0,0
ASV4075,0,0,0,0,0,0,0,0,0,0,0,0,0,0,0,0,0,0,0,0,0,0.000778008,0,0.000569847,0,0,0,0,0,0,0,0,0,0,0,0,0
ASV4737,0,0,0,0,0,0,0,0,0,0.00136477,0,0,0,0,0,0,0,0,0,0,0,0,0,0,0,0,0,0,0,0,0,0,0,0,0,0,0
ASV1948,0,0,0,0,0.001373237,0,0,0,0,0,0,0,0,0,0,0,0,0,0,0,0,0,0,0,0,0,0,0,0,0,0,0,0,0,0,0,0
ASV4785,0,0,0,0.000251545,0,0,0,0,0,0,0,0,0,0,0,0,0,0,0,0,0,0,0,0,0,0.001124413,0,0,0,0,0,0,0,0,0,0,0
ASV6224,0,0,0,0,0,0,0,0,0,0,0,0,0,0.001379386,0,0,0,0,0,0,0,0,0,0,0,0,0,0,0,0,0,0,0,0,0,0,0
ASV7075,0,0,0,0,0,0,0,0,0,0,0,0,0,0,0,0,0,0,0,0,0.001385713,0,0,0,0,0,0,0,0,0,0,0,0,0,0,0,0
ASV1727,0,0,0,0,0,0,0,0,0,0,0,0,0,0,0,0,0,0,0,0,0,0,0,0,0,0.001388981,0,0,0,0,0,0,0,0,0,0,0
ASV4482,0,0,0,0,0,0,0,0,0,0,0,0,0,0,0,0,0,0,0,0.001392154,0,0,0,0,0,0,0,0,0,0,0,0,0,0,0,0,0
ASV6325,0,0,0,0,0,0,0.000222823,0,0,0,0,0,0,0,0,0,0.000281353,0,0,0,0.000900714,0,0,0,0,0,0,0,0,0,0,0,0,0,0,0,0
ASV2198,0,0,0,0,0.000629031,0,0,0,0,0,0,0,0,0,0,0,0,0,0,0,0,0,0,0,0,0,0,0,0,0.000776737,0,0,0,0,0,0,0
ASV3293,0,0,0,0,0,0,0,0,0,0,0,0,0,0,0,0,0,0,0,0,0,0,0,0,0.00142199,0,0,0,0,0,0,0,0,0,0,0,0
ASV6415,0,0,0,0,0,0,0,0,0,0,0,0,0,0,0,0,0,0,0,0,0,0,0,0,0,0,0,0,0,0,0,0,0,0,0,0.001427976,0
ASV3345,0.000256915,0,0,0,0,0,0,0,0,0,0,0,0,0,0,0,0,0,0,0,0,0,0,0,0,0.000264568,0,0,0,0,0,0.000939379,0,0,0,0,0
ASV2813,0,0,0,0,0,0,0,0,0,0,0,0,0,0,0,0,0,0,0,0,0,0,0,0,0,0,0,0,0.001195866,0.000267003,0,0,0,0,0,0,0
ASV63,0,0,0,0.00060152,0,0,0,0,0,0,0,0,0,0,0,0,0,0,0,0,0,0,0,0,0,0,0,0,0,0.000898102,0,0,0,0,0,0,0
ASV2229,0,0,0,0,0,0.000773158,0,0,0,0,0,0,0,0,0,0,0,0,0,0,0,0,0,0.00073266,0,0,0,0,0,0,0,0,0,0,0,0,0
ASV5239,0,0,0,0,0,0,0,0,0,0,0,0,0,0,0.001512456,0,0,0,0,0,0,0,0,0,0,0,0,0,0,0,0,0,0,0,0,0,0
ASV3935,0,0,0,0,0,0,0,0,0,0,0,0.000886001,0,0,0,0,0,0,0.000646705,0,0,0,0,0,0,0,0,0,0,0,0,0,0,0,0,0,0
ASV1855,0,0,0,0,0,0,0,0,0,0,0,0,0,0,0,0,0,0,0,0,0,0,0,0,0,0,0,0,0,0,0,0,0.001573535,0,0,0,0
ASV2771,0,0,0,0,0,0,0,0,0,0,0,0,0,0,0,0,0,0,0,0,0,0,0,0,0,0,0,0,0,0.001626293,0,0,0,0,0,0,0
ASV1492,0,0,0,0,0,0,0,0,0,0,0,0,0,0,0,0,0,0,0,0,0,0,0,0,0,0,0,0,0,0,0,0.001628257,0,0,0,0,0
ASV1707,0,0,0,0,0.001630165,0,0,0,0,0,0,0,0,0,0,0,0,0,0,0,0,0,0,0,0,0,0,0,0,0,0,0,0,0,0,0,0
ASV1851,0,0,0,0,0,0,0,0,0.001631424,0,0,0,0,0,0,0,0,0,0,0,0,0,0,0,0,0,0,0,0,0,0,0,0,0,0,0,0
ASV6532,0,0,0,0,0,0,0,0,0,0,0,0,0,0,0,0,0,0.000142101,0,0,0,0,0,0,0,0,0,0.000306448,0.001195866,0,0,0,0,0,0,0,0
ASV2464,0,0,0,0,0.000168332,0,0,0.000448877,0,0,0,0,0,0,0.000800712,0,0,0.000248677,0,0,0,0,0,0,0,0,0,0,0,0,0,0,0,0,0,0,0
ASV968,0,0,0,0,0.001674463,0,0,0,0,0,0,0,0,0,0,0,0,0,0,0,0,0,0,0,0,0,0,0,0,0,0,0,0,0,0,0,0
ASV636,0,0,0.001683688,0,0,0,0,0,0,0,0,0,0,0,0,0,0,0,0,0,0,0,0,0,0,0,0,0,0,0,0,0,0,0,0,0,0
ASV4817,0,0,0,0,0,0,0,0,0,0,0,0,0,0,0,0,0,0,0,0,0,0,0,0,0,0,0,0,0,0,0,0,0,0.001718303,0,0,0
ASV7078,0,0,0,0,0,0,0,0,0,0,0,0,0,0,0,0,0,0,0,0,0,0.001728907,0,0,0,0,0,0,0,0,0,0,0,0,0,0,0
ASV7077,0,0,0,0,0,0,0,0,0,0,0,0,0,0,0,0,0,0,0,0,0,0.001728907,0,0,0,0,0,0,0,0,0,0,0,0,0,0,0
ASV6237,0,0,0,0,0,0,0,0,0,0,0,0,0,0,0,0,0,0,0,0,0.001732142,0,0,0,0,0,0,0,0,0,0,0,0,0,0,0,0
ASV5268,0,0,0,0,0,0,0,0,0,0,0,0,0,0,0,0,0,0,0,0,0,0,0,0,0,0,0,0,0,0,0,0,0,0.001770372,0,0,0
ASV2770,0,0,0,0,0,0,0,0,0,0,0,0,0,0,0,0.001770508,0,0,0,0,0,0,0,0,0,0,0,0,0,0,0,0,0,0,0,0,0
ASV685,0,0,0,0,0,0,0,0,0,0,0,0,0,0,0,0,0,0,0,0,0,0,0,0,0,0,0,0.001777396,0,0,0,0,0,0,0,0,0
ASV5622,0,0,0,0,0,0,0,0,0,0,0.001780415,0,0,0,0,0,0,0,0,0,0,0,0,0,0,0,0,0,0,0,0,0,0,0,0,0,0
ASV870,0,0,0,0,0.001807357,0,0,0,0,0,0,0,0,0,0,0,0,0,0,0,0,0,0,0,0,0,0,0,0,0,0,0,0,0,0,0,0
ASV5868,0,0,0,0,0,0,0,0,0,0,0,0,0,0,0,0,0,0,0.001810774,0,0,0,0,0,0,0,0,0,0,0,0,0,0,0,0,0,0
ASV3544,0,0,0,0,0,0,0,0,0,0,0,0.001814193,0,0,0,0,0,0,0,0,0,0,0,0,0,0,0,0,0,0,0,0,0,0,0,0,0
ASV4604,0,0,0,0,0,0,0,0,0,0,0,0.001814193,0,0,0,0,0,0,0,0,0,0,0,0,0,0,0,0,0,0,0,0,0,0,0,0,0
ASV5760,0,0,0,0,0,0,0,0,0,0,0,0,0,0,0,0,0,0,0,0,0,0.001815353,0,0,0,0,0,0,0,0,0,0,0,0,0,0,0
ASV918,0,0,0,0,0,0,0,0,0,0,0,0,0,0,0,0,0,0.00067498,0,0,0.001177856,0,0,0,0,0,0,0,0,0,0,0,0,0,0,0,0
ASV3680,0,0,0,4.37469E-05,0,0,0,0,0,0,0,0,0,0,0,0,0,0.001811787,0,0,0,0,0,0,0,0,0,0,0,0,0,0,0,0,0,0,0
ASV1449,0,0,0.001860918,0,0,0,0,0,0,0,0,0,0,0,0,0,0,0,0,0,0,0,0,0,0,0,0,0,0,0,0,0,0,0,0,0,0
ASV4892,0,0,0,0,0,0,0,0,0,0,0,0,0,0,0,0,0,0,0,0,0,0,0,0,0.001877026,0,0,0,0,0,0,0,0,0,0,0,0
ASV4215,0,0,7.75383E-05,0,0,0,0,0,0,0,0,0.001814193,0,0,0,0,0,0,0,0,0,0,0,0,0,0,0,0,0,0,0,0,0,0,0,0,0
ASV1983,0,0,0,0,0,0,0,0,0,0,0,0,0,0,0,0,0,0,0,0,0,0,0,0,0,0,0,0,0,0,0,0,0.00190288,0,0,0,0
ASV5249,0,0,0,0,0,0,0,0,0,0,0,0,0,0,0,0,0,0,0,0,0,0,0.001906578,0,0,0,0,0,0,0,0,0,0,0,0,0,0
ASV3286,0,0,0,0,0,0.000508378,0,0,0,0,0.001424332,0,0,0,0,0,0,0,0,0,0,0,0,0,0,0,0,0,0,0,0,0,0,0,0,0,0
ASV4221,0,0,0,0,0,0,0,0,0,0,0.001958457,0,0,0,0,0,0,0,0,0,0,0,0,0,0,0,0,0,0,0,0,0,0,0,0,0,0
ASV4366,0,0,0,0,0,0,0,0,0,0,0,0,0,0,0,0.001981283,0,0,0,0,0,0,0,0,0,0,0,0,0,0,0,0,0,0,0,0,0
ASV4363,0,0,0,0,0,0,0,0,0,0,0,0.001982955,0,0,0,0,0,0,0,0,0,0,0,0,0,0,0,0,0,0,0,0,0,0,0,0,0
ASV3602,0,0,0,0,0,0,0.002037243,0,0,0,0,0,0,0,0,0,0,0,0,0,0,0,0,0,0,0,0,0,0,0,0,0,0,0,0,0,0
ASV1306,0,0,0.001905226,0,0,0,0,0,0,0,0,0,0,0,0.000133452,0,0,0,0,0,0,0,0,0,0,0,0,0,0,0,0,0,0,0,0,0,0
ASV5436,0,0,0,0,0,0,0,0,0,0,0,0,0,0,0,0,0,0,0.002069456,0,0,0,0,0,0,0,0,0,0,0,0,0,0,0,0,0,0
ASV5643,0,0,0,0,0,0,0,0,0,0,0,0,0,0,0,0,0,0,0,0,0.00207857,0,0,0,0,0,0,0,0,0,0,0,0,0,0,0,0
ASV4365,0,0,0,0,0,0,0,0,0,0,0,0,0,0,0.002090747,0,0,0,0,0,0,0,0,0,0,0,0,0,0,0,0,0,0,0,0,0,0
ASV1538,0,0,0,0.00060152,0,0,0.000318319,0,0,0,0,0,0,0,0,0.000674479,0,0,0,0.000247494,0,0.000259336,0,0,0,0,0,0,0,0,0,0,0,0,0,0,0
ASV1521,0,0,0,0,0,0.00211824,0,0,0,0,0,0,0,0,0,0,0,0,0,0,0,0,0,0,0,0,0,0,0,0,0,0,0,0,0,0,0
ASV3859,0,0,0,0,0,0,0,0,0,0,0,0,0,0,0,0,0,0,0,0,0,0,0,0,0,0,0,0,0,0,0,0,0.002122443,0,0,0,0
ASV2086,0,0,0,0,0,0,0,0,0,0,0,0,0,0,0,0,0,0,0,0,0,0,0.002126567,0,0,0,0,0,0,0,0,0,0,0,0,0,0
ASV5340,0,0,0,0,0,0,0,0,0,0,0,0,0,0,0,0,0,0,0.002134127,0,0,0,0,0,0,0,0,0,0,0,0,0,0,0,0,0,0
ASV2135,0,0,0,0,0,0,0,0.002146802,0,0,0,0,0,0,0,0,0,0,0,0,0,0,0,0,0,0,0,0,0,0,0,0,0,0,0,0,0
ASV5148,0,0,0,1.09367E-05,0,0,0,0,0,0,0,0,0,0,0,0,0,0,0,0,0,0,0,0.001872354,0,0,0,0,0,0.000267003,0,0,0,0,0,0,0
ASV3498,0,0,0,0,0,0,0.000509311,0,0,0.001647136,0,0,0,0,0,0,0,0,0,0,0,0,0,0,0,0,0,0,0,0,0,0,0,0,0,0,0
ASV6238,0,0,0,0,0,0,0,0,0,0,0,0,0,0,0,0,0,0,0,0,0,0.002161134,0,0,0,0,0,0,0,0,0,0,0,0,0,0,0
ASV2232,0,0,0,0,0,0,0,0.000195164,0,0,0,0,0,0,0,0,0,0,0,0,0,0,0,0,0,0,0,0.000919343,0,0,0,0,0,0.001093465,0,0,0
ASV5255,0,0,0,0,0,0,0,0,0,0,0,0,0,0,0,0,0,0,0,0,0,0,0,0,0,0.002248826,0,0,0,0,0,0,0,0,0,0,0
ASV3351,0,0,0,0,0,0,0,0,0.002258894,0,0,0,0,0,0,0,0,0,0,0,0,0,0,0,0,0,0,0,0,0,0,0,0,0,0,0,0
ASV4176,0,0,0,0,0,0,0,0,0,0,0,0,0,0,0.002268683,0,0,0,0,0,0,0,0,0,0,0,0,0,0,0,0,0,0,0,0,0,0
ASV1327,0,0,0.002270764,0,0,0,0,0,0,0,0,0,0,0,0,0,0,0,0,0,0,0,0,0,0,0,0,0,0,0,0,0,0,0,0,0,0
ASV1941,0,0,0,0,0,0,0,0,0,0,0,0,0,0,0,0,0,0,0,0,0,0,0,0,0,0,0,0,0,0,0,0,0.002305412,0,0,0,0
ASV2786,0,0,0,0,0,0,0,0,0,0,0,0,0,0,0,0,0,0,0.002328138,0,0,0,0,0,0,0,0,0,0,0,0,0,0,0,0,0,0
ASV5975,0,0,0,0,0,0,0,0,0,0,0,0,0,0,0,0,0,0,0,0,0,0.002334025,0,0,0,0,0,0,0,0,0,0,0,0,0,0,0
ASV3514,0,0,0,0,0,0,0,0,0,0,0,0,0,0,0,0,0,0,0,0,0,0,0.002346557,0,0,0,0,0,0,0,0,0,0,0,0,0,0
ASV1189,0,0,0,0,0.002347792,0,0,0,0,0,0,0,0,0,0,0,0,0,0,0,0,0,0,0,0,0,0,0,0,0,0,0,0,0,0,0,0
ASV2344,0,0,0,0,0,0,0,0,0,0,0,0,0,0,0,0,0,0,0,0.002351194,0,0,0,0,0,0,0,0,0,0,0,0,0,0,0,0,0
ASV3725,0,0,0,0,0,0,0,0,0,0.002353052,0,0,0,0,0,0,0,0,0,0,0,0,0,0,0,0,0,0,0,0,0,0,0,0,0,0,0
ASV5182,0,0,0,0,0,0,0,0,0,0,0,0,0,0,0,0,0,0,0,0,0,0,0,0,0,0,0.002374652,0,0,0,0,0,0,0,0,0,0
ASV1883,0,0,0,0,0,0,0,0,0,0,0,0,0,0,0,0,0,0,0,0,0,0,0,0,0,0,0,0,0,0,0,0,0,0,0,0,0.002391824
ASV4171,0,0,0,0,0,0,0,0,0,0.002400113,0,0,0,0,0,0,0,0,0,0,0,0,0,0,0,0,0,0,0,0,0,0,0,0,0,0,0
ASV2270,0,0,0,0,0,0,0,0,0,0,0,0,0,0,0,0.002402833,0,0,0,0,0,0,0,0,0,0,0,0,0,0,0,0,0,0,0,0,0
ASV5173,0,0,0,0,0,0,0,0,0,0,0,0,0,0,0,0,0,0,0,0,0.002424998,0,0,0,0,0,0,0,0,0,0,0,0,0,0,0,0
ASV5647,0,0,0,0,0,0,0,0,0,0,0,0,0,0,0,0,0,0,0,0,0,0,0,0.002442201,0,0,0,0,0,0,0,0,0,0,0,0,0
ASV3414,0,0,0,0,0,0,0,0,0,0,0,0.002447051,0,0,0,0,0,0,0,0,0,0,0,0,0,0,0,0,0,0,0,0,0,0,0,0,0
ASV4033,0,0,0,0,0,0,0,0,0,0,0,0,0,0,0,0,0,0,0,0,0,0,0,0,0,0,0,0,0,0,0.001037129,0,0.00142716,0,0,0,0
ASV293,0,0,0,0.002471701,0,0,0,0,0,0,0,0,0,0,0,0,0,0,0,0,0,0,0,0,0,0,0,0,0,0,0,0,0,0,0,0,0
ASV3166,0,0,0,0,0,0,0,0,0,0,0,0,0,0,0,0,0,0,0,0,0,0,0,0,0,0.000529136,0.000203542,0,0,0,0,0.001753507,0,0,0,0,0
ASV3134,0,0,0,0,0,0,0,0,0.002509883,0,0,0,0,0,0,0,0,0,0,0,0,0,0,0,0,0,0,0,0,0,0,0,0,0,0,0,0
ASV3137,0,0,0,0,0,0,0,0,0,0,0,0,0,0,0,0.000590169,0,0,0.001940115,0,0,0,0,0,0,0,0,0,0,0,0,0,0,0,0,0,0
ASV2490,0,0,0,0,0,0,0,0,0,0,0,0,0,0,0,0,0,0,0,0.002536815,0,0,0,0,0,0,0,0,0,0,0,0,0,0,0,0,0
ASV3730,0,0,0,0,0,0,0,0,0,0,0,0,0,0,0,0.002571453,0,0,0,0,0,0,0,0,0,0,0,0,0,0,0,0,0,0,0,0,0
ASV1139,0,0,0,0,0.00260472,0,0,0,0,0,0,0,0,0,0,0,0,0,0,0,0,0,0,0,0,0,0,0,0,0,0,0,0,0,0,0,0
ASV1748,0,0,0,0,0,0,0,0,0,0,0,0,0,0,0,0,0,0,0,0,0,0,0,0,0,0,0,0,0,0,0.001659407,0,0.00095144,0,0,0,0
ASV5529,0,0,0,0,0,0,0,0,0,0,0,0,0,0,0,0,0,0,0,0,0,0.002679806,0,0,0,0,0,0,0,0,0,0,0,0,0,0,0
ASV5448,0,0,0,0,0,0,0,0,0,0,0,0,0,0,0,0,0,0,0,0,0,0,0,0,0,0,0,0,0.002733407,0,0,0,0,0,0,0,0
ASV2948,0,0,0,0,0,0,0,0,0,0,0,0,0,0,0,0,0,0.002735444,0,0,0,0,0,0,0,0,0,0,0,0,0,0,0,0,0,0,0
ASV3239,0,0,0,0,0,0,0,0,0.000125494,0,0,0,0,0,0.000800712,0.000126465,0,0,0.000323353,9.28103E-05,0.000346428,0.000605118,0,0,0.000341278,0,0,0,0,0,0,0,0,0,0,0,0
ASV4609,0,0,0,0,0,0,0,0,0,0,0,0,0,0,0,0,0,0,0.002780832,0,0,0,0,0,0,0,0,0,0,0,0,0,0,0,0,0,0
ASV1363,0,0,0.002802455,0,0,0,0,0,0,0,0,0,0,0,0,0,0,0,0,0,0,0,0,0,0,0,0,0,0,0,0,0,0,0,0,0,0
ASV3173,0,0,0,0,0,0,0,0,0,0,0,0,0,0,0,0,0,0.002806494,0,0,0,0,0,0,0,0,0,0,0,0,0,0,0,0,0,0,0
ASV1113,0,0,0,0,0.002817351,0,0,0,0,0,0,0,0,0,0,0,0,0,0,0,0,0,0,0,0,0,0,0,0,0,0,0,0,0,0,0,0
ASV4433,0,0,0,0,0,0,0,0,0,0,0,0,0,0,0,0,0,0,0,0,0,0,0,0,0,0,0,0,0,0,0,0.002880762,0,0,0,0,0
ASV3907,0,0,0,0,0,0,0,0,0,0,0,0,0,0,0,0,0,0,0,0,0,0,0,0,0,0,0,0,0,0,0,0,0,0.002967977,0,0,0
ASV5042,0,0,0,0,0,0,0,0,0,0,0,0,0,0,0,0,0,0,0,0,0,0,0,0.003012048,0,0,0,0,0,0,0,0,0,0,0,0,0
ASV2952,0,0,0,0,0,0,0,0,0,0,0,0,0,0,0,0,0,0,0,0,0,0,0,0,0,0,0,0,0,0,0.003042246,0,0,0,0,0,0
ASV4543,0,0,0,0,0,0,0,0,0,0,0,0,0,0,0,0,0,0,0,0,0.003048569,0,0,0,0,0,0,0,0,0,0,0,0,0,0,0,0
ASV534,0,0,0,0,0,0,0,0,0,0.003058967,0,0,0,0,0,0,0,0,0,0,0,0,0,0,0,0,0,0,0,0,0,0,0,0,0,0,0
ASV3776,0,0,0,0,0,0,0,0,0,0,0,0,0,0,0,0,0,0,0,0,0,0,0,0,0,0,0,0.003187056,0,0,0,0,0,0,0,0,0
ASV4080,0,0,0,0,0,0,0,0,0,0,0,0,0,0,0,0,0,0,0,0,0,0,0,0,0,0,0,0.003248345,0,0,0,0,0,0,0,0,0
ASV1531,0,0,0,0,0.000451839,0,0,0,0,0.000329427,0,0,0,0,0,0,0,0,0,0,0,0,0,0,0.002502702,0,0,0,0,0,0,0,0,0,0,0,0
ASV4032,0,0,0,0,0,0,0,0,0,0,0,0,0,0,0,0,0,0,0,0,0,0,0,0,0,0,0,0.003309635,0,0,0,0,0,0,0,0,0
ASV3900,0,0,0,0,0,0,0,0,0,0,0,0,0,0,0,0,0,0,0,0,0.003325712,0,0,0,0,0,0,0,0,0,0,0,0,0,0,0,0
ASV3850,0,0,0,0,0,0,0,0,0,0,0,0,0,0,0,0,0,0,0,0,0,0.003371369,0,0,0,0,0,0,0,0,0,0,0,0,0,0,0
ASV1151,0,0,0,0,0,0,0,0,0,0,0,0,0,0.000220702,0,0,0,0,0,0,0,0,0,0,0,0,0,0.000183869,0,0,0,0,0,0,0,0.002974951,0
ASV3194,0,0,0,0,0,0,0,0,0,0,0,0,0,0,0,0,0,0,0,0,0.001247142,0,0,0,0,0,0,0,0,0,0,0,0,0,0,0.002141965,0
ASV1742,0.000385373,0,9.96921E-05,0,0,0,0,0,0,0.002023625,0,0.000126572,0,0,0.000756228,0,0,0,0,0,0,0,0,0,0,0,0,0,0,0,0,0,0,0,0,0,0
ASV3169,0,0,0,0,0,0,0,0,0,0,0,0,0.003396681,0,0,0,0,0,0,0,0,0,0,0,0,0,0,0,0,0,0,0,0,0,0,0,0
ASV3442,0,0,0,0,0,0,0,0,0,0,0,0,0,0,0,0,0,0,0,0,0,0,0,0,0,0,0,0.003493503,0,0,0,0,0,0,0,0,0
ASV4753,0,0,0,0,0,0,0,0,0,0,0,0,0,0,0,0,0,0,0,0,0,0,0,0,0,0,0,0,0.003502178,0,0,0,0,0,0,0,0
ASV2696,0,0,0,0,0,0,0,0,0,0,0,0,0,0,0,0,0,0.003516999,0,0,0,0,0,0,0,0,0,0,0,0,0,0,0,0,0,0,0
ASV1688,0.000299735,0,0.000265845,0,0,0,0,0.000839205,0.000313735,0,0,0,0.001547855,0,0,0,0,0,0,0,0,0,0,0,0,0,0,0,0,0,0,0,0,0.000260349,0,0,0
ASV996,0,0,0,0,0,0,0,0,0,0,0,0,0,0,0,0,0,0,0,0,0,0,0,0,0.003640293,0,0,0,0,0,0,0,0,0,0,0,0
ASV3086,0,0,0,0,0,0,0,0,0,0,0,0,0,0,0.003647687,0,0,0,0,0,0,0,0,0,0,0,0,0,0,0,0,0,0,0,0,0,0
ASV2624,0,0,0,0,0,0,0,0,0,0,0,0,0,0,0,0,0,0,0,0,0,0,0,0,0,0,0,0,0,0,0,0,0.003769166,0,0,0,0
ASV898,0,0,0,0,0.003800765,0,0,0,0,0,0,0,0,0,0,0,0,0,0,0,0,0,0,0,0,0,0,0,0,0,0,0,0,0,0,0,0
ASV1925,0,0,0,0,0,0,0,0,0,0,0,0,0,0,0,0,0,0.003801201,0,0,0,0,0,0,0,0,0,0,0,0,0,0,0,0,0,0,0
ASV676,0,0,0,0,0,0,0,0,0,0,0.002492582,0,0,0,0,0.001391114,0,0,0,0,0,0,0,0,0,0,0,0,0,0,0,0,0,0,0,0,0
ASV4427,0,0,0,0,0,0,0,0,0,0,0,0,0,0,0,0,0,0,0,0,0,0,0,0,0,0,0,0,0.003929273,0,0,0,0,0,0,0,0
ASV2161,0,0,0,0,0,0,0.004042655,0,0,0,0,0,0,0,0,0,0,0,0,0,0,0,0,0,0,0,0,0,0,0,0,0,0,0,0,0,0
ASV4371,0,0,0,0,0,0,0,0,0,0,0,0,0,0,0,0,0,0,0,0,0,0.004062932,0,0,0,0,0,0,0,0,0,0,0,0,0,0,0
ASV3389,0,0,0,0,0,0,0,0,0,0,0,0,0,0,0,0,0,0.001349959,0,0,0,0,0,0,0,0,0,0,0.002818826,0,0,0,0,0,0,0,0
ASV3066,0,0,0,0,0,0,0,0,0,0,0,0,0,0,0,0,0,0,0,0,0,0,0,0,0,0,0,0,0,0,0,0,0,0.004321791,0,0,0
ASV2790,0,0,0,0,0,0,0,0,0,0,0,0,0,0,0,0,0,0,0,0,0,0,0,0,0,0,0,0.004351557,0,0,0,0,0,0,0,0,0
ASV2488,0,0,0,0,0,0,0,0,0,0,0,0,0,0,0.003247331,0,0,0,0,0.00114466,0,0,0,0,0,0,0,0,0,0,0,0,0,0,0,0,0
ASV901,0,0,0,0,0,0,0,0,0,0,0,0,0,0,0,0,0,0,0,0,0,0,0.004399795,0,0,0,0,0,0,0,0,0,0,0,0,0,0
ASV3018,0,0,0,0,0,0,0,0,0,0,0,0,0,0,0,0,0,0,0,0,0,0,0,0,0,0,0,0,0,0,0,0,0,0.004425931,0,0,0
ASV820,0,0,0,0,0,0,0,0,0,0,0,0,0,0.002924299,0,0,0,0,0,0.000742482,0,0,0,0,0,0,0,0,0,0,0,0,0,0.000833116,0,0,0
ASV1854,0,0,0,0,0,0,0,0,0,0,0,0,0,0,0,0,0,0,0,0,0,0,0,0,0,0,0,0,0,0,0,0,0.004537637,0,0,0,0
ASV891,0,0,0.004663373,0,0,0,0,0,0,0,0,0,0,0,0,0,0,0,0,0,0,0,0,0,0,0,0,0,0,0,0,0,0,0,0,0,0
ASV1757,0,0,0,6.56204E-05,0.000132894,0,0,0,0,0,0,0,0,0,0,0.003330242,0,0,0,0,0,0,0.001173279,0,0,0,0,0,0,0,0,0,0,0,0,0,0
ASV1448,0,0,0,0,0,0,0,0,0,0,0,0,0,0,0,0,0,0,0,0,0,0,0,0,0.004721006,0,0,0,0,0,0,0,0,0,0,0,0
ASV881,0,0,0,0.004790288,0,0,0,0,0,0,0,0,0,0,0,0,0,0,0,0,0,0,0,0,0,0,0,0,0,0,0,0,0,0,0,0,0
ASV2601,0,0,0,0,0,0,0,0,0,0,0,0,0,0,0,0,0,0,0,0,0,0,0,0,0,0,0,0,0,0,0,0,0,0.004894559,0,0,0
ASV430,0,0,0.004895988,0,0,0,0,0,0,0,0,0,0,0,0,0,0,0,0,0,0,0,0,0,0,0,0,0,0,0,0,0,0,0,0,0,0
ASV2173,0,0,0,0,0.000611312,0,0,0,0,0,0,0,0,0,0,0,0,0,0,0,0,0.004322268,0,0,0,0,0,0,0,0,0,0,0,0,0,0,0
ASV2108,0,0,0,0,0,0,0,0,0,0,0,0,0,0,0,0,0,0.004973534,0,0,0,0,0,0,0,0,0,0,0,0,0,0,0,0,0,0,0
ASV3199,0,0,0,0,0,0,0,0,0,0,0,0,0,0,0,0,0,0,0.005044299,0,0,0,0,0,0,0,0,0,0,0,0,0,0,0,0,0,0
ASV1578,0,0,0,0,0,0,0,0,0,0,0,0,0,0,0,0,0,0,0,0,0,0,0,0,0,0,0,0,0,0.005048789,0,0,0,0,0,0,0
ASV690,0,0,0,0,0.005138564,0,0,0,0,0,0,0,0,0,0,0,0,0,0,0,0,0,0,0,0,0,0,0,0,0,0,0,0,0,0,0,0
ASV784,0.000256915,0,0,0,0.000141753,0.000360101,0,0.000956303,0,0,0,0,0.000558947,0,0,0,0,0,0,0.000216557,0,0,0.001319938,0,0,0,0,0,0,0,0,0,0,0.000781047,0,0,0.00095673
ASV2549,0,0,0,0,0,0,0,0,0,0,0,0,0,0,0,0,0,0,0,0,0,0,0,0,0,0,0,0,0,0,0,0,0,0.005571466,0,0,0
ASV2620,0,0,0,0,0,0,0.000286487,0,0,0,0,0,0,0,0,0,0,0,0,0,0,0,0,0,0.005346681,0,0,0,0,0,0,0,0,0,0,0,0
ASV654,0,0,0.001019074,0,0.004181728,0,0,0,0,0,0,0,0,0,0,0,0,0.000461828,0,0,0,0,0,0,0,0,0,0,0,0,0,0,0,0,0,0,0
ASV798,0,0,0,0,0,0,0,0,0,0,0,0,0,0,0,0,0,0.003872251,0.001810774,0,0,0,0,0,0,0,0,0,0,0,0,0,0,0,0,0,0
ASV889,0,0,0,0,0,0,0,0,0,0,0,0,0,0,0,0,0,0,0,0,0,0,0,0,0,0,0,0,0,0.005825526,0,0,0,0,0,0,0
ASV2460,0,0,0,0,0,0,0,0,0,0,0,0,0,0,0,0,0,0,0,0,0,0,0,0,0,0,0,0,0,0,0,0,0,0.005831815,0,0,0
ASV1721,0,0,0,0,0,0,0,0,0,0,0,0,0,0,0.00591637,0,0,0,0,0,0,0,0,0,0,0,0,0,0,0,0,0,0,0,0,0,0
ASV747,0,0,0,0,0,0,0,0,0,0,0,0,0,0,0,0,0,0,0,0,0,0,0,0.00569847,0,0,0,0,0,0,0,0,0,0,0,0.000237996,0
ASV1170,0,0,0,0,0,0,0,0,0,0,0,0,0.005976438,0,0,0,0,0,0,0,0,0,0,0,0,0,0,0,0,0,0,0,0,0,0,0,0
ASV1226,0,0,0,0,0,0,0,0,0,0,0,0,0,0,0,0,0,0,0,0,0,0,0,0,0,0,0,0,0,0.005995437,0,0,0,0,0,0,0
ASV794,0,0,0,0,0.002161741,0,0,0,0,0,0,0,0.000300972,0,0,0,0,0.001634161,0,0,0,0,0,0,0.000284398,0,0,0,0.001622961,0,0,0,0,0,0,0,0
ASV2395,0,0,0,0,0,0,0,0,0,0,0,0,0,0,0,0,0,0,0,0,0,0,0,0,0,0,0,0,0,0,0,0,0,0.006040094,0,0,0
ASV560,0,0,0,0,0,0,0,0,0,0,0,0.000843811,0,0,0,0,0,0,0,0,0,0,0,0,0,0,0,0,0,0,0,0,0,0,0,0,0.005262013
ASV1101,0,0,0,0,0,0,0,0,0,0,0,0,0,0,0,0,0,0,0,0,0.000485,0,0,0,0,0,0,0,0,0.005849799,0,0,0,0,0,0,0
ASV2076,0,0,0,0,0,0,0,0,0,0,0,0,0,0,0.00636121,0,0,0,0,0,0,0,0,0,0,0,0,0,0,0,0,0,0,0,0,0,0
ASV659,0,0,0,0,0,0,0,0,0,0,0,0,0.006363402,0,0,0,0,0,0,0,0,0,0,0,0,0,0,0,0,0,0,0,0,0,0,0,0
ASV1860,0,0,0,0,0,0,0,0,0,0,0,0,0,0,0,0.006491864,0,0,0,0,0,0,0,0,0,0,0,0,0,0,0,0,0,0,0,0,0
ASV3248,0,0,0,0,0,0,0,0,0,0,0,0,0,0,0,0,0,0,0,0,0,0.006569848,0,0,0,0,0,0,0,0,0,0,0,0,0,0,0
ASV2528,0,0,0,0,0,0,0,0,0,0,0,0,0,0,0,0,0,0,0,0,0,0,0,0,0,0,0,0.006619269,0,0,0,0,0,0,0,0,0
ASV532,0,0,0,0,0.006715572,0,0,0,0,0,0,0,0,0,0,0,0,0,0,0,0,0,0,0,0,0,0,0,0,0,0,0,0,0,0,0,0
ASV1955,0,0,0,0,0,0,0,0,0,0,0,0,0,0,0,0,0,0,0,0,0,0,0,0,0,0,0,0,0,0,0,0,0,0,0,0,0.006740596
ASV2428,0,0,0,0,0,0,0,0,0,0,0.006765579,0,0,0,0,0,0,0,0,0,0,0,0,0,0,0,0,0,0,0,0,0,0,0,0,0,0
ASV1923,0,0,0,0,0,0,0,0,0,0,0,0,0.006836357,0,0,0,0,0,0,0,0,0,0,0,0,0,0,0,0,0,0,0,0,0,0,0,0
ASV2543,0,0,0,0,0,0,0,0,0,0,0,0,0,0,0,0,0,0,0.006919744,0,0,0,0,0,0,0,0,0,0,0,0,0,0,0,0,0,0
ASV257,0,0,0,0,0,0.000275371,0,0,0,0,0,0,0,0,0,0,0,0,0,0,0,0,0,0,0,0,0,0,0,0,0,0,0,0,0.006711642,0,0
ASV2446,0,0,0,0,0,0,0,0,0,0,0,0,0,0,0,0,0,0,0,0,0.007067138,0,0,0,0,0,0,0,0,0,0,0,0,0,0,0,0
ASV593,0,0,0.007222136,0,0,0,0,0,0,0,0,0,0,0,0,0,0,0,0,0,0,0,0,0,0,0,0,0,0,0,0,0,0,0,0,0,0
ASV3015,0,0,0,0,0,0,0,0,0,0,0,0,0,0,0,0,0,0,0,0,0,0,0,0,0,0,0,0,0.007260613,0,0,0,0,0,0,0,0
ASV1723,0,0,0,0,0,0,0,0,0,0,0.007299703,0,0,0,0,0,0,0,0,0,0,0,0,0,0,0,0,0,0,0,0,0,0,0,0,0,0
ASV391,0,0,0,0,0.006210575,0,0,0,0,0,0,0,0,0,0,0,0,0,0,0,0,0,0,0,0,0,0,0,0.001110447,0,0,0,0,0,0,0,0
ASV641,0,0,0,0,0,0,0,0,0,0,0,0,0,0,0,0,0,0,0,0,0,0,0.007406321,0,0,0,0,0,0,0,0,0,0,0,0,0,0
ASV1566,0,0,0,0,0,0,0,0,0,0,0,0,0,0,0,0,0,0.007460301,0,0,0,0,0,0,0,0,0,0,0,0,0,0,0,0,0,0,0
ASV1385,0,0,0,0,0,0,0,0,0,0,0,0,0,0,0,0,0,0.004049877,0.003686219,0,0,0,0,0,0,0,0,0,0,0,0,0,0,0,0,0,0
ASV488,0,0,0,0,0.007876178,0,0,0,0,0,0,0,0,0,0,0,0,0,0,0,0,0,0,0,0,0,0,0,0,0,0,0,0,0,0,0,0
ASV1315,0,0,0,0,0,0,0,0,0,0,0,0,0,0,0,0,0,0.008028704,0,0,0,0,0,0,0,0,0,0,0,0,0,0,0,0,0,0,0
ASV566,0,0,0.008185826,0,0,0,0,0,0,0,0,0,0,0,0,0,0,0,0,0,0,0,0,0,0,0,0,0,0,0,0,0,0,0,0,0,0
ASV466,0,0,0,3.28102E-05,0.007725565,0,0,0.00042936,0,0,0,0,0,0,0,0,0,0,0,0,0,0,0,0,0,0,0,0,0,0,0,0,0,0,0,0,0
ASV1252,0,0,0,0,0,0,0,0,0,0,0,0.008227154,0,0,0,0,0,0,0,0,0,0,0,0,0,0,0,0,0,0,0,0,0,0,0,0,0
ASV1507,0,0,0,0,0,0.000190642,0,0,0,0,0,0,0,0.000827632,0,0.007250653,0,0,0,0,0,0,0,0,0,0,0,0,0,0,0,0,0,0,0,0,0
ASV788,0,0,0,0,0,0,0,0,0,0,0,0,0,0,0,0,0,0,0,0.00832199,0,0,0,0,0,0,0,0,0,0,0,0,0,0,0,0,0
ASV886,0,0,0,0,0,0,0,0,0,0,0,0,0,0,0,0,0,0,0,0,0,0,0,0,0.008418179,0,0,0,0,0,0,0,0,0,0,0,0
ASV511,0,0,0,0,0.002498405,0,0,0,0,0,0,0.00080162,0,0,0,0,0,0,0.001875445,0.003495854,0,0,0,0,0,0,0,0,0,0,0,0,0,0,0,0,0
ASV425,0,0,0,0,0.008779857,0,0,0,0,0,0,0,0,0,0,0,0,0,0,0,0,0,0,0,0,0,0,0,0,0,0,0,0,0,0,0,0
ASV1556,0,0,0,0,0,0,0,0,0,0,0,0,0,0,0,0.008894697,0,0,0,0,0,0,0,0,0,0,0,0,0,0,0,0,0,0,0,0,0
ASV742,0,0,0,0,0,0,0,0,0,0,0,0,0,0,0,0,0,0,0,0,0,0,0,0,0,0,0,0,0,0.007111996,0,0,0,0.001978651,0,0,0
ASV513,0,0,0,0.00913217,0,0,0,0,0,0,0,0,0,0,0,0,0,0,0,0,0,0,0,0,0,0,0,0,0,0,0,0,0,0,0,0,0
ASV360,0,0,0,0.000109367,0.009081083,0,0,0,0,0,0,0,0,0,0,0,0,0,0,0,0,0,0,0,0,0,0,0,0,0,0,0,0,0,0,0,0
ASV1693,0,0,0,0,0,0,0,0,0,0,0,0,0,0,0,0,0,0,0.009441894,0,0,0,0,0,0,0,0,0,0,0,0,0,0,0,0,0,0
ASV1502,0,0,0,0,0,0,0,0,0,0,0,0,0,0,0,0,0,0,0,0,0,0,0,0,0,0,0,0,0,0,0,0,0,0,0,0,0.00969776
ASV1805,0,0,0,0,0,0,0,0,0,0,0,0,0,0,0,0,0,0,0,0,0,0,0,0,0,0.009722865,0,0,0,0,0,0,0,0,0,0,0
ASV554,0,0,0,0,9.74555E-05,0,0,0,0,0,0.002551929,0,0,0,0,0,0,0,0,0,0,0.005705394,0,0,0,0,0,0,0,0,0,0,0,0,0,0.001368477,0
ASV1904,0,0,0,0,0,0,0,0,0,0,0,0,0,0,0,0,0,0,0,0,0,0,0,0,0,0,0,0.009867615,0,0,0,0,0,0,0,0,0
ASV458,0,0,0,0.009908678,0,0,0,0,0,0,0,0,0,0,0,0,0,0,0,0,0,0,0,0,0,0,0,0,0,0,0,0,0,0,0,0,0
ASV478,0,0,0.010024591,0,0,0,0,0,0,0,0,0,0,0,0,0,0,0,0,0,0,0,0,0,0,0,0,0,0,0,0,0,0,0,0,0,0
ASV274,0,0,0,0,0,0,0,0,0,0,0,0,0,0,0,0,0,0,0,0,0,0,0,0,0,0,0,0,0,0,0,0,0,0,0,0,0.010045662
ASV1414,0,0,0,0,0,0,0,0,0,0,0,0,0.010233038,0,0,0,0,0,0,0,0,0,0,0,0,0,0,0,0,0,0,0,0,0,0,0,0
ASV438,0,0,0,0,0,0,0,0.010382716,0,0,0,0,0,0,0,0,0,0,0,0,0,0,0,0,0,0,0,0,0,0,0,0,0,0,0,0,0
ASV2309,0,0,0,0,0,0,0,0,0,0,0,0,0,0,0,0,0,0,0,0,0,0,0,0,0,0,0,0,0.010421116,0,0,0,0,0,0,0,0
ASV779,0,0,0,0,0,0,0,0,0,0,0,0,0.010620002,0,0,0,0,0,0,0,0,0,0,0,0,0,0,0,0,0,0,0,0,0,0,0,0
ASV799,0,0,0,0,0,0,0,0,0,0,0,0,0.010705994,0,0,0,0,0,0,0,0,0,0,0,0,0,0,0,0,0,0,0,0,0,0,0,0
ASV1291,0,0,0,0,0,0,0,0,0,0,0,0,0,0,0,0,0,0,0,0,0,0,0,0,0,0,0,0,0,0,0,0,0,0,0,0,0.010741466
ASV146,0,0,0,0,0,0,0,0,0,0,0,0,0,0,0,0.000758789,0,0,0.010023928,0,0,0,0,0,0,0,0,0,0,0,0,0,0,0,0,0,0
ASV1157,0,0,0,0,0,0,0,0,0,0,0,0,0,0,0,0,0,0.01104835,0,0,0,0,0,0,0,0,0,0,0,0,0,0,0,0,0,0,0
ASV1759,0,0,0,0,0,0,0,0,0,0,0,0,0,0,0,0,0,0,0,0,0,0,0,0,0,0.011111846,0,0,0,0,0,0,0,0,0,0,0
ASV418,0,0,0,0,0,0,0,0,0,0,0,0,0,0,0,0,0,0,0,0,0,0,0,0,0,0,0,0,0,0,0,0,0,0,0,0,0.01161122
ASV1764,0,0,0,0,0,0,0,0,0,0,0,0,0,0,0,0,0,0,0,0,0.011778563,0,0,0,0,0,0,0,0,0,0,0,0,0,0,0,0
ASV872,0,0,0,0,0,0,0,0,0,0,0,0,0,0,0,0,0,0,0,0,0,0,0,0,0,0,0,0,0,0,0,0,0,0,0,0,0.011828658
ASV609,0,0,0,0,0,0,0,0,0,0,0,0,0,0,0,0,0,0,0,0.008445737,0,0,0,0,0,0,0,0,0,0,0,0,0,0,0,0,0.003565993
ASV1624,0,0,0,0,0,0,0,0,0,0,0,0,0,0,0,0,0,0,0,0,0,0,0,0,0,0.012037833,0,0,0,0,0,0,0,0,0,0,0
ASV2065,0,0,0,0,0,0,0,0,0,0,0,0,0,0,0,0,0,0,0,0,0,0,0,0,0,0,0,0,0.012300333,0,0,0,0,0,0,0,0
ASV295,0,0,0,0,0.01240343,0,0,0,0,0,0,0,0,0,0,0,0,0,0,0,0,0,0,0,0,0,0,0,0,0,0,0,0,0,0,0,0
ASV1109,0,0,0,0,0,0,0,0,0,0,0,0,0,0,0,0,0,0,0,0,0,0,0,0,0,0,0,0,0,0,0,0,0,0,0,0,0.01256795
ASV1718,0,0,0,0,0,0,0,0,0,0,0,0,0,0,0,0,0,0,0,0,0,0,0,0,0,0,0,0,0,0,0.012722119,0,0,0,0,0,0
ASV1302,0,0,0,0,0,0,0,0,0,0,0.012759644,0,0,0,0,0,0,0,0,0,0,0,0,0,0,0,0,0,0,0,0,0,0,0,0,0,0
ASV1146,0,0,0,0,0,0,0,0,0,0,0,0.013416589,0,0,0,0,0,0,0,0,0,0,0,0,0,0,0,0,0,0,0,0,0,0,0,0,0
ASV489,0,0,0,0,0.006697852,0,0,0,0,0,0,0,0,0,0,0,0,0,0,0,0,0,0.006673022,0,0,0,0,0,0,0.000194184,0,0,0,0,0,0,0
ASV1035,0,0,0,0,0,0,0,0,0,0,0,0,0,0,0,0,0,0,0,0,0,0,0,0,0,0,0,0,0,0,0,0,0,0,0,0,0.013959556
ASV1701,0,0,0,0,0,0.000105912,0,0,0,0,0,0,0,0,0,0,0,0,0,0,0,0,0,0,0,0,0,0,0.013667037,0,0,0,0,0,0.000207577,0,0
ASV867,0,0,0,0,0,0,0.01419704,0,0,0,0,0,0,0,0,0,0,0,0,0,0,0,0,0,0,0,0,0,0,0,0,0,0,0,0,0,0
ASV1065,0,0,0,0,0,0,0,0,0,0,0,0.014724496,0,0,0,0,0,0,0,0,0,0,0,0,0,0,0,0,0,0,0,0,0,0,0,0,0
ASV1725,0,0,0,0,0,0,0,0,0,0,0,0,0,0,0,0,0,0,0,0,0,0,0,0.014897428,0,0,0,0,0,0,0,0,0,0,0,0,0
ASV616,0,0,0,0,0,0,0,0,0,0,0,0,0,0,0,0,0,0,0,0.014942458,0,0,0,0,0,0,0,0,0,0,0,0,0,0,0,0,0
ASV1018,0,0,0,0,0,0,0,0,0,0,0,0,0,0,0,0,0,0,0,0.001732459,0,0,0,0,0,0,0,0.013544987,0,0,0,0,0,0,0,0,0
ASV865,0,0,0,0,0,0,0,0,0,0,0,0.009239727,0,0,0,0,0,0,0,0,0,0,0,0,0,0,0,0,0,0,0,0,0.001171003,0.004998698,0,0,0
ASV246,0,0,0,0,0.015415692,0,0,0,0,0,0,0,0,0,0,0,0,0,0,0,0,0,0,0,0,0,0,0,0,0,0,0,0,0,0,0,0
ASV175,0,0,0,0,0.015823233,0,0,0,0,0,0,0,0,0,0,0,0,0,0,0,0,0,0,0,0,0,0,0,0,0,0,0,0,0,0,0,0
ASV1659,0,0,0,0,0,0,0,0,0,0,0,0,0,0,0,0,0,0,0,0,0,0,0,0,0,0,0,0,0.016485863,0,0,0,0,0,0,0,0
ASV484,0,0,0,0,0,0,0,0,0,0,0,0,0,0,0,0,0,0,0.016555649,0,0,0,0,0,0,0,0,0,0,0,0,0,0,0,0,0,0
ASV2,0,0,0,0,0,0,0,0,0,0,0,0.017340309,0,0,0,0,0,0,0,0,0,0,0,0,0,0,0,0,0,0,0,0,0,0,0.000103788,0,0
ASV832,0,0,0,0,0,0,0,0,0,0,0.017448071,0,0,0,0,0,0,0,0,0,0,0,0,0,0,0,0,0,0,0,0,0,0,0,0,0,0
ASV722,0,0,0,0,0,0,0.017061913,0,0,0,0,0,0,0,0,0.000674479,0,0,0,0,0,0,0,0,0,0,0,0,0,0,0,0,0,0,0,0,0
ASV300,0,0,0.0156295,0,0,0,0,0,0,0,0,0,0,0,0,0,0,0,0,0,0,0,0,0,0,0,0,0,0,0,0,0,0,0.00218693,0,0,0
ASV55,0,0,0,0.017837808,0,0,0,0,0,0,0,0,0,0,0,0,0,0,0,0,0,0,0,0,0,0,0,0,0,0,0,0,0,0,0,0,0
ASV224,0,0,0,0,0.018011553,0,0,0,0,0,0,0,0,0,0,0,0,0,0,0,0,0,0,0,0,0,0,0,0,0,0,0,0,0,0,0,0
ASV1203,0,0,0,0,0,0,0,0,0,0,0,0,0,0,0,0,0,0,0,0,0.018291416,0,0,0,0,0,0,0,0,0,0,0,0,0,0,0,0
ASV762,0,0,0,0,0,0,0,0.00042936,0,0,0,0,0,0,0,0.000632324,0,0,0.01286943,0,0,0.000950899,0.002273227,0,0,0,0,0,0,0,0.000483994,0,0,0,0,0,0.00095673
ASV1044,0,0,0,0,0,0,0,0,0,0,0,0,0,0,0,0,0,0,0,0,0,0,0,0,0,0,0,0,0,0,0,0,0,0.018693049,0,0,0
ASV1040,0,0,0,0,0,0,0,0,0,0,0,0,0,0,0,0,0,0,0,0,0,0,0,0,0,0,0,0,0,0,0,0,0,0.018745118,0,0,0
ASV547,0,0,0,0,0,0,0,0,0,0,0,0,0,0,0,0,0.000281353,0,0,0,0,0,0,0,0,0,0,0,0,0.018641682,0,0,0,0,0,0,0
ASV165,0,0,0,0,0,0,0,0,0,0,0.019287834,0,0,0,0,0,0,0,0,0,0,0,0,0,0,0,0,0,0,0,0,0,0,0,0,0,0
ASV543,0,0,0,0,0,0.00079434,0,0,0,0,0,0,0,0,0,0.01121322,0,0,0,0,0.001247142,0,0,0,0,0,0,0.006190243,0,0,0,0,0,0,0,0,0
ASV1311,0,0,0,0,0,0,0,0,0,0,0,0,0,0,0,0,0,0,0.009959258,0,0,0.00950899,0,0,0,0,0,0,0,0,0,0,0,0,0,0.000237996,0
ASV885,0,0,0,0,0,0,0,0,0,0,0.013649852,0,0,0,0,0.004131186,0,0,0,0,0.002286427,0,0,0,0,0,0,0,0,0,0,0,0,0,0,0,0
ASV717,0,0,0,0,0.00043412,0,0,0,0,0,0,0,0,0,0.001601423,0,0,0.002806494,0,0,0,0,0,0,0,0,0,0,0.015717092,0,0,0,0,0,0,0,0
ASV47,0,0,0,0.020265763,0,0,0,0,0,0,0,0,0,0,0,0,0,0,0.001034728,0,0,0,0,0,0,0,0,0,0,0,0,0,0,0,0,0,0
ASV928,0,0,0,0,0,0,0,0,0,0,0,0,0,0,0,0,0,0,0,0,0,0,0,0,0,0.021496131,0,0,0,0,0,0,0,0,0,0,0
ASV919,0,0,0,0,0,0,0,0,0,0,0,0,0,0,0,0,0,0,0,0,0,0,0,0,0,0,0,0.001041922,0,0,0,0,0,0.021088258,0,0,0
ASV211,0,0,0,0.023054629,0,0,0,0,0,0,0,0,0,0,0,0,0,0,0,0,0,0,0,0,0,0,0,0,0,0,0,0,0,0,0,0,0
ASV208,0,0,0.023638096,0,0,0,0,0,0,0,0,0,0,0,0,0,0,0,0,0,0,0,0,0,0,0,0,0,0,0,0,0,0,0,0,0,0
ASV147,0,0,0,0,0.023858884,0,0,0,0,0,0,0,0,0,0,0,0,0,0,0,0,0,0,0,0,0,0,0,0,0,0,0,0,0,0,0,0
ASV803,0,0,0,0,0,0,0,0,0,0,0,0,0,0,0,0,0,0,0,0,0,0,0,0,0,0,0,0,0,0,0,0,0,0.025149701,0,0,0
ASV773,0,0,0,0,0,0,0,0,0,0,0,0,0,0,0,0,0,0,0,0,0,0,0,0,0.025823332,0,0,0,0,0,0,0,0,0,0,0,0
ASV1133,0,0,0,0,0,0,0,0,0,0,0,0,0,0,0,0,0,0,0,0,0,0,0,0,0,0,0,0,0.027761169,0,0,0,0,0,0,0,0
ASV497,0,0,0,0,0,0,0,0,0,0,0,0.027845751,0,0,0,0,0,0,0,0,0,0,0,0,0,0,0,0,0,0,0,0,0,0,0,0,0
ASV813,0,0,0,0,0,0,0,0,0,0,0,0,0,0,0,0,0,0,0,0,0,0,0,0,0,0,0,0.028009316,0,0,0,0,0,0,0,0,0
ASV142,0,0,0,0,0,0,0,0,0.017380937,0,0,0,0,0,0,0,0,0,0.012610748,0,0,0,0,0,0,0,0,0,0,0,0,0,0,0,0,0,0
ASV545,0,0,0,0,0,0,0,0,0,0,0,0,0,0,0,0.031700531,0,0,0,0,0,0,0,0,0,0,0,0,0,0,0,0,0,0,0,0,0
ASV267,0,0,0,0,0,0,0,0,0.025192947,0,0,0,0,0,0,0,0,0,0,0,0,0,0,0,0,0,0,0,0,0.003422496,0,0,0,0.003280396,0,0,0
ASV782,0,0,0,0,0,0,0,0,0,0,0,0,0,0,0,0,0,0,0.031947229,0,0,0,0,0,0,0,0,0,0,0,0,0,0,0,0,0,0
ASV471,0,0,0,0,0,0,0,0,0,0,0.032284866,0,0,0,0,0,0,0,0,0,0,0,0,0,0,0,0,0,0,0,0,0,0,0,0,0,0
ASV544,0,0,0,0,0,0,0,0,0,0,0,0.032360138,0,0,0,0,0,0,0,0,0,0,0,0,0,0,0,0,0,0,0,0,0,0,0,0,0
ASV431,0,0,0,0,0,0,0,0,0,0,0,0,0,0,0,0.032290701,0.000211015,0,0,0,0,0,0,0,0,0,0,0,0,0,0,0,0,0,0,0,0
ASV61,0,0,0,0,0.033188036,0,0,0,0,0,0,0,0,0,0,0,0,0,0,0,0,0,0,0,0,0,0,0,0,0,0,0,0,0,0,0,0
ASV320,0,0,0,0,0,0,0,0,0,0,0,0,0,0,0,0,0,0,0,0,0,0,0,0,0,0,0,0,0,0,0,0,0,0,0,0.03391444,0
ASV398,0,0,0,0,0,0,0,0,0,0,0,0,0,0,0.00480427,0,0,0,0,0,0,0,0.029625284,0,0,0,0,0,0,0,0,0,0,0,0,0,0
ASV87,0,0,0.03657591,0,0,0,0,0,0,0,0,0,0,0,0,0,0,0,0,0,0,0,0,0,0,0,0,0,0,0,0,0,0,0,0,0,0
ASV217,0,0,0,0,0,0,0,0,0,0,0,0,0,0,0,0,0,0,0.03725021,0,0,0,0,0,0,0,0,0,0,0,0,0,0,0,0,0,0
ASV309,0,0,0,0,0,0.000466013,0,0,0,0,0.011750742,0,0,0,0,0,0,0,0,0,0,0,0,0,0,0,0,0,0,0,0,0,0,0,0,0.027072053,0
ASV269,0,0,0,0,0,0,0,0,0.042981741,0,0,0,0,0,0,0,0,0,0,0,0,0,0,0,0,0,0,0,0,0,0,0,0,0,0,0,0
ASV74,0,0,0,0,0,0,0,0,0,0,0,0,0,0,0,0,0,0,0,0,0,0,0.043264648,0,0,0,0,0,0,0,0,0,0,0,0,0,0
ASV153,0,0,0,0.001049926,0.001036572,0,0.001782588,0.001444212,0,0,0,0.000590667,0,0,0,0,0,0.001598636,0,0,0,0.001988243,0.003299846,0,0.01786019,0,0,0.007783771,0.004954301,0.002427302,0,0.000688878,0,0,0.00079571,0,0
ASV332,0,0,0,0,0,0,0,0.000995336,0,0,0,0,0.036503569,0,0,0,0,0.011012825,0,0,0,0,0,0,0,0,0,0,0,0,0,0,0,0,0,0,0
ASV34,0,0,0,0,0.039947906,0,0,0,0,0,0,0,0,0,0,0,0,0.009804966,0,0,0,0,0,0,0,0,0,0,0,0,0,0,0,0,0,0,0
ASV64,0,0,0,0,0,0.054830647,0,0,0,0,0,0,0,0,0,0,0,0,0,0,0,0,0,0,0,0,0,0,0,0,0,0,0,0,0,0,0
ASV176,0,0,0,0.001060863,0.000451839,0,0,0,0,0,0,0,0,0,0,0,0,0.055135174,0,0,0,0,0,0,0,0,0,0,0,0,0,0,0,0,0,0,0
ASV582,0,0,0,0,0,0,0,0,0,0,0,0,0,0,0,0,0,0,0,0,0,0,0,0.05836861,0,0,0,0,0,0,0,0,0,0,0,0,0
ASV187,0,0,0,0,0,0,0,0,0.058448893,0,0,0,0,0,0,0,0,0,0,0,0,0,0,0,0,0,0,0,0,0,0,0,0,0,0,0,0
ASV109,0,0,0,0,0,0,0,0,0,0,0,0,0,0,0,0,0,0,0,0,0.059239243,0,0,0,0,0,0,0,0,0,0,0,0,0,0,0,0
ASV319,0,0,0.000731075,0,0,0,0,0,0,0,0,0,0,0,0,0,0,0,0,0,0,0,0,0,0,0,0,0.046947781,0,0.012306423,0,0,0,0,0,0,0
ASV170,0,0,0,0,0,0,0.002833042,0,0.000219615,0,0.002789318,0,0,0.00060693,0,0.012056319,0,0,0,0,0.015381418,0,0,0,0,0,0,0,0,0,0,0,0,0,0.023490746,0.003212947,0
ASV162,0,0,0,0,0,0,0,0,0,0,0,0,0,0,0,0,0,0,0,0,0,0,0,0,0,0,0,0,0,0.061653478,0,0,0,0,0,0,0
ASV228,0,0,0,0,0,0,0.001782588,0,0,0,0.000474777,0,0,0,0,0.006281089,0.044664838,0,0.001422751,0,0.008937851,0,0,0.00097688,0,0,0,0,0,0,0,0,0,0,0,0,0
ASV308,0,0,0,0,0,0,0,0,0,0,0,0,0,0,0,0,0,0,0,0,0,0,0,0,0.06728855,0,0,0,0,0,0,0,0,0,0,0,0
ASV139,0,0,0,0,0,0,0,0,0,0,0,0,0,0,0,0,0,0,0,0,0,0,0,0,0,0,0,0,0,0.06832856,0,0,0,0,0,0,0
ASV388,0,0,0,0,0,0,0,0,0,0,0,0,0,0,0,0,0,0,0,0,0,0,0,0,0,0,0,0.069992645,0,0,0,0,0,0,0,0,0
ASV270,0,0,0,0,0,0,0,0,0,0,0,0,0.070513372,0,0,0,0,0,0,0,0,0,0,0,0,0,0,0,0,0,0,0,0,0,0,0,0
ASV219,0,0,0,0.000885875,0,0,0,0,0,0,0,0,0,0,0,0,0,0.009804966,0,0,0,0,0,0.061299251,0,0,0,0,0,0,0,0,0,0,0,0,0
ASV260,0,0,0,0,0,0,0,0.01170983,0.000815712,0.000423549,0,0,0,0,0,0,0,0,0.031688547,0.005228313,0,0,0.022952262,0,0,0,0,0,0,0,0,0,0,0,0,0,0
ASV375,0,0,0,0,0,0,0,0,0,0,0,0,0,0,0,0,0,0,0.074241738,0,0,0,0,0,0,0,0,0,0,0,0,0,0,0,0,0,0
ASV265,0,0,0,0.000557773,0.000124034,0.000116503,0.002037243,0,0,0,0,0,0,0,0,0,0,0,0.054064541,0,0.002771427,0.00596473,0.004033145,0.008547704,0,0,0,0,0,0,0,0,0,0,0,0,0
ASV72,0,0,0,0,0.00021263,0.035067466,0,0,0,0,0,0,0,0,0,0,0,0,0,0.002815246,0.041432828,0,0,0,0,0,0,0,0,0,0,0,0,0,0,0.001368477,0
ASV15,0,0,0,0.084869033,0,0,0,0,0,0,0,0,0,0,0,0,0,0,0,0,0,0,0,0,0,0,0,0,0,0,0,0,0,0,0,0,0
ASV348,0,0,0,0,0,0,0,0,0,0,0,0,0,0,0,0,0,0,0,0,0.087507795,0,0,0,0,0,0,0,0,0,0,0,0,0,0,0,0
ASV14,0,0,0.0905647,0,0,0,0,0,0,0,0,0,0,0,0,0,0,0,0,0,0,0,0,0,0,0,0,0,0,0,0,0,0,0,0,0,0
ASV57,0,0,0,0,0,0,0.107782906,0,0.001694171,0,0,0,0,0,0,0,0,0,0,0,0,0.000778008,0,0,0,0,0,0,0,0,0,0,0,0,0,0,0
ASV148,0,0,0,0,0,0,0,0,0,0,0,0,0,0,0,0,0,0,0,0,0,0,0,0,0,0.114160989,0,0,0,0,0,0,0,0,0,0,0
ASV16,0,0,0,0,0,0,0,0,0,0,0,0,0,0,0,0,0,0,0,0,0,0,0,0.171768154,0,0,0,0,0,0,0,0,0,0,0,0,0