,1-0-5-amf,1250-0-5-amf,13-0-5-amf,1338-0-5-amf,1387-0-5-amf,522-0-5-amf,856-0-5-amf,98-0-5-amf,1601-0-5-AMF,1619-0-5-AMF,1832-0-5-AMF,1850-0-5-AMF,1859-0-5-AMF,1875-0-5-AMF,1973-0-5-AMF,2355-0-5-AMF,2352-0-5-AMF,2597-0-5-AMF,2398-0-5-AMF,2500-0-5-AMF,2537-0-5-AMF,2629-0-5-AMF,2869-0-5-AMF,2893-0-5-AMF,2923-0-5-AMF,3239-0-5-AMF,3381-0-5-AMF,3409-0-5-AMF,3500-0-5-AMF,3667-0-5-AMF,3682-0-5-AMF,3779-0-5-AMF,3907-0-5-AMF,473-0-5-AMF,672-0-5-AMF,717-0-5-AMF
ASV1913,0,0,0,0,0,0,0,0,0,0,0,0,0,0,0,0.000330797,0,0,0,0,0,0,0,0,0,0,0,0,0,0,0,0,0,0,0,0
ASV1430,0,0,0,0,0,0,0,0,0,0,0,0,0,0,0,0,0,0,0.000527148,0,0,0,0,0,0,0,0,0,0,0,0,0,0,0,0,0
ASV1669,0,0,0,0,0,0,0,0,0,0,0,0,0,0,0,0,0,0.000649632,0,0,0,0,0,0,0,0,0,0,0,0,0,0,0,0,0,0
ASV3416,0,0,0,0,0,0,0,0,0,0,0,0.000553403,0,0,0,0,0,0,0,0.000816493,0,0,0,0,0,0,0,0,0,0,0,0,0,0,0,0
ASV1904,0,0.001484047,0,0,0,0,0,0,0,0,0,0,0,0,0,0,0,0,0,0,0,0,0,0,0,0,0,0,0,0,0,0,0,0,0,0
ASV2894,0,0.000742023,0,0,0,0,0,0,0,0,0,0,0,0,0,0,0,0,0,0,0,0,0,0,0,0,0,0,0,0,0,0,0,0,0,0.000745156
ASV3002,0,0.000989364,0,0,0,0,0,0,0,0,0,0,0,0,0,0,0,0,0,0.00061237,0,0,0,0,0,0,0,0,0,0,0,0,0,0,0,0
ASV1849,0,0,0,0,0,0,0,0,0,0,0,0.001106807,0,0,0,0,0,0,0,0,0,0,0,0,0,0,0,0,0.000744048,0,0,0,0,0,0,0
ASV3411,0,0,0,0,0,0,0,0,0,0,0,0,0.000687285,0,0,0,0,0.000216544,0.001054296,0,0,0,0,0,0,0,0,0,0,0,0,0,0,0,0,0
ASV1036,0,0,0,0,0,0,0,0,0,0,0,0,0,0,0,0,0,0,0,0,0,0,0,0,0,0.002061249,0,0,0,0,0,0,0,0,0,0
ASV2736,0,0,0,0,0,0,0,0,0,0,0,0,0,0,0.002204262,0,0,0,0,0,0,0,0,0,0,0,0,0,0,0,0,0,0,0,0,0
ASV2781,0,0.00222607,0,0,0,0,0,0,0,0,0,0,0,0,0,0,0,0,0,0,0,0,0,0,0,0,0,0,0,0,0,0,0,0,0,0
ASV3593,0,0,0,0,0,0,0,0,0,0,0,0,0.000687285,0,0,0,0,0,0.001581444,0,0,0,0,0,0,0,0,0,0,0,0,0,0,0,0,0
ASV3503,0,0,0,0,0,0,0,0,0,0,0,0,0,0,0,0,0,0,0,0,0,0,0,0,0,0,0,0,0,0,0,0.002380952,0,0,0,0
ASV3461,0,0,0,0,0,0,0,0,0,0,0,0,0,0,0,0,0,0,0,0.002449479,0,0,0,0,0,0,0,0,0,0,0,0,0,0,0,0
ASV2586,0,0,0,0,0,0,0,0,0,0,0,0,0,0,0,0,0,0,0,0,0,0,0,0,0,0,0,0,0,0.002583979,0,0,0,0,0,0
ASV3673,0,0,0,0,0,0,0,0,0,0,0,0,0,0,0,0,0,0,0,0,0,0,0,0,0,0,0,0,0,0,0,0,0,0,0,0.00273224
ASV805,0,0,0,0,0,0,0,0,0,0,0,0,0,0,0,0,0,0,0,0,0,0,0,0,0,0,0,0,0,0,0,0,0,0,0,0.00273224
ASV2464,0,0,0,0,0,0,0,0,0,0,0,0,0.002749141,0,0,0,0,0,0,0,0,0,0,0,0,0,0,0,0,0,0,0,0,0,0,0
ASV2388,0,0,0,0,0,0,0,0,0,0,0,0,0,0,0,0,0,0,0,0,0,0,0,0,0,0,0,0,0,0,0,0.002777778,0,0,0,0
ASV3296,0,0,0,0,0,0,0,0,0,0,0,0,0,0,0,0,0,0.002815071,0,0,0,0,0,0,0,0,0,0,0,0,0,0,0,0,0,0
ASV2914,0,0,0,0,0,0,0,0,0,0,0,0,0,0,0,0.001653986,0,0.000216544,0,0.001020616,0,0,0,0,0,0,0,0,0,0,0,0,0,0,0,0
ASV3514,0,0,0,0,0,0,0,0,0,0,0,0,0,0,0,0,0,0,0,0,0,0,0,0,0,0,0,0,0,0,0,0,0,0,0,0.002980626
ASV3515,0,0,0,0,0,0,0,0,0,0,0,0,0,0,0,0,0,0,0,0,0,0,0,0,0,0,0,0,0,0,0,0,0,0,0,0.002980626
ASV408,0,0,0,0,0,0,0,0,0,0,0,0,0,0,0,0,0,0,0,0,0,0,0,0,0,0,0,0,0,0,0,0,0,0,0,0.002980626
ASV3272,0,0,0,0,0,0,0,0,0.001802451,0,0,0,0,0,0,0,0,0,0,0,0,0,0,0,0,0,0,0,0,0,0,0.001190476,0,0,0,0
ASV3048,0,0,0,0,0,0,0,0,0,0,0,0,0,0,0,0,0,0,0,0.003061849,0,0,0,0,0,0,0,0,0,0,0,0,0,0,0,0
ASV2549,0.001874414,0,0,0,0,0,0,0,0,0,0,0,0,0,0,0,0,0,0,0,0,0,0,0,0,0,0,0,0,0,0,0.000198413,0,0,0,0.000993542
ASV3417,0.001874414,0,0,0,0,0,0,0,0,0,0,0,0,0,0,0,0,0,0,0,0,0,0,0,0,0,0,0,0,0,0,0.000595238,0,0.000614251,0,0
ASV3687,0,0,0.003124024,0,0,0,0,0,0,0,0,0,0,0,0,0,0,0,0,0,0,0,0,0,0,0,0,0,0,0,0,0,0,0,0,0
ASV2409,0,0,0,0,0,0,0,0,0,0,0,0,0,0,0,0,0,0,0,0.00183711,0,0,0,0.00130719,0,0,0,0,0,0,0,0,0,0,0,0
ASV2811,0,0,0,0,0,0,0,0,0,0,0,0.001106807,0.002061856,0,0,0,0,0,0,0,0,0,0,0,0,0,0,0,0,0,0,0,0,0,0,0
ASV2019,0,0,0,0,0,0,0,0,0,0,0,0,0.00137457,0.00084317,0,0,0,0.000433088,0.000527148,0,0,0,0,0,0,0,0,0,0,0,0,0,0,0,0,0
ASV3362,0,0,0,0,0,0,0,0,0,0,0,0,0,0,0,0,0,0,0,0,0,0,0,0,0,0,0,0,0,0,0,0,0,0,0,0.003229011
ASV3364,0,0,0,0,0,0,0,0,0,0,0,0,0,0,0,0,0,0,0,0,0,0,0,0,0,0,0,0,0,0,0,0,0,0,0,0.003229011
ASV3042,0,0,0,0,0,0,0,0,0,0,0,0,0,0,0,0,0,0.003248159,0,0,0,0,0,0,0,0,0,0,0,0,0,0,0,0,0,0
ASV2934,0,0,0,0,0,0,0,0,0,0,0,0,0,0,0,0,0,0,0,0.003265973,0,0,0,0,0,0,0,0,0,0,0,0,0,0,0,0
ASV2077,0,0,0,0,0,0,0,0,0,0,0,0,0,0,0,0,0.00051573,0.002815071,0,0,0,0,0,0,0,0,0,0,0,0,0,0,0,0,0,0
ASV3204,0,0,0,0,0,0,0,0,0,0,0,0,0,0,0,0,0,0,0,0,0,0,0,0,0,0,0,0,0,0,0,0,0,0,0,0.003477397
ASV574,0,0,0,0,0,0,0,0,0,0,0,0,0,0,0,0,0,0,0,0,0,0,0,0,0,0,0,0,0,0,0.003516174,0,0,0,0,0
ASV976,0,0,0,0,0,0,0,0,0,0,0,0,0,0,0,0,0.003610108,0,0,0,0,0,0,0,0,0,0,0,0,0,0,0,0,0,0,0
ASV2901,0,0,0,0,0,0,0,0,0.001441961,0,0,0,0,0,0,0,0,0,0,0,0,0,0,0,0,0,0,0,0,0,0,0.00218254,0,0,0,0
ASV1822,0,0,0,0,0,0,0,0,0,0,0,0,0,0,0,0.003638769,0,0,0,0,0,0,0,0,0,0,0,0,0,0,0,0,0,0,0,0
ASV3218,0,0,0,0,0.003738855,0,0,0,0,0,0,0,0,0,0,0,0,0,0,0,0,0,0,0,0,0,0,0,0,0,0,0,0,0,0,0
ASV3374,0,0,0.003748828,0,0,0,0,0,0,0,0,0,0,0,0,0,0,0,0,0,0,0,0,0,0,0,0,0,0,0,0,0,0,0,0,0
ASV339,0,0,0.003748828,0,0,0,0,0,0,0,0,0,0,0,0,0,0,0,0,0,0,0,0,0,0,0,0,0,0,0,0,0,0,0,0,0
ASV3559,0,0,0,0,0,0.002415459,0,0,0,0,0,0,0,0,0,0,0,0,0,0,0,0,0,0,0,0,0,0,0,0,0,0,0,0,0.001447178,0
ASV3648,0,0,0,0,0,0,0,0,0,0,0,0,0,0,0,0,0,0,0,0,0,0,0,0,0,0,0,0,0,0,0.003867792,0,0,0,0,0
ASV3649,0,0,0,0,0,0,0,0,0,0,0,0,0,0,0,0,0,0,0,0,0,0,0,0,0,0,0,0,0,0,0.003867792,0,0,0,0,0
ASV3045,0,0,0,0,0,0,0,0,0,0,0,0,0,0,0,0,0,0,0.003953611,0,0,0,0,0,0,0,0,0,0,0,0,0,0,0,0,0
ASV2964,0,0,0,0,0,0,0,0,0,0,0,0,0,0,0,0,0,0,0,0,0,0,0,0,0,0,0,0,0,0,0,0,0,0,0,0.003974168
ASV810,0,0,0,0,0,0,0,0,0,0,0,0,0.000687285,0,0,0,0,0.001732352,0.001581444,0,0,0,0,0,0,0,0,0,0,0,0,0,0,0,0,0
ASV1093,0,0,0,0,0.00402646,0,0,0,0,0,0,0,0,0,0,0,0,0,0,0,0,0,0,0,0,0,0,0,0,0,0,0,0,0,0,0
ASV2200,0,0,0,0,0,0,0,0,0,0,0,0,0,0,0,0,0,0,0,0,0,0,0,0,0,0,0,0,0,0,0.004219409,0,0,0,0,0
ASV2857,0,0,0,0,0,0,0,0,0,0,0,0,0,0,0,0,0,0,0,0,0,0,0,0,0,0,0,0,0,0,0,0,0,0,0,0.004222553
ASV2132,0,0,0,0,0,0,0,0,0,0,0,0,0,0,0,0,0,0,0,0,0,0,0,0,0,0,0,0,0,0,0,0,0,0,0,0.004222553
ASV3736,0,0.000742023,0,0,0,0,0,0,0,0.001116071,0,0,0,0,0,0,0,0,0,0,0,0,0.000614628,0,0,0,0,0.001848429,0,0,0,0,0,0,0,0
ASV3434,0,0,0,0,0,0,0,0,0.004325883,0,0,0,0,0,0,0,0,0,0,0,0,0,0,0,0,0,0,0,0,0,0,0,0,0,0,0
ASV3069,0,0,0,0,0,0,0,0,0,0,0,0,0,0,0,0,0,0,0,0,0,0,0,0,0,0.004416961,0,0,0,0,0,0,0,0,0,0
ASV1821,0,0,0,0,0,0,0,0,0,0,0,0.004427227,0,0,0,0,0,0,0,0,0,0,0,0,0,0,0,0,0,0,0,0,0,0,0,0
ASV1155,0,0.00445214,0,0,0,0,0,0,0,0,0,0,0,0,0,0,0,0,0,0,0,0,0,0,0,0,0,0,0,0,0,0,0,0,0,0
ASV3132,0,0.000247341,0,0,0,0,0,0,0,0,0,0,0,0,0,0,0,0,0.00131787,0,0,0,0,0,0,0,0,0.001848429,0,0,0.001054852,0,0,0,0,0
ASV2776,0,0,0,0,0,0,0,0,0,0,0,0,0,0,0,0,0,0,0,0,0,0,0,0,0,0,0,0,0,0,0,0,0,0,0,0.004470939
ASV1811,0,0,0,0,0,0,0,0,0,0,0,0,0,0,0,0,0,0,0.004480759,0,0,0,0,0,0,0,0,0,0,0,0,0,0,0,0,0
ASV1905,0,0,0.004686036,0,0,0,0,0,0,0,0,0,0,0,0,0,0,0,0,0,0,0,0,0,0,0,0,0,0,0,0,0,0,0,0,0
ASV116,0,0,0.004686036,0,0,0,0,0,0,0,0,0,0,0,0,0,0,0,0,0,0,0,0,0,0,0,0,0,0,0,0,0,0,0,0,0
ASV3271,0,0,0,0,0,0,0,0,0.004686373,0,0,0,0,0,0,0,0,0,0,0,0,0,0,0,0,0,0,0,0,0,0,0,0,0,0,0
ASV2683,0,0,0,0,0,0,0,0,0,0,0,0,0,0,0,0,0,0,0,0,0,0,0,0,0,0,0,0,0,0,0,0,0,0,0,0.004719324
ASV3408,0,0,0.000624805,0,0,0,0,0,0,0,0,0,0.004123711,0,0,0,0,0,0,0,0,0,0,0,0,0,0,0,0,0,0,0,0,0,0,0
ASV2340,0,0,0,0,0,0,0,0,0,0,0,0.002213614,0,0,0,0,0,0.000866176,0,0,0,0,0.001843884,0,0,0,0,0,0,0,0,0,0,0,0,0
ASV2632,0,0,0.002186817,0,0,0,0,0,0,0.002790179,0,0,0,0,0,0,0,0,0,0,0,0,0,0,0,0,0,0,0,0,0,0,0,0,0,0
ASV2468,0,0,0,0,0,0,0,0,0,0,0,0,0,0,0,0,0,0,0,0,0,0,0,0,0,0,0,0,0,0,0,0,0.005208333,0,0,0
ASV2799,0,0,0,0,0,0,0,0,0,0,0,0,0,0,0,0,0,0,0,0,0,0,0,0,0,0,0,0,0.005208333,0,0,0,0,0,0,0
ASV3256,0,0,0,0,0,0.003220612,0,0,0,0,0,0,0,0,0,0.000661594,0,0,0,0.001428863,0,0,0,0,0,0,0,0,0,0,0,0,0,0,0,0
ASV2185,0,0,0,0,0,0,0,0,0,0,0,0,0,0,0,0.003307972,0,0,0,0,0,0.002107482,0,0,0,0,0,0,0,0,0,0,0,0,0,0
ASV1871,0,0.005441504,0,0,0,0,0,0,0,0,0,0,0,0,0,0,0,0,0,0,0,0,0,0,0,0,0,0,0,0,0,0,0,0,0,0
ASV1875,0,0,0,0,0,0,0,0,0,0,0,0,0,0,0,0,0,0,0,0,0,0,0,0.005228758,0,0,0,0,0,0,0,0,0,0,0,0.000248385
ASV517,0,0,0,0,0,0,0,0,0,0,0,0,0,0,0,0,0,0,0.005535055,0,0,0,0,0,0,0,0,0,0,0,0,0,0,0,0,0
ASV2462,0,0.000494682,0,0,0.000287604,0,0,0,0,0,0,0,0,0,0,0,0,0.00216544,0,0,0,0,0,0.002614379,0,0,0,0,0,0,0,0,0,0,0,0
ASV3124,0,0,0,0,0,0.004830918,0,0,0,0,0,0,0,0,0,0,0,0,0,0,0,0,0,0,0,0,0,0,0.000744048,0,0,0,0,0,0,0
ASV571,0,0,0.005623243,0,0,0,0,0,0,0,0,0,0,0,0,0,0,0,0,0,0,0,0,0,0,0,0,0,0,0,0,0,0,0,0,0
ASV2192,0,0,0,0,0,0,0,0,0,0,0,0,0,0,0,0,0,0.005630143,0,0,0,0,0,0,0,0,0,0,0,0,0,0,0,0,0,0
ASV3644,0,0,0,0,0,0,0,0,0,0,0,0,0,0,0,0,0,0,0,0,0,0,0,0,0,0,0,0,0,0.005684755,0,0,0,0,0,0
ASV566,0,0.000494682,0,0,0,0,0,0,0.000720981,0,0,0,0,0,0,0,0,0,0,0,0,0,0,0,0,0,0,0,0,0,0,0.004563492,0,0,0,0
ASV1677,0,0,0,0,0,0,0,0,0,0,0,0,0,0,0,0.002977175,0,0.001732352,0,0.00122474,0,0,0,0,0,0,0,0,0,0,0,0,0,0,0,0
ASV2443,0,0,0,0,0.006039689,0,0,0,0,0,0,0,0,0,0,0,0,0,0,0,0,0,0,0,0,0,0,0,0,0,0,0,0,0,0,0
ASV2289,0,0,0,0,0,0,0,0,0,0,0,0,0,0,0,0,0,0.002815071,0,0,0,0,0,0,0,0.003239105,0,0,0,0,0,0,0,0,0,0
ASV3868,0,0,0,0,0,0,0,0,0,0,0,0,0,0,0,0,0,0,0,0,0,0,0,0,0,0,0,0,0,0,0,0,0,0.006142506,0,0
ASV3007,0,0,0,0,0.000862813,0,0,0,0,0,0,0,0.003436426,0,0,0,0,0,0,0,0,0,0,0,0,0,0,0.001848429,0,0,0,0,0,0,0,0
ASV2720,0,0,0,0,0,0,0,0.002040816,0,0,0,0,0,0,0,0,0.00103146,0.000216544,0,0,0,0,0,0,0,0,0,0,0,0,0,0,0,0,0.002894356,0
ASV2510,0,0,0,0,0,0,0,0,0,0,0,0,0,0,0,0,0,0,0,0,0,0,0,0,0,0.006183746,0,0,0,0,0,0,0,0,0,0
ASV3158,0,0,0,0,0,0,0,0,0,0,0,0,0,0,0,0.001984783,0,0,0,0,0,0.004214963,0,0,0,0,0,0,0,0,0,0,0,0,0,0
ASV1928,0,0,0,0,0,0,0,0,0,0,0,0,0,0,0,0,0,0,0,0,0,0,0,0,0,0,0,0,0,0,0,0.006349206,0,0,0,0
ASV1478,0,0,0,0,0,0,0,0,0.000720981,0,0,0,0,0,0.002204262,0,0,0,0,0,0,0,0,0,0,0,0,0,0,0,0,0.00297619,0,0,0,0.000496771
ASV1748,0,0,0,0,0,0,0,0,0,0,0,0,0,0,0,0,0,0,0,0,0,0,0,0,0,0.005889282,0,0,0,0.000516796,0,0,0,0,0,0
ASV2205,0,0,0,0,0,0,0,0,0,0,0,0,0,0,0,0,0,0,0,0,0,0,0,0,0,0,0,0,0,0,0,0,0,0,0,0.006458023
ASV2420,0,0,0,0,0,0,0,0,0,0,0,0,0,0,0,0,0,0,0,0,0,0,0,0,0,0.00647821,0,0,0,0,0,0,0,0,0,0
ASV2343,0,0,0,0,0,0,0,0,0,0,0,0,0,0,0,0.000992392,0,0.000433088,0,0.002245356,0,0.001580611,0,0.00130719,0,0,0,0,0,0,0,0,0,0,0,0
ASV430,0,0,0,0,0,0,0,0,0,0,0,0,0,0,0.006612785,0,0,0,0,0,0,0,0,0,0,0,0,0,0,0,0,0,0,0,0,0
ASV648,0,0,0,0,0.006614898,0,0,0,0,0,0,0,0,0,0,0,0,0,0,0,0,0,0,0,0,0,0,0,0,0,0,0,0,0,0,0
ASV3562,0,0,0,0,0,0,0,0,0,0,0,0,0,0,0,0,0,0,0,0,0,0,0,0,0,0,0,0,0.006696429,0,0,0,0,0,0,0
ASV3335,0,0,0,0,0,0,0,0,0,0,0,0,0,0,0,0,0,0,0,0,0,0,0,0,0,0,0,0,0,0.006718346,0,0,0,0,0,0
ASV1137,0,0,0,0,0,0,0,0,0,0,0,0,0,0,0,0,0,0,0,0,0,0,0,0,0,0,0,0,0,0.006718346,0,0,0,0,0,0
ASV2352,0,0,0,0,0,0,0,0,0,0,0,0,0,0,0,0,0,0,0,0,0,0,0,0,0,0.006772674,0,0,0,0,0,0,0,0,0,0
ASV3599,0,0,0,0,0,0,0,0,0,0,0,0,0,0,0,0,0,0,0,0,0.006849315,0,0,0,0,0,0,0,0,0,0,0,0,0,0,0
ASV204,0,0,0,0,0,0,0,0,0,0,0,0,0,0,0,0,0,0,0,0,0,0,0,0,0,0,0,0,0,0,0.00140647,0,0,0,0,0.005464481
ASV598,0,0,0,0,0,0,0,0,0,0,0,0,0.006872852,0,0,0,0,0,0,0,0,0,0,0,0,0,0,0,0,0,0,0,0,0,0,0
ASV2093,0,0,0,0,0,0,0,0,0,0,0,0.002767017,0.004123711,0,0,0,0,0,0,0,0,0,0,0,0,0,0,0,0,0,0,0,0,0,0,0
ASV2056,0,0.00692555,0,0,0,0,0,0,0,0,0,0,0,0,0,0,0,0,0,0,0,0,0,0,0,0,0,0,0,0,0,0,0,0,0,0
ASV1528,0,0,0,0,0,0,0,0.005102041,0,0,0,0,0,0,0,0,0,0,0,0,0,0,0,0,0,0,0,0,0,0,0,0.001587302,0,0,0,0.000248385
ASV468,0,0,0,0,0,0,0,0,0,0,0,0,0,0,0,0,0,0,0,0.006940192,0,0,0,0,0,0,0,0,0,0,0,0,0,0,0,0
ASV1751,0,0,0,0,0,0,0,0,0,0,0,0.005534034,0,0,0,0,0,0,0,0,0,0,0,0,0,0,0,0,0.001488095,0,0,0,0,0,0,0
ASV2599,0,0,0,0,0,0,0,0,0,0,0,0,0,0,0,0,0,0,0,0,0,0,0,0,0,0,0,0,0,0,0.007032349,0,0,0,0,0
ASV2552,0,0,0,0,0.000287604,0,0.006818182,0,0,0,0,0,0,0,0,0,0,0,0,0,0,0,0,0,0,0,0,0,0,0,0,0,0,0,0,0
ASV1807,0.000937207,0,0.000624805,0,0,0,0,0.004081633,0,0,0,0,0,0,0,0,0,0,0,0,0,0,0,0,0,0.000294464,0,0,0,0,0,0,0,0.001228501,0,0
ASV2051,0,0,0,0,0,0,0,0,0,0,0,0,0,0,0,0,0,0,0,0,0,0,0,0,0,0,0,0,0,0,0,0,0,0,0,0.007203179
ASV2052,0,0,0,0,0,0,0,0,0,0,0,0,0,0,0,0,0,0,0,0,0,0,0,0,0,0,0,0,0,0,0,0,0,0,0,0.007203179
ASV3184,0,0,0,0,0,0,0,0,0,0,0,0,0,0,0,0,0,0,0,0,0,0,0,0,0,0,0,0,0,0.007235142,0,0,0,0,0,0
ASV3455,0,0,0,0,0,0,0,0,0,0,0,0,0,0,0,0,0,0,0,0,0,0,0,0,0,0,0,0,0,0,0,0,0,0,0.00723589,0
ASV1761,0,0,0,0,0,0,0,0,0,0,0,0,0,0,0,0,0,0,0,0,0,0,0,0,0,0,0,0,0,0,0,0.00734127,0,0,0,0
ASV1762,0,0,0,0,0,0,0,0,0,0,0,0,0,0,0,0,0,0,0,0,0,0,0,0,0,0,0,0,0,0,0,0.00734127,0,0,0,0
ASV556,0,0,0,0,0,0,0,0,0,0,0,0,0,0,0,0,0,0,0,0.007348438,0,0,0,0,0,0,0,0,0,0,0,0,0,0,0,0
ASV2517,0,0,0,0,0,0,0,0,0,0,0,0,0,0,0,0,0,0,0,0,0,0,0,0,0,0,0,0,0,0,0.007383966,0,0,0,0,0
ASV2253,0,0,0.007497657,0,0,0,0,0,0,0,0,0,0,0,0,0,0,0,0,0,0,0,0,0,0,0,0,0,0,0,0,0,0,0,0,0
ASV595,0,0,0,0,0.000575209,0,0,0,0,0,0,0,0,0,0,0,0,0.005630143,0,0.001428863,0,0,0,0,0,0,0,0,0,0,0,0,0,0,0,0
ASV1063,0,0,0.000312402,0,0,0,0,0,0,0,0,0,0,0,0,0,0,0,0,0,0,0,0,0,0,0,0,0,0,0,0,0.007539683,0,0,0,0
ASV2636,0,0,0,0,0,0,0,0,0,0,0,0,0,0,0,0,0,0,0,0,0,0,0,0,0,0,0.007936508,0,0,0,0,0,0,0,0,0
ASV3601,0,0,0,0,0,0,0,0,0,0,0,0,0,0,0.008082292,0,0,0,0,0,0,0,0,0,0,0,0,0,0,0,0,0,0,0,0,0
ASV1805,0,0.000247341,0.00531084,0,0,0,0,0,0,0,0,0,0,0,0,0,0,0,0,0,0,0,0,0.002614379,0,0,0,0,0,0,0,0,0,0,0,0
ASV1695,0,0,0,0,0,0,0,0.002040816,0,0,0,0.000553403,0,0,0,0,0.002062919,0,0,0,0,0,0.001229256,0,0.001220256,0.000883392,0,0,0,0,0,0.000198413,0,0,0,0
ASV1619,0,0,0,0,0,0,0,0,0,0,0,0,0.008247423,0,0,0,0,0,0,0,0,0,0,0,0,0,0,0,0,0,0,0,0,0,0,0
ASV351,0,0,0,0,0,0,0,0,0,0,0,0.008301051,0,0,0,0,0,0,0,0,0,0,0,0,0,0,0,0,0,0,0,0,0,0,0,0
ASV168,0,0,0,0,0,0,0,0,0,0,0,0,0,0,0,0,0,0,0,0.008369055,0,0,0,0,0,0,0,0,0,0,0,0,0,0,0,0
ASV1885,0,0,0,0,0,0,0,0,0,0,0,0,0,0,0,0,0,0,0,0.004694836,0,0,0,0,0,0,0,0.003696858,0,0,0,0,0,0,0,0
ASV1609,0,0,0,0,0,0,0,0,0,0,0,0,0,0,0,0,0,0,0,0,0,0,0,0,0,0,0,0,0,0,0,0.008531746,0,0,0,0
ASV1012,0,0,0,0,0,0,0,0,0,0,0,0,0,0,0,0,0,0,0,0,0,0,0,0,0,0.008539458,0,0,0,0,0,0,0,0,0,0
ASV2502,0,0,0,0,0,0,0,0,0,0,0,0,0,0,0,0,0,0,0,0,0,0,0.008604794,0,0,0,0,0,0,0,0,0,0,0,0,0
ASV1366,0,0,0,0,0,0,0,0,0,0,0,0,0,0,0,0,0,0,0,0,0,0,0.008604794,0,0,0,0,0,0,0,0,0,0,0,0,0
ASV2020,0,0,0,0,0,0,0,0,0,0.000558036,0,0.001106807,0,0,0,0,0,0,0,0.00061237,0,0,0,0,0,0,0.002645503,0,0,0,0,0,0,0.003071253,0,0.000745156
ASV2413,0,0,0,0,0,0,0,0,0,0,0,0,0,0,0,0,0,0,0,0,0,0.008956797,0,0,0,0,0,0,0,0,0,0,0,0,0,0
ASV927,0,0,0,0,0,0,0,0,0,0,0,0,0,0,0,0,0,0,0,0.008981425,0,0,0,0,0,0,0,0,0,0,0,0,0,0,0,0
ASV2292,0,0,0,0,0,0,0,0,0,0,0,0,0,0,0,0,0,0,0,0,0,0,0.009219422,0,0,0,0,0,0,0,0,0,0,0,0,0
ASV2815,0,0,0,0,0,0,0,0,0,0,0,0.009407858,0,0,0,0,0,0,0,0,0,0,0,0,0,0,0,0,0,0,0,0,0,0,0,0
ASV3386,0,0,0,0,0,0.009661836,0,0,0,0,0,0,0,0,0,0,0,0,0,0,0,0,0,0,0,0,0,0,0,0,0,0,0,0,0,0
ASV1893,0,0,0,0,0,0,0,0,0,0,0,0,0,0,0,0,0,0,0,0,0,0,0,0,0,0.009717314,0,0,0,0,0,0,0,0,0,0
ASV1358,0,0.001236705,0,0,0,0,0,0,0.002162942,0,0,0,0,0.003372681,0,0,0,0.000866176,0,0,0,0,0,0,0,0,0,0,0,0,0.001758087,0.000396825,0,0,0,0
ASV2657,0,0,0,0,0,0,0,0,0,0,0,0,0,0,0,0,0.009798865,0,0,0,0,0,0,0,0,0,0,0,0,0,0,0,0,0,0,0
ASV82,0,0,0,0,0,0,0,0,0,0,0,0,0,0,0,0,0,0,0,0,0,0,0,0,0,0,0,0,0,0.009819121,0,0,0,0,0,0
ASV1948,0,0,0,0,0,0,0,0,0.007930786,0,0,0,0,0,0,0,0.002062919,0,0,0,0,0,0,0,0,0,0,0,0,0,0,0,0,0,0,0
ASV1692,0,0.002968093,0,0,0,0,0,0.002040816,0,0,0.001494768,0,0,0,0,0.001984783,0,0,0,0,0,0,0,0,0,0.000588928,0,0,0,0,0,0.000198413,0,0,0,0.000993542
ASV1393,0,0,0,0,0,0,0,0,0,0,0,0,0,0.007588533,0,0,0,0,0,0,0,0,0,0,0,0,0,0,0,0,0.002109705,0,0,0.000614251,0,0
ASV2941,0,0,0,0,0,0,0,0,0,0,0,0,0,0,0,0,0,0,0,0,0,0,0,0.010457516,0,0,0,0,0,0,0,0,0,0,0,0
ASV894,0,0,0,0,0,0,0,0,0,0,0,0.010514665,0,0,0,0,0,0,0,0,0,0,0,0,0,0,0,0,0,0,0,0,0,0,0,0
ASV862,0,0,0,0,0,0,0,0,0,0,0,0,0,0,0,0,0,0,0,0,0,0,0,0,0,0,0,0,0,0,0,0.010515873,0,0,0,0
ASV1814,0,0,0,0,0,0,0,0,0,0.010602679,0,0,0,0,0,0,0,0,0,0,0,0,0,0,0,0,0,0,0,0,0,0,0,0,0,0
ASV922,0,0,0,0,0,0,0,0,0,0.010602679,0,0,0,0,0,0,0,0,0,0,0,0,0,0,0,0,0,0,0,0,0,0,0,0,0,0
ASV1436,0,0,0,0,0,0,0,0,0,0,0,0,0,0,0,0,0,0.010827198,0,0,0,0,0,0,0,0,0,0,0,0,0,0,0,0,0,0
ASV1563,0,0.010883008,0,0,0,0,0,0,0,0,0,0,0,0,0,0,0,0,0,0,0,0,0,0,0,0,0,0,0,0,0,0,0,0,0,0
ASV418,0,0,0,0,0,0,0,0,0,0,0,0.011068069,0,0,0,0,0,0,0,0,0,0,0,0,0,0,0,0,0,0,0,0,0,0,0,0
ASV882,0,0,0.004373633,0,0,0,0,0,0,0.006696429,0,0,0,0,0,0,0,0,0,0,0,0,0,0,0,0,0,0,0,0,0,0,0,0,0,0
ASV3367,0.011246485,0,0,0,0,0,0,0,0,0,0,0,0,0,0,0,0,0,0,0,0,0,0,0,0,0,0,0,0,0,0,0,0,0,0,0
ASV497,0.011246485,0,0,0,0,0,0,0,0,0,0,0,0,0,0,0,0,0,0,0,0,0,0,0,0,0,0,0,0,0,0,0,0,0,0,0
ASV1925,0,0,0,0,0,0,0,0,0,0,0,0,0,0,0,0,0,0,0,0,0,0,0,0,0,0,0,0,0,0,0.011251758,0,0,0,0,0
ASV1645,0.000937207,0.000989364,0.002499219,0,0,0,0,0,0,0,0,0,0,0,0.003673769,0,0,0.00108272,0,0,0,0,0.000614628,0,0,0.000294464,0,0,0,0,0.000703235,0.000396825,0,0,0,0.000248385
ASV3142,0,0,0,0,0,0,0,0,0,0.000558036,0,0.00166021,0,0,0,0,0,0,0,0,0,0,0,0,0,0,0.009259259,0,0,0,0,0,0,0,0,0
ASV1497,0,0.011625031,0,0,0,0,0,0,0,0,0,0,0,0,0,0,0,0,0,0,0,0,0,0,0,0,0,0,0,0,0,0,0,0,0,0
ASV2179,0,0.00222607,0,0,0,0,0,0,0,0,0,0.009407858,0,0,0,0,0,0,0,0,0,0,0,0,0,0,0,0,0,0,0,0,0,0,0,0
ASV916,0,0,0,0,0,0,0,0,0,0,0,0,0,0,0,0,0,0,0,0,0,0,0,0,0.010372178,0,0,0,0,0,0.001758087,0,0,0,0,0
ASV3207,0.012183693,0,0,0,0,0,0,0,0,0,0,0,0,0,0,0,0,0,0,0,0,0,0,0,0,0,0,0,0,0,0,0,0,0,0,0
ASV150,0,0,0,0,0,0,0,0,0,0,0,0,0,0,0,0,0,0,0,0,0,0,0,0,0,0,0,0,0,0,0,0,0,0,0,0.012419275
ASV1731,0,0,0,0,0,0,0,0,0,0,0,0,0,0,0,0.012570294,0,0,0,0,0,0,0,0,0,0,0,0,0,0,0,0,0,0,0,0
ASV3029,0,0,0,0,0,0,0,0,0,0,0,0,0,0.012647555,0,0,0,0,0,0,0,0,0,0,0,0,0,0,0,0,0,0,0,0,0,0
ASV1428,0,0,0,0,0,0,0,0,0,0,0,0,0,0,0,0,0,0,0,0,0,0,0,0,0,0,0,0,0,0,0,0,0,0,0,0.01266766
ASV773,0,0,0,0,0,0,0,0,0,0,0,0,0,0,0,0,0,0,0,0,0,0,0,0,0,0.003828033,0,0,0,0,0,0.008928571,0,0,0,0
ASV1238,0,0,0,0,0,0,0,0,0,0,0,0,0,0,0,0,0,0,0,0,0,0,0,0,0,0,0,0,0,0,0,0.012896825,0,0,0,0
ASV3841,0,0,0,0,0,0,0,0,0,0,0,0,0,0,0,0,0,0,0,0,0,0,0,0,0,0,0.013227513,0,0,0,0,0,0,0,0,0
ASV907,0,0,0,0,0,0,0,0,0,0,0,0,0,0,0.007347539,0,0,0,0,0.005919575,0,0,0,0,0,0,0,0,0,0,0,0,0,0,0,0
ASV182,0,0,0,0,0,0,0,0,0,0.013392857,0,0,0,0,0,0,0,0,0,0,0,0,0,0,0,0,0,0,0,0,0,0,0,0,0,0
ASV1565,0,0,0.013745704,0,0,0,0,0,0,0,0,0,0,0,0,0,0,0,0,0,0,0,0,0,0,0,0,0,0,0,0,0,0,0,0,0
ASV1377,0,0,0,0,0,0,0,0,0,0.013950893,0,0,0,0,0,0,0,0,0,0,0,0,0,0,0,0,0,0,0,0,0,0,0,0,0,0
ASV816,0,0,0,0,0,0,0,0,0,0.013950893,0,0,0,0,0,0,0,0,0,0,0,0,0,0,0,0,0,0,0,0,0,0,0,0,0,0
ASV1381,0,0,0,0,0,0,0,0,0,0,0,0,0,0,0,0,0,0,0.014232999,0,0,0,0,0,0,0,0,0,0,0,0,0,0,0,0,0
ASV588,0,0,0,0,0,0,0,0,0,0,0,0,0,0,0,0,0,0,0,0,0,0,0,0,0,0,0,0,0,0,0.014416315,0,0,0,0,0
ASV466,0,0,0,0,0,0,0,0,0,0,0,0,0,0,0,0,0,0,0,0,0,0,0,0,0,0.012073027,0,0,0,0,0.002461322,0,0,0,0,0
ASV1210,0,0,0,0,0,0,0,0,0,0,0,0,0,0,0,0,0,0.014724989,0,0,0,0,0,0,0,0,0,0,0,0,0,0,0,0,0,0
ASV676,0,0,0,0,0,0,0,0,0,0,0,0,0,0,0,0,0,0,0,0,0,0,0.014751076,0,0,0,0,0,0,0,0,0,0,0,0,0
ASV2635,0,0,0,0,0,0,0,0,0,0,0.00896861,0,0,0.005902192,0,0,0,0,0,0,0,0,0,0,0,0,0,0,0,0,0,0,0,0,0,0
ASV1556,0,0,0,0,0,0,0,0,0,0,0,0,0,0,0,0.014885875,0,0,0,0,0,0,0,0,0,0,0,0,0,0,0,0,0,0,0,0
ASV879,0.002811621,0.001484047,0.003748828,0,0,0,0,0,0,0,0,0,0.002749141,0,0,0,0,0,0,0,0,0,0,0,0,0,0,0,0,0,0,0.004166667,0,0,0,0.000496771
ASV1119,0,0,0,0,0,0,0,0,0,0,0,0,0,0,0,0,0,0,0,0,0,0,0,0,0,0,0,0,0,0,0,0.01547619,0,0,0,0
ASV1511,0,0,0,0,0,0,0,0,0,0,0,0,0,0,0,0.015547469,0,0,0,0,0,0,0,0,0,0,0,0,0,0,0,0,0,0,0,0
ASV752,0,0,0,0,0,0,0,0,0,0,0.002989537,0,0,0,0,0.008269931,0,0,0,0,0,0,0,0,0,0,0,0,0,0.004651163,0,0,0,0,0,0
ASV1118,0,0,0,0,0,0,0,0,0,0,0,0,0,0,0,0,0,0,0,0.015921617,0,0,0,0,0,0,0,0,0,0,0,0,0,0,0,0
ASV1090,0,0,0,0,0,0,0,0,0,0,0,0,0,0,0,0,0,0,0,0,0,0,0,0,0,0,0,0,0,0,0,0.016269841,0,0,0,0
ASV749,0,0,0,0,0,0,0,0.016326531,0,0,0,0,0,0,0,0,0,0,0,0,0,0,0,0,0,0,0,0,0,0,0,0,0,0,0,0
ASV1213,0,0.016571853,0,0,0,0,0,0,0,0,0,0,0,0,0,0,0,0,0,0,0,0,0,0,0,0,0,0,0,0,0,0,0,0,0,0
ASV1129,0.014995314,0.000742023,0,0,0,0,0,0,0,0,0,0,0,0,0,0,0,0,0,0,0,0,0,0,0,0,0,0,0,0,0,0,0,0,0,0.000993542
ASV804,0,0,0,0,0,0,0,0,0,0,0,0,0,0,0,0,0,0,0,0,0,0,0,0,0,0.017078916,0,0,0,0,0,0,0,0,0,0
ASV1949,0,0,0,0,0,0,0,0,0,0.017299107,0,0,0,0,0,0,0,0,0,0,0,0,0,0,0,0,0,0,0,0,0,0,0,0,0,0
ASV376,0,0,0,0,0,0,0,0,0,0,0,0,0.004123711,0,0.012490816,0,0,0,0,0,0,0,0,0,0,0,0,0,0,0,0,0,0,0,0,0.000745156
ASV1179,0,0.013109077,0,0,0,0,0,0,0,0,0,0,0,0,0,0,0,0,0,0,0,0,0,0,0,0,0,0,0,0,0,0,0,0,0,0.004470939
ASV332,0,0,0,0,0,0,0,0,0,0,0,0,0,0,0,0,0,0,0,0,0,0,0,0,0.017693716,0,0,0,0,0,0,0,0,0,0,0
ASV692,0,0,0,0,0,0,0,0,0,0,0,0,0,0,0,0,0,0.009961022,0,0,0,0,0,0,0,0,0,0,0,0,0,0.007738095,0,0,0,0
ASV1066,0.001874414,0,0.000937207,0,0,0.001610306,0,0.003061224,0,0,0,0,0.006185567,0,0,0,0,0.000649632,0,0,0,0,0.000614628,0,0,0,0,0,0,0,0,0.001984127,0,0,0,0.000993542
ASV838,0,0,0,0,0,0,0,0,0.010814708,0.003348214,0,0,0,0,0,0,0,0,0,0,0,0,0,0,0,0,0,0,0,0,0,0.003373016,0,0.000614251,0,0
ASV603,0.007497657,0,0,0,0,0,0,0,0,0,0,0,0,0,0,0,0,0,0,0,0,0,0,0,0,0,0,0,0,0,0,0,0,0,0,0.010928962
ASV1168,0,0.001484047,0,0,0,0,0.002272727,0,0,0,0,0,0,0,0,0,0,0,0,0,0.01369863,0,0,0.00130719,0,0,0,0,0,0,0,0,0,0,0,0
ASV3084,0,0,0,0,0,0,0,0,0,0,0,0,0,0,0,0,0,0,0,0,0,0,0,0,0,0,0,0,0,0,0,0,0.01953125,0,0,0
ASV303,0,0,0,0,0,0,0,0,0,0.01953125,0,0,0,0,0,0,0,0,0,0,0,0,0,0,0,0,0,0,0,0,0,0,0,0,0,0
ASV874,0,0,0,0,0,0,0,0,0,0,0,0,0,0,0,0,0,0,0,0,0,0,0,0,0,0,0,0,0,0.019638243,0,0,0,0,0,0
ASV2436,0.01968135,0,0,0,0,0,0,0,0,0,0,0,0,0,0,0,0,0,0,0,0,0,0,0,0,0,0,0,0,0,0,0,0,0,0,0
ASV686,0,0,0,0,0,0,0,0,0,0,0,0,0,0,0,0,0,0.012343006,0,0,0,0,0,0,0,0,0,0,0,0,0.007383966,0,0,0,0,0
ASV1106,0,0,0,0,0.000862813,0.003220612,0,0,0.00036049,0,0,0,0,0,0,0.000330797,0.001547189,0,0,0.00122474,0,0.001053741,0,0,0.004881025,0.001766784,0,0.000924214,0.001488095,0.002583979,0,0,0,0,0,0
ASV1490,0,0,0,0,0,0,0,0,0,0,0,0,0,0,0,0,0,0,0,0,0,0,0,0.020261438,0,0,0,0,0,0,0,0,0,0,0,0
ASV932,0,0,0,0,0,0,0,0,0,0,0,0,0,0,0,0,0,0.008012126,0,0,0,0,0,0,0,0.012367491,0,0,0,0,0,0,0,0,0,0
ASV1752,0,0,0,0,0,0,0,0,0,0.020647321,0,0,0,0,0,0,0,0,0,0,0,0,0,0,0,0,0,0,0,0,0,0,0,0,0,0
ASV751,0,0,0,0,0,0,0,0,0,0.020647321,0,0,0,0,0,0,0,0,0,0,0,0,0,0,0,0,0,0,0,0,0,0,0,0,0,0
ASV412,0,0,0,0,0,0,0,0.018367347,0,0,0,0,0,0,0,0,0,0,0,0,0,0,0,0,0,0.002355713,0,0,0,0,0,0,0,0,0,0
ASV447,0,0,0,0,0,0,0,0,0,0,0,0,0,0,0,0,0,0,0,0,0,0,0,0,0,0,0,0,0,0,0,0.013690476,0,0,0,0.007451565
ASV627,0,0,0,0,0,0,0,0,0,0.021205357,0,0,0,0,0,0,0,0,0,0,0,0,0,0,0,0,0,0,0,0,0,0,0,0,0,0
ASV1432,0,0,0.003436426,0,0,0,0,0,0,0,0,0,0,0,0,0,0,0,0,0,0,0,0,0,0,0,0,0,0.017857143,0,0,0,0,0,0,0
ASV1007,0,0.022013356,0,0,0,0,0,0,0,0,0,0,0,0,0,0,0,0,0,0,0,0,0,0,0,0,0,0,0,0,0,0,0,0,0,0
ASV1008,0,0.022013356,0,0,0,0,0,0,0,0,0,0,0,0,0,0,0,0,0,0,0,0,0,0,0,0,0,0,0,0,0,0,0,0,0,0
ASV1094,0,0,0.007810059,0,0,0,0,0,0,0,0,0,0,0,0,0,0,0,0,0,0,0,0,0,0,0.011189635,0,0,0,0,0,0.003571429,0,0,0,0
ASV1045,0,0,0,0,0,0,0,0,0,0,0,0,0,0,0,0,0,0,0,0,0,0,0.022741242,0,0,0,0,0,0,0,0,0,0,0,0,0
ASV361,0,0.001484047,0,0,0.000575209,0,0,0,0,0,0,0,0,0,0,0,0,0,0,0,0,0,0,0,0,0,0,0,0,0,0,0.021031746,0,0,0,0
ASV419,0,0,0.023430178,0,0,0,0,0,0,0,0,0,0,0,0,0,0,0,0,0,0,0,0,0,0,0,0,0,0,0,0,0,0,0,0,0
ASV1235,0,0,0,0,0,0,0,0,0.023431867,0,0,0,0,0,0,0,0,0,0,0,0,0,0,0,0,0,0,0,0,0,0,0,0,0,0,0
ASV1174,0,0,0,0,0,0,0,0,0,0,0,0,0,0,0,0.0238174,0,0,0,0,0,0,0,0,0,0,0,0,0,0,0,0,0,0,0,0
ASV614,0.017806935,0,0,0,0,0.006441224,0,0,0,0,0,0,0,0,0,0,0,0,0,0,0,0,0,0,0,0,0,0,0,0,0,0,0,0,0,0
ASV2265,0,0,0,0,0,0,0,0.024489796,0,0,0,0,0,0,0,0,0,0,0,0,0,0,0,0,0,0,0,0,0,0,0,0,0,0,0,0
ASV249,0,0,0,0,0,0,0,0,0,0,0,0,0,0,0,0,0,0,0,0,0,0,0,0,0,0,0,0,0,0,0,0,0.024739583,0,0,0
ASV244,0,0,0,0,0,0,0,0,0,0,0,0,0,0,0,0,0,0,0,0,0,0,0,0,0,0,0,0,0,0,0,0.019642857,0,0,0,0.005961252
ASV1531,0,0,0,0,0,0,0,0,0,0.025669643,0,0,0,0,0,0,0,0,0,0,0,0,0,0,0,0,0,0,0,0,0,0,0,0,0,0
ASV1901,0,0,0,0,0,0.025764895,0,0,0,0,0,0,0,0,0,0,0,0,0,0,0,0,0,0,0,0,0,0,0,0,0,0,0,0,0,0
ASV904,0,0.026218155,0,0,0,0,0,0,0,0,0,0,0,0,0,0,0,0,0,0,0,0,0,0,0,0,0,0,0,0,0,0,0,0,0,0
ASV940,0,0,0,0,0,0,0,0,0,0,0,0,0,0,0,0,0,0,0,0,0,0,0,0,0,0,0,0,0,0.026356589,0,0,0,0,0,0
ASV770,0,0,0,0,0,0,0,0,0,0,0,0,0,0,0,0,0,0,0,0,0,0,0,0,0,0.026501767,0,0,0,0,0,0,0,0,0,0
ASV903,0.011246485,0.000494682,0,0,0,0,0,0,0,0,0,0,0,0.006745363,0,0,0,0.001948896,0,0.000816493,0,0,0,0,0,0,0,0,0,0,0,0,0.001302083,0,0,0.004470939
ASV667,0,0,0,0,0,0,0,0,0,0,0,0,0.027491409,0,0,0,0,0,0,0,0,0,0,0,0,0,0,0,0,0,0,0,0,0,0,0
ASV682,0,0,0,0,0,0,0,0,0,0,0,0,0,0,0,0,0,0.007145951,0,0,0,0,0,0,0,0.005005889,0,0,0,0,0,0.015674603,0,0,0,0
ASV553,0,0,0,0,0,0,0,0,0,0,0,0,0,0,0,0,0,0,0,0,0,0,0,0,0,0,0,0,0,0,0,0.028174603,0,0,0,0
ASV966,0,0,0,0,0,0,0,0,0,0,0,0,0,0,0,0,0,0,0,0,0,0,0,0,0,0.028563015,0,0,0,0,0,0,0,0,0,0
ASV446,0,0,0,0,0,0,0,0.003061224,0,0,0,0,0,0,0,0,0,0,0,0,0,0,0,0,0.015863331,0,0,0,0,0.009819121,0,0,0,0,0,0
ASV771,0,0,0,0,0,0,0,0,0,0,0,0,0,0,0,0,0,0,0,0,0,0,0,0,0,0,0,0,0,0,0,0,0,0.028869779,0,0
ASV793,0,0,0,0,0,0,0,0,0,0,0,0,0,0.016863406,0,0,0,0,0,0,0,0,0,0,0,0,0,0,0,0,0,0.012301587,0,0,0,0
ASV1491,0,0,0,0,0,0,0,0,0,0,0,0,0,0,0,0,0,0,0,0,0,0,0,0,0.02928615,0,0,0,0,0,0,0,0,0,0,0
ASV1493,0,0,0,0,0,0,0,0,0,0,0,0,0,0,0,0,0,0,0,0,0,0,0,0,0.02928615,0,0,0,0,0,0,0,0,0,0,0
ASV719,0,0,0,0,0,0,0,0,0,0,0,0,0,0,0,0,0.015987622,0.013425725,0,0,0,0,0,0,0,0,0,0,0,0,0,0,0,0,0,0
ASV2367,0,0,0,0,0,0,0,0,0,0,0,0,0,0,0,0,0,0,0,0,0,0,0,0,0,0,0,0,0,0,0,0,0.029947917,0,0,0
ASV110,0,0,0,0,0,0,0,0,0,0,0,0,0,0,0,0,0,0,0,0,0,0,0,0,0,0,0,0,0,0,0,0,0.029947917,0,0,0
ASV731,0,0,0,0,0,0,0,0,0,0,0,0,0,0,0,0,0,0,0,0,0,0,0,0,0,0,0,0,0,0,0,0.029960317,0,0,0,0
ASV732,0,0,0,0,0,0,0,0,0,0,0,0,0,0,0,0,0,0,0,0,0,0,0,0,0,0,0,0,0,0,0,0.029960317,0,0,0,0
ASV791,0,0,0,0,0,0,0,0,0,0,0,0,0.03024055,0,0,0,0,0,0,0,0,0,0,0,0,0,0,0,0,0,0,0,0,0,0,0
ASV589,0,0,0,0,0,0,0,0,0,0,0,0,0,0,0,0,0,0,0,0,0,0,0,0,0,0,0,0,0,0,0,0,0,0,0,0.03030303
ASV1467,0,0,0,0,0,0,0,0,0,0,0,0,0,0,0,0,0,0,0,0,0,0,0,0,0,0,0,0,0.016369048,0.013953488,0,0,0,0,0,0
ASV569,0,0,0,0,0,0,0,0,0,0,0,0,0,0,0,0,0,0,0,0,0,0,0,0,0,0,0,0,0,0,0,0.030555556,0,0,0,0
ASV750,0.01968135,0,0,0,0,0,0,0,0,0.000558036,0,0,0,0,0,0,0,0,0,0,0,0,0,0,0,0,0,0,0,0,0.002461322,0.000793651,0,0,0,0.007451565
ASV839,0,0,0,0,0,0,0,0,0,0,0,0,0,0,0,0,0,0.02187094,0,0,0,0,0,0,0,0,0,0,0,0.009302326,0,0,0,0,0,0
ASV2298,0,0,0,0,0,0,0,0,0,0,0,0,0,0,0,0,0,0,0,0,0,0,0,0,0,0,0,0,0,0,0,0,0.03125,0,0,0
ASV2475,0,0,0,0,0,0,0,0,0,0,0.031390135,0,0,0,0,0,0,0,0,0,0,0,0,0,0,0,0,0,0,0,0,0,0,0,0,0
ASV639,0,0,0,0,0,0,0,0,0,0,0,0,0,0.004215852,0.0095518,0,0,0,0,0.002449479,0,0,0,0,0,0.002061249,0,0,0,0,0,0,0,0,0,0.013412817
ASV870,0,0,0,0,0.032499281,0,0,0,0,0,0,0,0,0,0,0,0,0,0,0,0,0,0,0,0,0,0,0,0,0,0,0,0,0,0,0
ASV956,0,0,0.014058107,0,0,0,0,0,0,0,0,0,0,0,0,0,0,0,0,0,0,0,0,0,0,0,0.018518519,0,0,0,0,0,0,0,0,0
ASV1453,0,0,0,0,0,0,0,0.013265306,0,0,0,0,0,0,0,0,0,0.003031615,0,0,0,0,0,0,0,0,0,0,0.016369048,0,0,0,0,0,0,0
ASV526,0.033739456,0,0,0,0,0,0,0,0,0,0,0,0,0,0,0,0,0,0,0,0,0,0,0,0,0,0,0,0,0,0,0,0,0,0,0
ASV737,0,0,0,0,0,0,0.034090909,0,0,0,0,0,0,0,0,0,0,0,0,0,0,0,0,0,0,0,0,0,0,0,0,0,0,0,0,0
ASV239,0,0,0,0,0,0.000805153,0,0,0,0,0,0,0,0.001686341,0,0,0,0,0,0.006123699,0.01369863,0,0,0.005228758,0,0,0,0,0,0.006718346,0,0,0,0,0,0
ASV938,0,0.001731388,0,0,0,0,0,0,0,0.000558036,0,0,0,0.003372681,0,0.000330797,0.001547189,0.000866176,0,0.001428863,0,0.00052687,0.006146281,0.005228758,0,0.000588928,0,0.003696858,0.005208333,0.001550388,0.00140647,0,0,0,0,0.000248385
ASV832,0,0,0,0,0,0,0,0,0,0,0,0.008301051,0.013745704,0,0,0,0,0.002381984,0,0.000408247,0,0,0.00983405,0,0,0,0,0,0,0,0,0,0,0,0,0
ASV296,0,0,0.020930959,0,0,0.011272142,0,0,0,0,0,0,0,0,0,0,0,0.002598528,0,0,0,0,0,0,0,0,0,0,0,0,0,0,0,0,0,0
ASV908,0,0,0,0,0,0,0,0,0,0,0,0,0,0,0,0.035064505,0,0,0,0,0,0,0,0,0,0,0,0,0,0,0,0,0,0,0,0
ASV678,0,0,0,0,0,0.035426731,0,0,0,0,0,0,0,0,0,0,0,0,0,0,0,0,0,0,0,0,0,0,0,0,0,0,0,0,0,0
ASV507,0,0,0,0,0,0,0,0.007142857,0,0.00390625,0,0.006087438,0.006185567,0.003372681,0,0,0.00051573,0.001732352,0.005535055,0.000408247,0,0,0,0,0,0,0,0,0,0,0,0,0,0,0,0.000745156
ASV809,0,0,0,0,0.035662928,0,0,0,0,0,0,0,0,0,0,0,0,0,0,0,0,0,0,0,0,0,0,0,0,0,0,0,0,0,0,0
ASV714,0,0,0,0,0,0,0,0,0,0,0,0.027670172,0,0.008431703,0,0,0,0,0,0,0,0,0,0,0,0,0,0,0,0,0,0,0,0,0,0
ASV842,0,0,0,0,0,0,0,0,0,0,0,0,0,0.017706577,0.0095518,0,0,0,0,0,0,0,0,0,0,0,0,0,0,0,0,0,0,0.006142506,0,0.00273224
ASV1310,0,0,0,0,0,0,0,0,0,0,0,0,0,0,0,0,0,0,0,0,0,0,0,0,0,0,0,0,0,0,0,0,0,0.036240786,0,0
ASV476,0.032802249,0,0,0,0,0,0,0,0,0,0,0.003873824,0,0,0,0,0,0,0,0,0,0,0,0,0,0,0,0,0,0,0,0,0,0,0,0
ASV717,0,0,0.001562012,0,0.003451251,0,0.006818182,0,0.001441961,0,0,0.002767017,0.005498282,0,0,0,0.004125838,0.003681247,0,0,0,0,0.004302397,0,0,0,0,0,0,0,0.00281294,0.000595238,0,0,0,0
ASV594,0,0,0,0,0,0,0,0,0.01369863,0,0,0,0,0,0,0,0,0,0,0,0,0,0,0,0,0,0,0,0,0,0,0,0,0.023955774,0,0
ASV281,0,0,0,0,0,0,0,0,0,0,0,0,0,0,0,0,0,0,0,0,0,0,0,0,0,0,0,0,0,0,0,0,0.037760417,0,0,0
ASV777,0,0.000494682,0.000937207,0,0.000287604,0.002415459,0.002272727,0.006122449,0,0.000558036,0,0,0.000687285,0,0.001469508,0.000661594,0.003094379,0.000866176,0,0.00183711,0,0.001580611,0,0,0.005491153,0.002944641,0,0,0.004464286,0.002583979,0,0,0,0,0,0
ASV341,0,0,0,0,0,0,0,0,0,0,0,0,0,0,0,0,0,0,0,0,0,0,0,0,0,0,0,0,0,0,0,0,0,0.039312039,0,0
ASV1445,0,0,0,0,0,0.039452496,0,0,0,0,0,0,0,0,0,0,0,0,0,0,0,0,0,0,0,0,0,0,0,0,0,0,0,0,0,0
ASV795,0,0,0.004686036,0,0,0,0,0,0,0,0,0,0,0,0,0,0,0,0,0,0,0,0,0,0,0,0.018518519,0,0,0,0,0.006150794,0,0,0,0.010183805
ASV766,0,0,0,0,0.039689387,0,0,0,0,0,0,0,0,0,0,0,0,0,0,0,0,0,0,0,0,0,0,0,0,0,0,0,0,0,0,0
ASV1462,0,0,0,0,0,0,0,0,0,0,0,0,0,0.030354132,0.0095518,0,0,0,0,0,0,0,0,0,0,0,0,0,0,0,0,0,0,0,0,0
ASV660,0,0,0,0,0,0,0,0,0.04001442,0,0,0,0,0,0,0,0,0,0,0,0,0,0,0,0,0,0,0,0,0,0,0,0,0,0,0
ASV1147,0,0,0,0,0,0,0,0,0.01369863,0,0,0,0,0,0.026451139,0,0,0,0,0,0,0,0,0,0,0,0,0,0,0,0,0,0,0,0,0
ASV700,0,0,0,0,0,0,0,0,0,0,0,0,0,0,0,0,0,0,0,0,0,0,0,0,0,0,0,0,0,0,0,0,0,0,0,0.04023845
ASV1124,0,0,0,0,0,0,0,0,0,0.041294643,0,0,0,0,0,0,0,0,0,0,0,0,0,0,0,0,0,0,0,0,0,0,0,0,0,0
ASV2090,0,0,0,0,0,0,0,0,0,0,0.041853513,0,0,0,0,0,0,0,0,0,0,0,0,0,0,0,0,0,0,0,0,0,0,0,0,0
ASV392,0,0,0,0,0,0,0,0,0,0,0.041853513,0,0,0,0,0,0,0,0,0,0,0,0,0,0,0,0,0,0,0,0,0,0,0,0,0
ASV580,0,0,0,0,0,0,0,0,0,0,0,0,0,0,0,0,0,0,0,0,0,0,0,0,0,0,0,0,0,0,0,0.043055556,0,0,0,0
ASV542,0,0,0,0,0,0,0,0.006122449,0,0,0,0.008854455,0,0,0,0,0,0.014941533,0,0,0,0,0,0,0,0.005889282,0,0,0,0,0,0.007539683,0,0,0,0
ASV662,0,0,0,0,0,0,0,0,0,0,0,0,0,0,0,0,0,0,0,0,0,0,0,0,0,0,0,0,0,0,0,0.00297619,0,0,0,0.040486836
ASV388,0,0.031659659,0,0,0,0,0,0,0,0,0,0,0,0,0,0,0,0,0,0,0,0,0,0,0,0,0,0,0,0,0,0,0,0,0,0.011922504
ASV1043,0,0,0,0,0,0,0,0,0,0,0,0.008301051,0,0,0,0,0,0,0,0,0,0,0,0,0,0,0,0,0,0.036175711,0,0,0,0,0,0
ASV413,0,0.004699481,0,0,0,0,0,0,0,0,0,0,0.020618557,0,0,0,0,0,0,0,0,0,0,0,0,0,0.015873016,0,0,0,0,0,0,0,0,0.003477397
ASV256,0,0,0,0,0,0,0,0,0,0,0,0,0,0,0,0,0,0,0.044807591,0,0,0,0,0,0,0,0,0,0,0,0,0,0,0,0,0
ASV858,0,0,0,0,0,0,0,0,0.037490988,0,0,0,0,0,0.008082292,0,0,0,0,0,0,0,0,0,0,0,0,0,0,0,0,0,0,0,0,0
ASV1032,0,0,0,0,0,0,0,0,0,0,0,0,0,0,0,0,0,0,0,0,0,0.045837724,0,0,0,0,0,0,0,0,0,0,0,0,0,0
ASV156,0,0,0,0,0,0,0,0,0,0,0.02690583,0,0,0,0,0.019186239,0,0,0,0,0,0,0,0,0,0,0,0,0,0,0,0,0,0,0,0
ASV502,0,0,0.004686036,0,0,0,0,0,0,0,0,0,0.01443299,0,0,0,0,0,0,0,0,0,0,0,0,0,0,0,0,0,0,0.016865079,0,0,0,0.010928962
ASV599,0,0,0.007497657,0,0,0,0,0,0,0,0,0,0,0,0,0,0,0,0,0,0,0,0,0,0,0,0,0,0,0,0.040084388,0,0,0,0,0
ASV380,0,0,0,0,0,0,0,0.006122449,0,0,0,0.003873824,0.008247423,0.002529511,0.005878031,0,0.003610108,0.010827198,0,0,0,0,0,0,0,0,0.006613757,0,0,0,0,0,0,0,0,0
ASV711,0,0,0.04873477,0,0,0,0,0,0,0,0,0,0,0,0,0,0,0,0,0,0,0,0,0,0,0,0,0,0,0,0,0,0,0,0,0
ASV638,0,0,0,0,0,0,0,0,0,0,0,0,0,0,0,0,0,0,0.04928835,0,0,0,0,0,0,0,0,0,0,0,0,0,0,0,0,0
ASV176,0,0,0,0,0,0,0,0,0,0,0,0,0,0,0,0,0,0.009527934,0.040590406,0,0,0,0,0,0,0,0,0,0,0,0,0,0,0,0,0
ASV523,0,0,0,0,0,0,0,0,0,0,0,0,0,0,0,0,0,0,0,0,0,0,0,0,0,0,0,0,0.033482143,0,0,0.008730159,0,0,0,0.008693492
ASV314,0,0,0,0,0,0,0,0,0,0,0,0,0,0,0,0,0,0.008445214,0,0,0,0,0,0,0,0.027974087,0,0,0,0,0,0,0,0,0,0.015648286
ASV230,0,0,0,0,0,0,0,0,0,0,0,0,0,0,0,0,0,0,0,0.053480302,0,0,0,0,0,0,0,0,0,0,0,0,0,0,0,0
ASV425,0,0,0,0,0,0,0,0,0.014780101,0,0,0,0,0.035413153,0,0,0,0,0,0,0,0,0,0,0,0,0,0,0,0,0,0.003373016,0,0,0,0
ASV1778,0,0,0,0,0,0,0,0,0,0,0.053811659,0,0,0,0,0,0,0,0,0,0,0,0,0,0,0,0,0,0,0,0,0,0,0,0,0
ASV456,0,0,0.001562012,0,0,0,0,0,0,0.033482143,0,0.004427227,0,0,0,0,0,0,0,0,0,0,0,0,0,0,0.014550265,0,0,0,0,0,0,0,0,0
ASV503,0,0,0,0,0,0,0,0,0,0,0,0.011621472,0,0,0,0,0,0.019272412,0,0,0,0,0,0,0,0.008244994,0,0,0,0,0,0.015079365,0,0,0,0
ASV513,0,0,0,0,0,0,0,0,0,0.01171875,0,0.007194245,0,0,0,0,0.012893244,0,0,0,0,0,0,0,0,0,0,0,0,0.017571059,0.004922644,0,0,0,0,0
ASV1028,0,0,0,0,0,0.020933977,0,0,0,0,0,0,0,0,0,0,0,0,0,0,0,0,0,0,0.037217816,0,0,0,0,0,0,0,0,0,0,0
ASV369,0,0,0.058731646,0,0,0,0,0,0,0,0,0,0,0,0,0,0,0,0,0,0,0,0,0,0,0,0,0,0,0,0,0,0,0,0,0
ASV696,0,0,0,0,0,0,0,0,0,0,0,0,0,0,0,0.044988422,0,0,0,0,0,0.014225501,0,0,0,0,0,0,0,0,0,0,0,0,0,0
ASV593,0,0,0,0,0.059821685,0,0,0,0,0,0,0,0,0,0,0,0,0,0,0,0,0,0,0,0,0,0,0,0,0,0,0,0,0,0,0
ASV401,0,0.003215434,0,0,0.000575209,0,0,0,0,0,0,0,0,0.003372681,0,0.001323189,0.006188757,0.013425725,0,0.002041233,0,0,0.005531653,0,0.003660769,0.004122497,0,0.002772643,0.007440476,0.004134367,0.002109705,0.000198413,0,0,0,0
ASV829,0,0,0,0,0.006902502,0,0,0,0,0,0,0.053680133,0,0,0,0,0,0,0,0,0,0,0,0,0,0,0,0,0,0,0,0,0,0,0,0
ASV251,0,0,0,0,0,0,0,0,0,0,0,0,0.006185567,0,0,0,0.054667354,0,0,0,0,0,0,0,0,0,0,0,0,0,0,0,0,0,0,0
ASV103,0,0,0,0,0,0,0,0,0,0,0.032884903,0,0,0,0,0.028117764,0,0,0,0,0,0,0,0,0,0,0,0,0,0,0,0,0,0,0,0
ASV664,0,0,0,0,0,0,0,0,0,0,0,0,0.006872852,0,0.015429831,0,0,0.012343006,0,0,0,0,0,0,0,0,0,0,0.011904762,0.015503876,0,0,0,0,0,0
ASV391,0,0,0.009684474,0,0,0,0,0,0,0.049665179,0,0.004980631,0,0,0,0,0,0,0,0,0,0,0,0,0,0,0,0,0,0,0,0,0,0,0,0
ASV450,0.027179007,0,0,0,0.014092609,0,0,0,0,0,0,0,0,0,0.024246877,0,0,0,0,0,0,0,0,0,0,0,0,0,0,0,0,0,0,0,0,0
ASV350,0,0.001236705,0,0,0.000575209,0.007246377,0,0,0.000720981,0,0,0,0,0.004215852,0,0,0.007735946,0.004547423,0.00131787,0.001020616,0,0.002634352,0.012292563,0,0.003660769,0.000588928,0,0.004621072,0,0.001033592,0.004571027,0.007738095,0,0,0,0
ASV561,0,0,0.012496095,0,0,0.001610306,0,0,0,0,0,0,0,0,0,0,0,0,0,0,0,0,0,0.009803922,0,0,0,0,0.042410714,0,0,0,0,0,0,0
ASV416,0,0.041305961,0,0,0,0,0,0,0,0,0,0,0,0,0,0,0,0,0,0,0,0,0,0,0,0.020023557,0,0,0,0,0,0.005555556,0,0,0,0
ASV1425,0,0,0,0,0,0,0,0,0,0,0,0,0,0,0,0,0,0,0,0,0,0,0,0,0,0,0.067460317,0,0,0,0,0,0,0,0,0
ASV620,0,0,0,0,0,0,0,0,0.009372747,0,0,0,0.002061856,0,0.005878031,0,0,0.002381984,0,0.00183711,0,0,0,0,0.040268456,0,0,0,0.004464286,0.001550388,0,0,0,0,0,0
ASV625,0,0,0,0,0.000862813,0.002415459,0,0,0,0,0,0,0,0.006745363,0,0.009923917,0.013408974,0.001515808,0.000527148,0.004286589,0,0.004741834,0.000614628,0,0.016473459,0,0,0.002772643,0.001488095,0.002583979,0,0,0,0,0,0
ASV275,0,0,0,0,0,0,0,0,0,0,0,0,0.012371134,0,0,0,0,0,0,0,0,0,0,0,0,0,0,0,0,0,0,0,0,0.056511057,0,0
ASV652,0,0,0,0,0,0,0.056818182,0,0,0,0,0,0,0,0,0.009262322,0,0,0,0,0,0,0,0,0,0,0,0,0,0,0.004571027,0,0,0,0,0
ASV539,0,0,0,0,0,0,0,0,0,0,0,0,0,0,0,0.002977175,0,0.000866176,0,0,0,0.006322445,0,0.062745098,0,0,0,0,0,0,0,0,0,0,0,0
ASV378,0,0,0,0,0,0,0,0,0,0,0,0,0,0,0,0,0,0,0.07327359,0,0,0,0,0,0,0,0,0,0,0,0,0,0,0,0,0
ASV504,0,0,0,0,0,0,0,0,0,0,0,0,0,0,0,0,0,0,0,0,0,0,0,0,0,0.073321555,0,0,0,0,0,0,0,0,0,0
ASV622,0,0,0,0,0,0,0,0.033673469,0,0,0,0,0,0.007588533,0,0,0,0,0,0.027964891,0,0,0,0.002614379,0,0,0,0,0,0,0.003516174,0,0,0,0,0
ASV390,0,0,0,0,0,0,0,0,0,0,0,0,0,0,0,0,0,0,0.075382182,0,0,0,0,0,0,0,0,0,0,0,0,0,0,0,0,0
ASV399,0,0.044521395,0,0,0,0,0,0,0,0,0,0,0,0,0,0,0,0,0,0,0,0,0,0,0,0.031507656,0,0,0,0,0,0,0,0,0,0
ASV576,0,0,0,0,0,0,0,0,0,0,0,0,0,0,0,0,0,0,0,0,0,0.009483667,0,0.066666667,0,0,0,0,0,0,0,0,0,0,0,0
ASV899,0,0,0,0,0,0,0,0,0,0,0,0,0.017869416,0,0.048493755,0,0,0,0,0,0,0,0.00983405,0,0,0,0,0,0,0,0,0,0,0,0,0
ASV257,0.056232427,0,0.01187129,0,0,0,0,0,0,0,0,0,0,0,0,0,0,0,0,0,0,0,0,0,0,0,0,0,0,0,0,0.006150794,0,0,0,0.00273224
ASV473,0,0,0,0,0.080529192,0,0,0,0,0,0,0,0,0,0,0,0,0,0,0,0,0,0,0,0,0,0,0,0,0,0,0,0,0,0,0
ASV611,0,0,0,0,0,0.045088567,0,0,0.008651766,0,0,0,0,0,0,0,0,0,0,0,0,0,0,0,0,0,0,0,0,0.028423773,0,0,0,0,0,0
ASV441,0,0.012861736,0,0,0,0,0,0.020408163,0,0,0,0,0.006872852,0.005902192,0,0,0,0.016457341,0,0.001632986,0,0,0,0,0,0.002650177,0,0,0,0,0.01230661,0,0,0,0,0.003725782
ASV50,0,0,0,0,0,0,0,0,0,0,0,0,0,0,0,0,0,0,0,0.029597877,0,0.037407798,0.015980332,0,0,0,0,0,0,0,0,0,0,0,0,0
ASV280,0,0,0,0,0,0,0,0,0,0,0,0,0,0,0,0,0,0,0,0,0,0,0,0,0,0,0,0,0,0,0.082981716,0.001190476,0,0,0,0
ASV607,0,0,0,0,0,0,0,0,0,0,0,0,0,0,0,0,0,0,0,0,0,0,0,0,0,0,0.07010582,0,0,0,0,0.015873016,0,0,0,0
ASV718,0,0,0,0.023809524,0.000287604,0.000805153,0.006818182,0,0,0,0.002989537,0.000553403,0,0.00084317,0.002939015,0.001653986,0.005157298,0.002381984,0,0.002245356,0.006849315,0.003161222,0.001843884,0.005228758,0.005491153,0,0,0.005545287,0.007440476,0.000516796,0,0,0,0,0,0
ASV512,0,0,0,0,0,0,0,0,0,0,0,0,0,0,0,0,0.033006704,0,0,0.020616452,0,0,0.034419176,0,0,0,0,0,0,0,0,0,0,0,0,0
ASV582,0,0,0,0,0,0,0,0.012244898,0,0,0,0,0,0,0,0,0,0.024036379,0,0,0,0,0,0,0,0,0,0,0.037202381,0,0.014767932,0,0,0,0,0
ASV289,0,0.049468217,0,0,0.039976992,0,0,0,0,0,0,0,0,0,0,0,0,0,0,0,0,0,0,0,0,0,0,0,0,0,0,0,0,0,0,0
ASV315,0,0,0,0,0,0,0,0,0,0,0,0,0,0,0,0,0,0,0.089878756,0,0,0,0,0,0,0,0,0,0,0,0,0,0,0,0,0
ASV550,0,0,0,0,0,0,0,0,0,0,0,0,0,0,0,0,0,0,0,0,0,0,0,0,0,0,0.071428571,0,0,0,0,0.022222222,0,0,0,0
ASV253,0,0,0,0,0.008628128,0,0,0,0.009012257,0,0,0.020475927,0.019931271,0,0,0,0,0,0,0.008981425,0,0,0,0,0,0,0,0,0.016369048,0,0,0,0,0,0,0.010680576
ASV844,0,0,0,0,0,0.094202899,0,0,0,0,0,0,0,0,0,0,0,0,0,0,0,0,0,0,0,0,0,0,0,0,0,0,0,0,0,0
ASV1242,0,0,0,0,0,0,0,0,0,0,0.095665172,0,0,0,0,0,0,0,0,0,0,0,0,0,0,0,0,0,0,0,0,0,0,0,0,0
ASV452,0,0,0,0,0,0,0,0,0,0,0,0,0.020618557,0,0,0,0,0,0,0.006123699,0,0,0,0.069281046,0,0,0,0,0,0,0,0,0,0,0,0
ASV520,0.050609185,0,0.011558888,0,0,0,0,0,0,0,0,0,0,0,0,0,0,0,0,0,0,0,0,0,0,0.035041225,0,0,0,0,0,0,0,0,0,0
ASV299,0,0,0,0,0,0,0,0,0,0,0,0,0,0,0,0,0,0,0,0,0,0,0,0,0,0.098056537,0,0,0,0,0,0,0,0,0,0
ASV169,0,0,0,0,0,0,0,0,0.031362653,0,0,0,0,0,0,0,0,0,0,0.06266585,0,0,0,0,0,0,0,0,0,0,0.004571027,0,0,0,0,0
ASV113,0,0.007914915,0.012496095,0,0,0,0,0.030612245,0,0,0,0,0,0,0.008817046,0,0,0,0,0,0,0,0,0,0,0.025618375,0,0,0,0,0,0.014087302,0,0,0,0
ASV421,0,0,0,0,0.004889272,0,0,0,0.006488825,0,0,0,0,0,0.011021308,0.034402911,0.02217638,0,0,0.005511329,0,0,0.01659496,0,0,0,0,0,0,0,0,0,0,0,0,0
ASV358,0,0,0,0,0,0,0.011363636,0.006122449,0.003604903,0,0,0,0.023367698,0,0.014695077,0,0.010830325,0.012126462,0,0,0,0,0,0,0,0,0,0,0.016369048,0,0.004571027,0,0,0.000614251,0,0
ASV250,0,0,0.014370509,0,0,0,0,0.026530612,0,0,0,0,0,0,0,0,0,0,0,0,0,0,0,0,0,0.003239105,0.060846561,0,0,0,0,0,0,0,0,0
ASV195,0,0,0.001562012,0,0,0,0,0,0,0.104910714,0,0,0,0,0,0,0,0,0,0,0,0,0,0,0,0,0,0,0,0,0,0,0,0,0,0
ASV187,0.025304592,0,0,0,0,0,0,0,0,0,0,0,0.007560137,0,0.000734754,0,0.007735946,0,0,0.007348438,0,0,0,0,0,0,0.009259259,0,0,0,0.01230661,0.006944444,0,0,0,0.029309488
ASV345,0,0,0,0,0,0,0,0,0.106705119,0,0,0,0,0,0,0,0,0,0,0,0,0,0,0,0,0,0,0,0,0,0,0,0,0,0,0
ASV137,0,0,0,0,0,0,0,0.014285714,0,0.018973214,0,0,0,0.016020236,0,0,0,0.017540061,0.028465999,0.012247397,0,0,0,0,0,0,0,0,0,0,0,0,0,0,0,0
ASV136,0,0.00692555,0,0,0,0,0,0,0,0,0,0,0,0.001686341,0,0.003307972,0,0.027284539,0.008697944,0.021637069,0,0,0.003687769,0,0,0,0,0.029574861,0,0,0,0.005753968,0,0,0,0
ASV668,0,0.001236705,0.000624805,0.047619048,0,0.010466989,0,0,0,0,0,0,0,0,0,0.001323189,0,0.000433088,0,0.004490712,0.006849315,0.005268704,0,0.004575163,0.004270897,0.008833922,0,0,0.002232143,0.010335917,0,0,0,0,0,0
ASV80,0,0,0,0,0,0,0,0,0,0,0,0.009407858,0,0,0,0,0,0,0,0,0,0,0,0,0,0.021201413,0,0,0,0,0.066104079,0.011904762,0,0,0,0
ASV772,0,0,0,0,0,0.110305958,0,0,0,0,0,0,0,0,0,0,0,0,0,0,0,0,0,0,0,0,0,0,0,0,0,0,0,0,0,0
ASV510,0,0,0,0,0,0,0,0,0,0,0,0.110680686,0,0,0,0,0,0,0,0,0,0,0,0,0,0,0,0,0,0,0,0,0,0,0,0
ASV114,0,0,0,0,0,0,0,0.074489796,0,0,0,0,0,0,0,0,0,0,0,0,0,0,0,0,0,0.007361602,0,0,0,0.005684755,0,0.006547619,0,0.018427518,0,0
ASV398,0,0,0,0,0,0,0,0,0,0,0,0,0,0.033726813,0.013960323,0,0,0.002598528,0,0,0,0,0.005531653,0,0,0,0.001322751,0,0,0.012919897,0,0,0,0.043611794,0,0.001987084
ASV551,0,0,0,0,0,0,0,0,0,0,0,0,0,0.091905565,0,0,0,0,0,0,0,0,0,0,0,0,0,0,0,0,0,0.024801587,0,0,0,0
ASV684,0.075913777,0,0,0,0.003163647,0,0,0,0,0,0,0,0,0,0,0,0,0,0,0,0,0,0,0,0,0,0,0,0,0,0,0,0.037760417,0,0,0
ASV573,0,0,0,0,0,0,0,0,0,0,0,0,0,0.103709949,0,0,0,0,0,0,0,0,0,0,0,0,0,0,0,0,0,0,0,0,0,0.014406359
ASV217,0,0,0,0,0,0,0,0,0.009372747,0,0,0,0,0,0,0.010254714,0,0,0,0,0.082191781,0.020021075,0,0,0,0,0,0,0,0,0,0,0,0,0,0
ASV1083,0,0,0,0,0,0,0,0,0,0,0.122571001,0,0,0,0,0,0,0,0,0,0,0,0,0,0,0,0,0,0,0,0,0,0,0,0,0
ASV193,0,0,0,0,0,0,0,0,0,0.024553571,0,0,0,0,0,0,0,0,0.098840274,0,0,0,0,0,0,0,0,0,0,0,0,0,0,0,0,0
ASV1135,0,0,0,0.095238095,0,0.001610306,0.002272727,0,0,0,0,0,0,0.002529511,0,0.002646378,0,0.000433088,0,0.001428863,0,0.007903056,0,0.001960784,0,0,0,0.002772643,0,0.005684755,0,0,0,0,0,0
ASV226,0,0,0,0,0,0,0,0,0,0,0,0,0,0,0,0,0,0,0.125197681,0,0,0,0,0,0,0,0,0,0,0,0,0,0,0,0,0
ASV266,0,0,0,0,0,0,0,0,0,0,0,0,0,0,0,0,0,0,0,0,0,0,0,0,0,0.126325088,0,0,0,0,0,0,0,0,0,0
ASV384,0,0,0,0,0,0,0,0,0.051910598,0,0,0,0,0,0,0,0,0,0,0,0,0,0,0,0,0,0,0,0,0,0,0,0,0.074938575,0,0
ASV146,0,0,0.041861918,0,0,0,0,0,0,0,0,0.008854455,0,0,0,0,0,0,0,0,0,0,0,0,0,0.045641932,0,0,0,0,0,0.030555556,0,0,0,0
ASV147,0,0,0,0,0,0,0,0,0,0.127790179,0,0,0,0,0,0,0,0,0,0,0,0,0,0,0,0,0,0,0,0,0,0,0,0,0,0
ASV181,0.018744142,0.020776651,0.007497657,0,0,0,0,0.012244898,0,0,0,0,0,0,0.004408523,0,0,0,0,0,0,0,0.017824216,0,0,0.030035336,0,0,0,0,0,0,0,0,0,0.019622454
ASV325,0.038425492,0,0,0,0,0,0,0,0,0,0,0,0,0,0,0,0,0,0,0,0,0,0,0,0,0,0,0,0,0,0,0,0,0,0,0.097615499
ASV115,0,0,0,0,0.003738855,0,0.027272727,0,0,0,0,0,0,0,0,0,0,0.013858813,0,0,0,0,0,0,0.032946919,0,0,0.046210721,0,0.009302326,0.003164557,0,0,0,0,0
ASV258,0,0,0,0,0,0,0,0,0,0,0,0.027116768,0,0,0,0,0,0,0,0,0,0.014225501,0.028272895,0.054248366,0,0,0,0,0,0.013436693,0,0,0,0,0,0
ASV216,0,0,0,0,0,0,0,0,0,0,0,0,0,0,0,0,0,0,0.137585662,0,0,0,0,0,0,0,0,0,0,0,0,0,0,0,0,0
ASV323,0,0,0,0,0,0,0,0,0,0,0,0,0,0.023608769,0.039676708,0,0,0,0,0,0,0.032139094,0.017824216,0,0,0,0,0,0,0,0,0,0,0.028255528,0,0
ASV267,0,0,0,0,0,0,0,0.016326531,0,0,0,0.016602103,0.043298969,0,0.006612785,0,0,0.042875704,0,0.008573178,0,0,0,0,0,0.007361602,0,0,0,0,0,0,0,0,0,0
ASV297,0,0,0,0,0,0,0,0,0,0,0,0,0,0,0,0.027456169,0,0.013858813,0,0,0,0.085353003,0,0.004575163,0,0,0,0,0,0,0,0.001785714,0,0,0,0.008941878
ASV160,0,0.037101163,0.002499219,0,0.079378775,0,0,0,0,0.013950893,0,0,0,0,0,0,0,0,0,0,0,0,0,0,0,0,0.017195767,0,0,0,0,0.000595238,0,0,0,0
ASV477,0,0,0,0,0,0,0,0,0,0,0,0.0160487,0.032989691,0,0,0,0,0,0,0,0,0.099051633,0,0,0,0.004122497,0,0,0,0,0,0,0,0,0,0
ASV126,0.041237113,0.00915162,0.046860356,0,0,0,0,0,0,0,0,0,0,0,0,0,0,0,0,0,0,0,0.00676091,0,0,0.024734982,0,0,0,0,0,0.022222222,0,0,0,0.002483855
ASV220,0,0,0,0,0,0,0,0,0.015501081,0,0,0.003873824,0,0,0,0,0.035585353,0,0,0.017554603,0,0.002107482,0.053472649,0,0,0,0,0,0.027529762,0,0,0,0,0,0,0
ASV322,0,0,0,0,0,0,0,0,0,0,0,0.037631433,0,0,0.008817046,0,0,0.00931139,0,0.005715452,0,0.010010537,0.028887523,0,0,0,0,0,0.047619048,0,0,0,0,0.007985258,0,0
ASV206,0.08809747,0.006678209,0.025929397,0,0,0,0,0,0,0,0,0.009407858,0,0,0.008082292,0,0,0,0,0,0,0,0,0,0,0.003533569,0.009259259,0,0,0,0,0.010912698,0,0,0,0
ASV744,0,0,0,0,0,0,0,0,0,0,0,0,0,0,0,0,0,0,0,0,0,0,0,0,0,0,0.164021164,0,0,0,0,0,0,0,0,0
ASV437,0,0,0,0,0,0,0,0,0,0,0,0,0,0.113827993,0,0,0,0,0,0,0,0,0,0,0,0,0,0,0,0,0,0,0,0.014127764,0,0.038251366
ASV305,0,0,0,0,0,0,0,0,0,0,0,0,0,0.038785835,0,0,0,0,0,0,0,0,0,0,0,0,0,0,0,0.021705426,0.070323488,0.027777778,0,0.006756757,0,0.001987084
ASV263,0,0,0,0,0.170836928,0,0,0,0,0,0,0,0,0,0,0,0,0,0,0,0,0,0,0,0,0,0,0,0,0,0,0,0,0,0,0
ASV145,0.008434864,0,0.028428616,0,0,0,0,0.013265306,0,0.008928571,0,0,0.0604811,0,0,0,0,0,0,0,0,0,0.046711739,0,0,0,0,0,0,0,0,0,0,0.007371007,0,0
ASV188,0,0,0,0,0,0,0,0,0,0,0,0,0,0,0,0,0,0.059116501,0,0,0,0,0,0,0,0,0,0,0.088541667,0,0.027777778,0,0,0,0,0
ASV409,0,0,0,0,0,0,0,0,0,0,0,0,0,0.129005059,0.027920647,0,0,0,0,0,0,0,0,0,0,0,0,0,0,0,0,0,0,0.015970516,0,0.011922504
ASV92,0,0,0,0,0,0,0,0,0,0,0,0,0.063230241,0,0,0,0,0,0,0,0,0,0.083589428,0,0,0,0,0,0,0,0.007735584,0,0,0.035012285,0,0
ASV208,0,0,0,0,0,0,0.070454545,0,0,0,0,0,0,0,0.013225569,0.065167053,0.014956163,0,0,0,0,0,0.030116779,0,0,0,0,0,0,0,0,0,0,0,0,0
ASV174,0,0.056641108,0,0,0,0,0,0,0,0,0,0,0,0.030354132,0,0,0,0.06344738,0,0.005307206,0,0,0,0,0,0,0,0,0,0,0,0,0,0,0,0.039990065
ASV789,0,0,0,0,0,0,0,0,0,0,0.195814649,0,0,0,0,0,0,0,0,0,0,0,0,0,0,0,0,0,0,0,0,0,0,0,0,0
ASV370,0,0,0,0,0,0,0,0,0,0,0,0,0,0,0,0,0,0,0,0,0,0,0,0,0,0,0.142857143,0,0,0,0,0.056150794,0,0,0,0
ASV67,0.012183693,0.022260698,0.018119338,0,0,0.013687601,0,0.02244898,0,0,0,0.004427227,0.019243986,0,0.026451139,0,0,0.018189693,0,0.008981425,0,0,0.012292563,0,0,0.002355713,0,0,0,0,0,0.00297619,0,0,0,0.018132141
ASV716,0,0,0,0,0,0,0,0,0,0,0,0,0,0,0,0,0,0,0,0,0,0,0,0,0,0,0,0,0,0,0,0,0.201822917,0,0,0
ASV71,0,0,0,0,0,0,0,0,0.04109589,0,0,0,0,0,0.0191036,0,0,0,0,0,0,0,0,0,0.025015253,0,0,0,0,0,0,0,0,0.12039312,0,0
ASV1622,0,0,0,0.214285714,0,0,0,0,0.002883922,0,0,0,0,0,0,0,0,0,0,0,0,0,0,0,0,0,0,0,0,0,0,0,0,0,0,0
ASV151,0,0,0,0,0.007190106,0,0,0,0,0,0,0.005534034,0.011683849,0,0.001469508,0.005292756,0,0.018189693,0,0,0,0.160695469,0,0,0,0.002061249,0,0,0.025297619,0.014470284,0,0,0,0,0,0
ASV83,0,0,0,0,0,0,0,0,0,0,0,0,0,0,0,0.098908369,0,0.03226505,0.015814444,0.080220453,0,0.025816649,0,0,0,0,0,0,0,0,0,0,0,0,0,0.000248385
ASV63,0,0.037595845,0,0,0.02502157,0,0,0.017346939,0,0,0,0,0.008247423,0,0.042615724,0,0,0.023819835,0,0,0,0,0.014751076,0,0,0,0.066137566,0,0,0,0,0,0,0,0,0.018132141
ASV139,0.023430178,0.001731388,0.004061231,0,0.004601668,0.00805153,0,0.021428571,0.005407354,0.01171875,0,0.0160487,0.021993127,0.002529511,0.018368846,0,0.009283136,0.003248159,0,0.005307206,0,0.002107482,0.014751076,0.007189542,0.001220256,0.001766784,0.010582011,0.009242144,0.023065476,0.005684755,0.006329114,0.005555556,0,0.004914005,0,0.004719324
ASV155,0,0,0,0,0,0,0,0,0,0,0,0,0,0.042158516,0,0,0,0,0,0,0,0,0,0,0,0,0,0,0.130208333,0,0,0.06031746,0,0,0,0.026328862
ASV431,0,0,0,0,0,0.262479871,0,0,0,0,0,0,0,0,0,0,0,0,0,0,0,0,0,0,0,0,0,0,0,0,0,0,0,0,0,0
ASV629,0,0,0,0,0,0,0,0,0,0,0.284005979,0,0,0,0,0,0,0,0,0,0,0,0,0,0,0,0,0,0,0,0,0,0,0,0,0
ASV40,0,0,0,0,0,0,0,0,0.072819034,0,0,0,0,0,0.052902278,0,0,0,0,0,0,0,0,0,0.029896278,0,0,0,0,0,0,0,0,0.136977887,0,0
ASV212,0,0,0,0,0,0.106280193,0,0,0.005407354,0,0,0.001106807,0,0,0,0,0,0,0,0,0,0,0.004917025,0,0.073215375,0,0,0,0,0.105426357,0.000703235,0,0,0,0,0
ASV100,0,0,0,0,0,0,0,0,0.014780101,0,0,0.025456558,0.034364261,0,0,0.014885875,0,0.004980511,0,0,0,0.028977871,0.022741242,0.166013072,0,0,0,0,0,0,0,0,0,0,0,0
ASV235,0,0,0,0,0,0,0,0,0,0,0,0,0,0,0,0,0.067560598,0,0,0,0,0,0.010448679,0,0,0,0.005291005,0,0,0,0.014416315,0,0.2421875,0,0,0
ASV170,0,0,0,0,0,0.103864734,0,0,0,0,0,0,0,0,0,0,0,0,0,0,0,0,0,0,0.153752288,0,0,0,0,0.084237726,0,0,0,0,0,0
ASV72,0,0,0,0,0,0,0,0,0.006849315,0,0,0.062534588,0.050171821,0,0,0,0,0.001732352,0,0.027760768,0,0.027924131,0.047940996,0.084313725,0,0,0,0,0.055803571,0.01498708,0,0,0,0,0,0
ASV153,0,0,0,0,0,0.064412238,0,0,0.05371305,0,0,0,0,0,0.022042616,0,0,0,0,0,0,0,0,0,0.132397804,0,0,0,0.003720238,0.123514212,0,0,0,0,0,0
ASV130,0,0,0,0,0,0,0,0,0,0,0,0,0,0,0,0,0.022692109,0.054352534,0,0,0,0,0,0,0,0,0,0,0,0,0,0,0,0,0.329956585,0
ASV48,0.080599813,0,0.015932521,0,0,0,0,0.041836735,0,0,0,0.007747648,0,0,0.19617928,0,0,0,0,0,0,0,0,0,0,0,0.068783069,0,0,0,0,0,0,0,0,0
ASV58,0,0,0,0,0,0,0,0,0,0,0,0,0,0,0,0,0.31923672,0,0,0,0,0,0,0,0.102501525,0,0,0,0,0,0,0,0,0.003685504,0,0
ASV35,0,0,0,0,0,0,0,0,0.221341024,0.069754464,0,0,0,0,0,0,0,0,0,0,0,0,0,0,0,0,0,0,0,0,0,0.124007937,0,0.018427518,0,0
ASV104,0,0,0,0,0,0,0.038636364,0,0,0,0,0.046485888,0.10790378,0.010118044,0.014695077,0,0,0.006279775,0,0.011022658,0,0.010537408,0,0.097385621,0,0,0,0,0.061011905,0.018604651,0,0,0,0.030712531,0,0
ASV41,0,0,0,0,0,0,0.056818182,0,0.072819034,0,0,0.013835086,0.009621993,0,0.02277737,0.11544823,0,0,0,0.055521535,0,0.010537408,0,0,0.030506406,0.004416961,0,0.024953789,0,0.024289406,0.006329114,0.005753968,0,0,0,0
ASV23,0.040299906,0.131832797,0,0,0.249065286,0,0,0.031632653,0,0,0,0,0,0,0,0,0,0,0,0,0,0,0,0,0,0,0,0,0,0,0,0.019642857,0,0,0,0
ASV56,0,0.05243631,0.188691034,0,0.006902502,0,0,0.030612245,0,0,0,0,0.018556701,0,0.061719324,0,0,0.074058034,0,0,0,0,0,0,0,0,0,0,0,0,0.011603376,0,0,0,0,0.048186786
ASV76,0,0,0.146829116,0,0,0,0,0,0,0.005580357,0,0,0,0,0,0,0,0.007145951,0,0,0,0,0,0.007189542,0.0195241,0,0,0.11090573,0.020833333,0.041343669,0.080168776,0.032738095,0,0.042383292,0,0.011674118
ASV158,0,0,0.016244923,0,0,0,0,0,0,0.135602679,0,0.049252905,0,0,0,0,0,0,0,0,0,0,0,0,0,0,0,0,0,0,0,0,0.338541667,0,0,0
ASV31,0,0,0,0,0,0,0,0.041836735,0,0.027901786,0,0.034311013,0.055670103,0.129848229,0.040411462,0,0.008767406,0.045474231,0.170005271,0,0,0,0,0,0,0,0,0,0,0,0,0,0,0,0,0
ASV13,0,0.025723473,0.051546392,0,0,0,0,0.037755102,0,0,0,0,0,0,0,0,0,0,0,0,0,0,0,0,0,0.078916372,0.007936508,0,0,0.027906977,0.330520394,0.00734127,0,0.089066339,0,0
ASV43,0,0.080880534,0,0,0,0,0,0.066326531,0,0.106026786,0,0.134477034,0,0,0,0,0.115007736,0,0,0,0,0,0,0,0,0,0,0,0,0.069250646,0.085443038,0,0,0.021498771,0,0
ASV277,0,0,0,0,0,0,0,0,0,0,0,0,0,0,0,0,0,0.006063231,0,0,0,0,0,0,0.016473459,0,0,0,0,0,0,0,0,0,0.658465991,0
ASV94,0,0,0,0,0,0,0.627272727,0,0.025594809,0,0,0,0,0,0,0,0.064981949,0,0,0,0,0,0,0,0,0,0,0,0,0,0,0,0,0.003071253,0,0
ASV55,0,0,0,0,0,0,0,0,0,0,0.056801196,0,0,0,0,0,0,0,0,0.015921617,0.650684932,0,0,0,0,0,0,0,0,0,0,0,0,0,0,0
ASV28,0.135895033,0.149888697,0.019993752,0,0,0,0,0.120408163,0,0,0,0,0,0,0,0,0,0,0,0,0,0,0,0,0,0.085100118,0,0,0,0,0,0,0,0,0,0.21882762
ASV62,0,0,0,0,0,0,0,0,0,0,0,0.048699502,0,0.022765599,0.043350478,0,0,0.008878302,0,0.038987548,0,0.046891465,0.049170252,0.300653595,0,0.002944641,0,0.045286506,0.091517857,0.048062016,0,0,0,0,0,0
ASV18,0.07497657,0,0.045298344,0,0,0,0,0.03877551,0,0,0,0.022136137,0.105841924,0,0.005143277,0,0,0,0,0,0,0,0.304240934,0,0,0,0.087301587,0,0,0,0.017229255,0,0,0.060810811,0,0.01987084
ASV190,0,0,0,0.619047619,0,0,0,0,0,0,0,0,0,0,0,0.014224281,0,0.011260286,0,0,0,0.167544784,0.00983405,0,0.032946919,0,0,0,0.039434524,0,0,0.014880952,0,0.009213759,0,0.013909588
ASV4,0,0,0,0,0.097497843,0,0.05,0.15,0.045061283,0,0,0.045932485,0.057731959,0.017706577,0.064658339,0.360238174,0.118617844,0.130576007,0,0.35109206,0.219178082,0.099051633,0,0,0.124466138,0.02532391,0.033068783,0.701478743,0.12797619,0.099224806,0,0,0,0.002457002,0,0.001241927