,1239-5-10-ITS,1250-5-10-ITS,13-5-10-ITS,1338-5-10-ITS,1387-5-10-ITS,522-5-10-ITS,672-5-10-ITS,717-5-10-ITS,856-5-10-ITS,98-5-10-ITS,1859-5-10-ITS2,1601-5-10-ITS2,1619-5-10-ITS2,1832-5-10-ITS2,1850-5-10-ITS2,1875-5-10-ITS2,1973-5-10-ITS2,2355-5-10-ITS2,2398-5-10-ITS2,2500-5-10-ITS2,2352-5-10-ITS2,2537-5-10-ITS2,2597-5-10-ITS2,2629-5-10-ITS2,2893-5-10-ITS2,2923-5-10-ITS2,2869-5-10-ITS2,3239-5-10-ITS2,3381-5-10-ITS2,3409-5-10-ITS2,3667-5-10-ITS2,3682-5-10-ITS2,3779-5-10-ITS2,3907-5-10-ITS2,473-5-10-ITS2,554-5-10-ITS2
ASV22038,0,0,0,0,0,1.17E-05,0,0,0,0,0,0,0,0,0,0,0,0,0,0,0,0,0,0,0,0,0,0,0,0,0,0,0,0,0,0
ASV22054,0,0,0,0,0,1.17E-05,0,0,0,0,0,0,0,0,0,0,0,0,0,0,0,0,0,0,0,0,0,0,0,0,0,0,0,0,0,0
ASV22053,0,0,0,0,0,1.17E-05,0,0,0,0,0,0,0,0,0,0,0,0,0,0,0,0,0,0,0,0,0,0,0,0,0,0,0,0,0,0
ASV22048,0,0,0,0,0,1.17E-05,0,0,0,0,0,0,0,0,0,0,0,0,0,0,0,0,0,0,0,0,0,0,0,0,0,0,0,0,0,0
ASV22049,0,0,0,0,0,1.17E-05,0,0,0,0,0,0,0,0,0,0,0,0,0,0,0,0,0,0,0,0,0,0,0,0,0,0,0,0,0,0
ASV21727,0,0,1.38E-05,0,0,0,0,0,0,0,0,0,0,0,0,0,0,0,0,0,0,0,0,0,0,0,0,0,0,0,0,0,0,0,0,0
ASV21753,0,0,1.38E-05,0,0,0,0,0,0,0,0,0,0,0,0,0,0,0,0,0,0,0,0,0,0,0,0,0,0,0,0,0,0,0,0,0
ASV21755,0,0,1.38E-05,0,0,0,0,0,0,0,0,0,0,0,0,0,0,0,0,0,0,0,0,0,0,0,0,0,0,0,0,0,0,0,0,0
ASV21764,0,0,1.38E-05,0,0,0,0,0,0,0,0,0,0,0,0,0,0,0,0,0,0,0,0,0,0,0,0,0,0,0,0,0,0,0,0,0
ASV21704,0,1.52E-05,0,0,0,0,0,0,0,0,0,0,0,0,0,0,0,0,0,0,0,0,0,0,0,0,0,0,0,0,0,0,0,0,0,0
ASV21717,0,1.52E-05,0,0,0,0,0,0,0,0,0,0,0,0,0,0,0,0,0,0,0,0,0,0,0,0,0,0,0,0,0,0,0,0,0,0
ASV21724,0,1.52E-05,0,0,0,0,0,0,0,0,0,0,0,0,0,0,0,0,0,0,0,0,0,0,0,0,0,0,0,0,0,0,0,0,0,0
ASV21697,0,1.52E-05,0,0,0,0,0,0,0,0,0,0,0,0,0,0,0,0,0,0,0,0,0,0,0,0,0,0,0,0,0,0,0,0,0,0
ASV21701,0,1.52E-05,0,0,0,0,0,0,0,0,0,0,0,0,0,0,0,0,0,0,0,0,0,0,0,0,0,0,0,0,0,0,0,0,0,0
ASV21720,0,1.52E-05,0,0,0,0,0,0,0,0,0,0,0,0,0,0,0,0,0,0,0,0,0,0,0,0,0,0,0,0,0,0,0,0,0,0
ASV21703,0,1.52E-05,0,0,0,0,0,0,0,0,0,0,0,0,0,0,0,0,0,0,0,0,0,0,0,0,0,0,0,0,0,0,0,0,0,0
ASV22284,0,0,0,0,0,0,0,0,0,1.55E-05,0,0,0,0,0,0,0,0,0,0,0,0,0,0,0,0,0,0,0,0,0,0,0,0,0,0
ASV22246,0,0,0,0,0,0,0,0,0,1.55E-05,0,0,0,0,0,0,0,0,0,0,0,0,0,0,0,0,0,0,0,0,0,0,0,0,0,0
ASV22069,0,0,0,0,0,0,1.80E-05,0,0,0,0,0,0,0,0,0,0,0,0,0,0,0,0,0,0,0,0,0,0,0,0,0,0,0,0,0
ASV22075,0,0,0,0,0,0,1.80E-05,0,0,0,0,0,0,0,0,0,0,0,0,0,0,0,0,0,0,0,0,0,0,0,0,0,0,0,0,0
ASV22057,0,0,0,0,0,0,1.80E-05,0,0,0,0,0,0,0,0,0,0,0,0,0,0,0,0,0,0,0,0,0,0,0,0,0,0,0,0,0
ASV22068,0,0,0,0,0,0,1.80E-05,0,0,0,0,0,0,0,0,0,0,0,0,0,0,0,0,0,0,0,0,0,0,0,0,0,0,0,0,0
ASV22856,0,0,0,0,0,0,0,0,0,0,0,0,0,0,0,0,0,0,0,0,0,0,0,2.24E-05,0,0,0,0,0,0,0,0,0,0,0,0
ASV3286,0,0,0,0,0,2.35E-05,0,0,0,0,0,0,0,0,0,0,0,0,0,0,0,0,0,0,0,0,0,0,0,0,0,0,0,0,0,0
ASV19212,0,0,0,0,0,2.35E-05,0,0,0,0,0,0,0,0,0,0,0,0,0,0,0,0,0,0,0,0,0,0,0,0,0,0,0,0,0,0
ASV19206,0,0,0,0,0,2.35E-05,0,0,0,0,0,0,0,0,0,0,0,0,0,0,0,0,0,0,0,0,0,0,0,0,0,0,0,0,0,0
ASV19216,0,0,0,0,0,2.35E-05,0,0,0,0,0,0,0,0,0,0,0,0,0,0,0,0,0,0,0,0,0,0,0,0,0,0,0,0,0,0
ASV22121,0,0,0,0,0,0,0,0.000025052,0,0,0,0,0,0,0,0,0,0,0,0,0,0,0,0,0,0,0,0,0,0,0,0,0,0,0,0
ASV22105,0,0,0,0,0,0,0,0.000025052,0,0,0,0,0,0,0,0,0,0,0,0,0,0,0,0,0,0,0,0,0,0,0,0,0,0,0,0
ASV22103,0,0,0,0,0,0,0,0.000025052,0,0,0,0,0,0,0,0,0,0,0,0,0,0,0,0,0,0,0,0,0,0,0,0,0,0,0,0
ASV22099,0,0,0,0,0,0,0,0.000025052,0,0,0,0,0,0,0,0,0,0,0,0,0,0,0,0,0,0,0,0,0,0,0,0,0,0,0,0
ASV22108,0,0,0,0,0,0,0,0.000025052,0,0,0,0,0,0,0,0,0,0,0,0,0,0,0,0,0,0,0,0,0,0,0,0,0,0,0,0
ASV23435,0,0,0,0,0,0,0,0,0,0,0,0,0,0,0,0,0,0,0,0,0,0,0,0,0,0,0,0,0,0,0,0,0,0,0,2.52E-05
ASV23443,0,0,0,0,0,0,0,0,0,0,0,0,0,0,0,0,0,0,0,0,0,0,0,0,0,0,0,0,0,0,0,0,0,0,0,2.52E-05
ASV23441,0,0,0,0,0,0,0,0,0,0,0,0,0,0,0,0,0,0,0,0,0,0,0,0,0,0,0,0,0,0,0,0,0,0,0,2.52E-05
ASV23438,0,0,0,0,0,0,0,0,0,0,0,0,0,0,0,0,0,0,0,0,0,0,0,0,0,0,0,0,0,0,0,0,0,0,0,2.52E-05
ASV18826,0,0,2.76E-05,0,0,0,0,0,0,0,0,0,0,0,0,0,0,0,0,0,0,0,0,0,0,0,0,0,0,0,0,0,0,0,0,0
ASV18863,0,0,2.76E-05,0,0,0,0,0,0,0,0,0,0,0,0,0,0,0,0,0,0,0,0,0,0,0,0,0,0,0,0,0,0,0,0,0
ASV18805,0,0,2.76E-05,0,0,0,0,0,0,0,0,0,0,0,0,0,0,0,0,0,0,0,0,0,0,0,0,0,0,0,0,0,0,0,0,0
ASV18812,0,0,2.76E-05,0,0,0,0,0,0,0,0,0,0,0,0,0,0,0,0,0,0,0,0,0,0,0,0,0,0,0,0,0,0,0,0,0
ASV18836,0,0,2.76E-05,0,0,0,0,0,0,0,0,0,0,0,0,0,0,0,0,0,0,0,0,0,0,0,0,0,0,0,0,0,0,0,0,0
ASV18832,0,0,2.76E-05,0,0,0,0,0,0,0,0,0,0,0,0,0,0,0,0,0,0,0,0,0,0,0,0,0,0,0,0,0,0,0,0,0
ASV18894,0,0,2.76E-05,0,0,0,0,0,0,0,0,0,0,0,0,0,0,0,0,0,0,0,0,0,0,0,0,0,0,0,0,0,0,0,0,0
ASV18871,0,0,2.76E-05,0,0,0,0,0,0,0,0,0,0,0,0,0,0,0,0,0,0,0,0,0,0,0,0,0,0,0,0,0,0,0,0,0
ASV18844,0,0,2.76E-05,0,0,0,0,0,0,0,0,0,0,0,0,0,0,0,0,0,0,0,0,0,0,0,0,0,0,0,0,0,0,0,0,0
ASV22523,0,0,0,0,0,0,0,0,0,0,0,0,0,0,2.93E-05,0,0,0,0,0,0,0,0,0,0,0,0,0,0,0,0,0,0,0,0,0
ASV18782,0,3.04E-05,0,0,0,0,0,0,0,0,0,0,0,0,0,0,0,0,0,0,0,0,0,0,0,0,0,0,0,0,0,0,0,0,0,0
ASV18769,0,3.04E-05,0,0,0,0,0,0,0,0,0,0,0,0,0,0,0,0,0,0,0,0,0,0,0,0,0,0,0,0,0,0,0,0,0,0
ASV18766,0,3.04E-05,0,0,0,0,0,0,0,0,0,0,0,0,0,0,0,0,0,0,0,0,0,0,0,0,0,0,0,0,0,0,0,0,0,0
ASV18787,0,3.04E-05,0,0,0,0,0,0,0,0,0,0,0,0,0,0,0,0,0,0,0,0,0,0,0,0,0,0,0,0,0,0,0,0,0,0
ASV18760,0,3.04E-05,0,0,0,0,0,0,0,0,0,0,0,0,0,0,0,0,0,0,0,0,0,0,0,0,0,0,0,0,0,0,0,0,0,0
ASV22338,0,0,0,0,0,0,0,0,0,0,0,3.05E-05,0,0,0,0,0,0,0,0,0,0,0,0,0,0,0,0,0,0,0,0,0,0,0,0
ASV22342,0,0,0,0,0,0,0,0,0,0,0,3.05E-05,0,0,0,0,0,0,0,0,0,0,0,0,0,0,0,0,0,0,0,0,0,0,0,0
ASV19456,0,0,0,0,0,0,0,0,0,3.11E-05,0,0,0,0,0,0,0,0,0,0,0,0,0,0,0,0,0,0,0,0,0,0,0,0,0,0
ASV19509,0,0,0,0,0,0,0,0,0,3.11E-05,0,0,0,0,0,0,0,0,0,0,0,0,0,0,0,0,0,0,0,0,0,0,0,0,0,0
ASV19466,0,0,0,0,0,0,0,0,0,3.11E-05,0,0,0,0,0,0,0,0,0,0,0,0,0,0,0,0,0,0,0,0,0,0,0,0,0,0
ASV19507,0,0,0,0,0,0,0,0,0,3.11E-05,0,0,0,0,0,0,0,0,0,0,0,0,0,0,0,0,0,0,0,0,0,0,0,0,0,0
ASV19486,0,0,0,0,0,0,0,0,0,3.11E-05,0,0,0,0,0,0,0,0,0,0,0,0,0,0,0,0,0,0,0,0,0,0,0,0,0,0
ASV18951,0,0,0,3.21E-05,0,0,0,0,0,0,0,0,0,0,0,0,0,0,0,0,0,0,0,0,0,0,0,0,0,0,0,0,0,0,0,0
ASV18967,0,0,0,3.21E-05,0,0,0,0,0,0,0,0,0,0,0,0,0,0,0,0,0,0,0,0,0,0,0,0,0,0,0,0,0,0,0,0
ASV18958,0,0,0,3.21E-05,0,0,0,0,0,0,0,0,0,0,0,0,0,0,0,0,0,0,0,0,0,0,0,0,0,0,0,0,0,0,0,0
ASV21652,3.36E-05,0,0,0,0,0,0,0,0,0,0,0,0,0,0,0,0,0,0,0,0,0,0,0,0,0,0,0,0,0,0,0,0,0,0,0
ASV23062,0,0,0,0,0,0,0,0,0,0,0,0,0,0,0,0,0,0,0,0,0,0,0,0,0,0,0,3.39E-05,0,0,0,0,0,0,0,0
ASV22171,0,0,0,0,0,0,0,0,3.43E-05,0,0,0,0,0,0,0,0,0,0,0,0,0,0,0,0,0,0,0,0,0,0,0,0,0,0,0
ASV16834,0,0,0,0,0,3.52E-05,0,0,0,0,0,0,0,0,0,0,0,0,0,0,0,0,0,0,0,0,0,0,0,0,0,0,0,0,0,0
ASV19242,0,0,0,0,0,0,3.59E-05,0,0,0,0,0,0,0,0,0,0,0,0,0,0,0,0,0,0,0,0,0,0,0,0,0,0,0,0,0
ASV19258,0,0,0,0,0,0,3.59E-05,0,0,0,0,0,0,0,0,0,0,0,0,0,0,0,0,0,0,0,0,0,0,0,0,0,0,0,0,0
ASV19266,0,0,0,0,0,0,3.59E-05,0,0,0,0,0,0,0,0,0,0,0,0,0,0,0,0,0,0,0,0,0,0,0,0,0,0,0,0,0
ASV16578,0,0,4.14E-05,0,0,0,0,0,0,0,0,0,0,0,0,0,0,0,0,0,0,0,0,0,0,0,0,0,0,0,0,0,0,0,0,0
ASV16568,0,0,4.14E-05,0,0,0,0,0,0,0,0,0,0,0,0,0,0,0,0,0,0,0,0,0,0,0,0,0,0,0,0,0,0,0,0,0
ASV16589,0,0,4.14E-05,0,0,0,0,0,0,0,0,0,0,0,0,0,0,0,0,0,0,0,0,0,0,0,0,0,0,0,0,0,0,0,0,0
ASV16595,0,0,4.14E-05,0,0,0,0,0,0,0,0,0,0,0,0,0,0,0,0,0,0,0,0,0,0,0,0,0,0,0,0,0,0,0,0,0
ASV16600,0,0,4.14E-05,0,0,0,0,0,0,0,0,0,0,0,0,0,0,0,0,0,0,0,0,0,0,0,0,0,0,0,0,0,0,0,0,0
ASV16585,0,0,4.14E-05,0,0,0,0,0,0,0,0,0,0,0,0,0,0,0,0,0,0,0,0,0,0,0,0,0,0,0,0,0,0,0,0,0
ASV21929,0,0,0,0,4.43E-05,0,0,0,0,0,0,0,0,0,0,0,0,0,0,0,0,0,0,0,0,0,0,0,0,0,0,0,0,0,0,0
ASV20560,0,0,0,0,0,0,0,0,0,0,0,0,0,0,0,0,0,0,0,0,0,0,0,4.47E-05,0,0,0,0,0,0,0,0,0,0,0,0
ASV20550,0,0,0,0,0,0,0,0,0,0,0,0,0,0,0,0,0,0,0,0,0,0,0,4.47E-05,0,0,0,0,0,0,0,0,0,0,0,0
ASV22909,0,0,0,0,0,0,0,0,0,0,0,0,0,0,0,0,0,0,0,0,0,0,0,0,4.48E-05,0,0,0,0,0,0,0,0,0,0,0
ASV22907,0,0,0,0,0,0,0,0,0,0,0,0,0,0,0,0,0,0,0,0,0,0,0,0,4.48E-05,0,0,0,0,0,0,0,0,0,0,0
ASV22917,0,0,0,0,0,0,0,0,0,0,0,0,0,0,0,0,0,0,0,0,0,0,0,0,4.48E-05,0,0,0,0,0,0,0,0,0,0,0
ASV22916,0,0,0,0,0,0,0,0,0,0,0,0,0,0,0,0,0,0,0,0,0,0,0,0,4.48E-05,0,0,0,0,0,0,0,0,0,0,0
ASV16490,0,4.57E-05,0,0,0,0,0,0,0,0,0,0,0,0,0,0,0,0,0,0,0,0,0,0,0,0,0,0,0,0,0,0,0,0,0,0
ASV16501,0,4.57E-05,0,0,0,0,0,0,0,0,0,0,0,0,0,0,0,0,0,0,0,0,0,0,0,0,0,0,0,0,0,0,0,0,0,0
ASV17005,0,0,0,0,0,0,0,0,0,4.66E-05,0,0,0,0,0,0,0,0,0,0,0,0,0,0,0,0,0,0,0,0,0,0,0,0,0,0
ASV17018,0,0,0,0,0,0,0,0,0,4.66E-05,0,0,0,0,0,0,0,0,0,0,0,0,0,0,0,0,0,0,0,0,0,0,0,0,0,0
ASV15090,0,0,0,0,0,4.69E-05,0,0,0,0,0,0,0,0,0,0,0,0,0,0,0,0,0,0,0,0,0,0,0,0,0,0,0,0,0,0
ASV15096,0,0,0,0,0,4.69E-05,0,0,0,0,0,0,0,0,0,0,0,0,0,0,0,0,0,0,0,0,0,0,0,0,0,0,0,0,0,0
ASV1635,0,0,0,0,0,4.69E-05,0,0,0,0,0,0,0,0,0,0,0,0,0,0,0,0,0,0,0,0,0,0,0,0,0,0,0,0,0,0
ASV23250,0,0,0,0,0,0,0,0,0,0,0,0,0,0,0,0,0,0,0,0,0,0,0,0,0,0,0,0,0,0,0,4.81E-05,0,0,0,0
ASV16635,0,0,0,4.81E-05,0,0,0,0,0,0,0,0,0,0,0,0,0,0,0,0,0,0,0,0,0,0,0,0,0,0,0,0,0,0,0,0
ASV22795,0,0,0,0,0,0,0,0,0,0,0,0,0,0,0,0,0,0,0,4.95E-05,0,0,0,0,0,0,0,0,0,0,0,0,0,0,0,0
ASV19280,0,0,0,0,0,0,0,0.000050104,0,0,0,0,0,0,0,0,0,0,0,0,0,0,0,0,0,0,0,0,0,0,0,0,0,0,0,0
ASV19300,0,0,0,0,0,0,0,0.000050104,0,0,0,0,0,0,0,0,0,0,0,0,0,0,0,0,0,0,0,0,0,0,0,0,0,0,0,0
ASV19293,0,0,0,0,0,0,0,0.000050104,0,0,0,0,0,0,0,0,0,0,0,0,0,0,0,0,0,0,0,0,0,0,0,0,0,0,0,0
ASV7343,0,0,0,0,0,0,0,0.000050104,0,0,0,0,0,0,0,0,0,0,0,0,0,0,0,0,0,0,0,0,0,0,0,0,0,0,0,0
ASV19315,0,0,0,0,0,0,0,0.000050104,0,0,0,0,0,0,0,0,0,0,0,0,0,0,0,0,0,0,0,0,0,0,0,0,0,0,0,0
ASV19272,0,0,0,0,0,0,0,0.000050104,0,0,0,0,0,0,0,0,0,0,0,0,0,0,0,0,0,0,0,0,0,0,0,0,0,0,0,0
ASV21485,0,0,0,0,0,0,0,0,0,0,0,0,0,0,0,0,0,0,0,0,0,0,0,0,0,0,0,0,0,0,0,0,0,0,0,5.05E-05
ASV21484,0,0,0,0,0,0,0,0,0,0,0,0,0,0,0,0,0,0,0,0,0,0,0,0,0,0,0,0,0,0,0,0,0,0,0,5.05E-05
ASV22631,0,0,0,0,0,0,0,0,0,0,0,0,0,0,0,0,5.25E-05,0,0,0,0,0,0,0,0,0,0,0,0,0,0,0,0,0,0,0
ASV16862,0,0,0,0,0,0,5.39E-05,0,0,0,0,0,0,0,0,0,0,0,0,0,0,0,0,0,0,0,0,0,0,0,0,0,0,0,0,0
ASV16856,0,0,0,0,0,0,5.39E-05,0,0,0,0,0,0,0,0,0,0,0,0,0,0,0,0,0,0,0,0,0,0,0,0,0,0,0,0,0
ASV16848,0,0,0,0,0,0,5.39E-05,0,0,0,0,0,0,0,0,0,0,0,0,0,0,0,0,0,0,0,0,0,0,0,0,0,0,0,0,0
ASV16854,0,0,0,0,0,0,5.39E-05,0,0,0,0,0,0,0,0,0,0,0,0,0,0,0,0,0,0,0,0,0,0,0,0,0,0,0,0,0
ASV16860,0,0,0,0,0,0,5.39E-05,0,0,0,0,0,0,0,0,0,0,0,0,0,0,0,0,0,0,0,0,0,0,0,0,0,0,0,0,0
ASV14883,0,0,5.52E-05,0,0,0,0,0,0,0,0,0,0,0,0,0,0,0,0,0,0,0,0,0,0,0,0,0,0,0,0,0,0,0,0,0
ASV14847,0,0,5.52E-05,0,0,0,0,0,0,0,0,0,0,0,0,0,0,0,0,0,0,0,0,0,0,0,0,0,0,0,0,0,0,0,0,0
ASV14859,0,0,5.52E-05,0,0,0,0,0,0,0,0,0,0,0,0,0,0,0,0,0,0,0,0,0,0,0,0,0,0,0,0,0,0,0,0,0
ASV14863,0,0,5.52E-05,0,0,0,0,0,0,0,0,0,0,0,0,0,0,0,0,0,0,0,0,0,0,0,0,0,0,0,0,0,0,0,0,0
ASV14873,0,0,5.52E-05,0,0,0,0,0,0,0,0,0,0,0,0,0,0,0,0,0,0,0,0,0,0,0,0,0,0,0,0,0,0,0,0,0
ASV14903,0,0,5.52E-05,0,0,0,0,0,0,0,0,0,0,0,0,0,0,0,0,0,0,0,0,0,0,0,0,0,0,0,0,0,0,0,0,0
ASV11780,0,0,5.52E-05,0,0,0,0,0,0,0,0,0,0,0,0,0,0,0,0,0,0,0,0,0,0,0,0,0,0,0,0,0,0,0,0,0
ASV14858,0,0,5.52E-05,0,0,0,0,0,0,0,0,0,0,0,0,0,0,0,0,0,0,0,0,0,0,0,0,0,0,0,0,0,0,0,0,0
ASV14871,0,0,5.52E-05,0,0,0,0,0,0,0,0,0,0,0,0,0,0,0,0,0,0,0,0,0,0,0,0,0,0,0,0,0,0,0,0,0
ASV14845,0,0,5.52E-05,0,0,0,0,0,0,0,0,0,0,0,0,0,0,0,0,0,0,0,0,0,0,0,0,0,0,0,0,0,0,0,0,0
ASV23367,0,0,0,0,0,0,0,0,0,0,0,0,0,0,0,0,0,0,0,0,0,0,0,0,0,0,0,0,0,0,0,0,0,5.52E-05,0,0
ASV23372,0,0,0,0,0,0,0,0,0,0,0,0,0,0,0,0,0,0,0,0,0,0,0,0,0,0,0,0,0,0,0,0,0,5.52E-05,0,0
ASV22832,0,0,0,0,0,0,0,0,0,0,0,0,0,0,0,0,0,0,0,0,0,0,5.52E-05,0,0,0,0,0,0,0,0,0,0,0,0,0
ASV19969,0,0,0,0,0,0,0,0,0,0,0,0,0,0,5.86E-05,0,0,0,0,0,0,0,0,0,0,0,0,0,0,0,0,0,0,0,0,0
ASV19935,0,0,0,0,0,0,0,0,0,0,0,0,0,0,5.86E-05,0,0,0,0,0,0,0,0,0,0,0,0,0,0,0,0,0,0,0,0,0
ASV19956,0,0,0,0,0,0,0,0,0,0,0,0,0,0,5.86E-05,0,0,0,0,0,0,0,0,0,0,0,0,0,0,0,0,0,0,0,0,0
ASV19949,0,0,0,0,0,0,0,0,0,0,0,0,0,0,5.86E-05,0,0,0,0,0,0,0,0,0,0,0,0,0,0,0,0,0,0,0,0,0
ASV13786,0,0,0,0,0,5.86E-05,0,0,0,0,0,0,0,0,0,0,0,0,0,0,0,0,0,0,0,0,0,0,0,0,0,0,0,0,0,0
ASV14838,0,6.09E-05,0,0,0,0,0,0,0,0,0,0,0,0,0,0,0,0,0,0,0,0,0,0,0,0,0,0,0,0,0,0,0,0,0,0
ASV14835,0,6.09E-05,0,0,0,0,0,0,0,0,0,0,0,0,0,0,0,0,0,0,0,0,0,0,0,0,0,0,0,0,0,0,0,0,0,0
ASV15258,0,0,0,0,0,0,0,0,0,0.000062163,0,0,0,0,0,0,0,0,0,0,0,0,0,0,0,0,0,0,0,0,0,0,0,0,0,0
ASV22482,0,0,0,0,0,0,0,0,0,0,0,0,0,6.23E-05,0,0,0,0,0,0,0,0,0,0,0,0,0,0,0,0,0,0,0,0,0,0
ASV22937,0,0,0,0,0,0,0,0,0,0,0,0,0,0,0,0,0,0,0,0,0,0,0,0,0,6.24E-05,0,0,0,0,0,0,0,0,0,0
ASV22935,0,0,0,0,0,0,0,0,0,0,0,0,0,0,0,0,0,0,0,0,0,0,0,0,0,6.24E-05,0,0,0,0,0,0,0,0,0,0
ASV23131,0,0,0,0,0,0,0,0,0,0,0,0,0,0,0,0,0,0,0,0,0,0,0,0,0,0,0,0,6.34E-05,0,0,0,0,0,0,0
ASV23132,0,0,0,0,0,0,0,0,0,0,0,0,0,0,0,0,0,0,0,0,0,0,0,0,0,0,0,0,6.34E-05,0,0,0,0,0,0,0
ASV14942,0,0,0,6.42E-05,0,0,0,0,0,0,0,0,0,0,0,0,0,0,0,0,0,0,0,0,0,0,0,0,0,0,0,0,0,0,0,0
ASV14932,0,0,0,6.42E-05,0,0,0,0,0,0,0,0,0,0,0,0,0,0,0,0,0,0,0,0,0,0,0,0,0,0,0,0,0,0,0,0
ASV17792,0,0,0,0,0,0,0,0,0,0,0,0,0,0,0,0,0,0,0,0,0,0,0,6.71E-05,0,0,0,0,0,0,0,0,0,0,0,0
ASV17788,0,0,0,0,0,0,0,0,0,0,0,0,0,0,0,0,0,0,0,0,0,0,0,6.71E-05,0,0,0,0,0,0,0,0,0,0,0,0
ASV17794,0,0,0,0,0,0,0,0,0,0,0,0,0,0,0,0,0,0,0,0,0,0,0,6.71E-05,0,0,0,0,0,0,0,0,0,0,0,0
ASV18674,6.71E-05,0,0,0,0,0,0,0,0,0,0,0,0,0,0,0,0,0,0,0,0,0,0,0,0,0,0,0,0,0,0,0,0,0,0,0
ASV18687,6.71E-05,0,0,0,0,0,0,0,0,0,0,0,0,0,0,0,0,0,0,0,0,0,0,0,0,0,0,0,0,0,0,0,0,0,0,0
ASV18679,6.71E-05,0,0,0,0,0,0,0,0,0,0,0,0,0,0,0,0,0,0,0,0,0,0,0,0,0,0,0,0,0,0,0,0,0,0,0
ASV20867,0,0,0,0,0,0,0,0,0,0,0,0,0,0,0,0,0,0,0,0,0,0,0,0,0,0,0,0.000067815,0,0,0,0,0,0,0,0
ASV20872,0,0,0,0,0,0,0,0,0,0,0,0,0,0,0,0,0,0,0,0,0,0,0,0,0,0,0,0.000067815,0,0,0,0,0,0,0,0
ASV20866,0,0,0,0,0,0,0,0,0,0,0,0,0,0,0,0,0,0,0,0,0,0,0,0,0,0,0,0.000067815,0,0,0,0,0,0,0,0
ASV20849,0,0,0,0,0,0,0,0,0,0,0,0,0,0,0,0,0,0,0,0,0,0,0,0,0,0,0,0.000067815,0,0,0,0,0,0,0,0
ASV19347,0,0,0,0,0,0,0,0,6.86E-05,0,0,0,0,0,0,0,0,0,0,0,0,0,0,0,0,0,0,0,0,0,0,0,0,0,0,0
ASV13591,0,0,6.89E-05,0,0,0,0,0,0,0,0,0,0,0,0,0,0,0,0,0,0,0,0,0,0,0,0,0,0,0,0,0,0,0,0,0
ASV6197,0,0,6.89E-05,0,0,0,0,0,0,0,0,0,0,0,0,0,0,0,0,0,0,0,0,0,0,0,0,0,0,0,0,0,0,0,0,0
ASV13633,0,0,6.89E-05,0,0,0,0,0,0,0,0,0,0,0,0,0,0,0,0,0,0,0,0,0,0,0,0,0,0,0,0,0,0,0,0,0
ASV15113,0,0,0,0,0,0,7.18E-05,0,0,0,0,0,0,0,0,0,0,0,0,0,0,0,0,0,0,0,0,0,0,0,0,0,0,0,0,0
ASV22293,0,0,0,0,0,0,0,0,0,0,7.28E-05,0,0,0,0,0,0,0,0,0,0,0,0,0,0,0,0,0,0,0,0,0,0,0,0,0
ASV16905,0,0,0,0,0,0,0,7.52E-05,0,0,0,0,0,0,0,0,0,0,0,0,0,0,0,0,0,0,0,0,0,0,0,0,0,0,0,0
ASV16906,0,0,0,0,0,0,0,7.52E-05,0,0,0,0,0,0,0,0,0,0,0,0,0,0,0,0,0,0,0,0,0,0,0,0,0,0,0,0
ASV16878,0,0,0,0,0,0,0,7.52E-05,0,0,0,0,0,0,0,0,0,0,0,0,0,0,0,0,0,0,0,0,0,0,0,0,0,0,0,0
ASV18504,0,0,0,0,0,0,0,0,0,0,0,0,0,0,0,0,0,0,0,0,0,0,0,0,0,0,0,0,0,0,0,0,0,0,0,7.57E-05
ASV10441,0,7.61E-05,0,0,0,0,0,0,0,0,0,0,0,0,0,0,0,0,0,0,0,0,0,0,0,0,0,0,0,0,0,0,0,0,0,0
ASV13889,0,0,0,0,0,0,0,0,0,7.77E-05,0,0,0,0,0,0,0,0,0,0,0,0,0,0,0,0,0,0,0,0,0,0,0,0,0,0
ASV14189,0,0,0,0,0,0,0,0,0,0,0,0,0,0,0,7.77E-05,0,0,0,0,0,0,0,0,0,0,0,0,0,0,0,0,0,0,0,0
ASV20722,0,0,0,0,0,0,0,0,0,0,0,0,0,0,0,0,0,0,0,0,0,0,0,0,0,0,0.000079255,0,0,0,0,0,0,0,0,0
ASV20713,0,0,0,0,0,0,0,0,0,0,0,0,0,0,0,0,0,0,0,0,0,0,0,0,0,0,0.000079255,0,0,0,0,0,0,0,0,0
ASV4506,0,0,0,8.02E-05,0,0,0,0,0,0,0,0,0,0,0,0,0,0,0,0,0,0,0,0,0,0,0,0,0,0,0,0,0,0,0,0
ASV11860,0,0,0,0,0,8.21E-05,0,0,0,0,0,0,0,0,0,0,0,0,0,0,0,0,0,0,0,0,0,0,0,0,0,0,0,0,0,0
ASV17391,0,0,0,0,0,0,0,0,0,0,0,0,0,0,8.79E-05,0,0,0,0,0,0,0,0,0,0,0,0,0,0,0,0,0,0,0,0,0
ASV17399,0,0,0,0,0,0,0,0,0,0,0,0,0,0,8.79E-05,0,0,0,0,0,0,0,0,0,0,0,0,0,0,0,0,0,0,0,0,0
ASV17392,0,0,0,0,0,0,0,0,0,0,0,0,0,0,8.79E-05,0,0,0,0,0,0,0,0,0,0,0,0,0,0,0,0,0,0,0,0,0
ASV19060,0,0,0,0,8.85E-05,0,0,0,0,0,0,0,0,0,0,0,0,0,0,0,0,0,0,0,0,0,0,0,0,0,0,0,0,0,0,0
ASV15795,0,0,0,0,0,0,0,0,0,0,0,0,0,0,0,0,0,0,0,0,0,0,0,8.94E-05,0,0,0,0,0,0,0,0,0,0,0,0
ASV20637,0,0,0,0,0,0,0,0,0,0,0,0,0,0,0,0,0,0,0,0,0,0,0,0,8.96E-05,0,0,0,0,0,0,0,0,0,0,0
ASV20648,0,0,0,0,0,0,0,0,0,0,0,0,0,0,0,0,0,0,0,0,0,0,0,0,8.96E-05,0,0,0,0,0,0,0,0,0,0,0
ASV12581,0,9.13E-05,0,0,0,0,0,0,0,0,0,0,0,0,0,0,0,0,0,0,0,0,0,0,0,0,0,0,0,0,0,0,0,0,0,0
ASV12579,0,9.13E-05,0,0,0,0,0,0,0,0,0,0,0,0,0,0,0,0,0,0,0,0,0,0,0,0,0,0,0,0,0,0,0,0,0,0
ASV17121,0,0,0,0,0,0,0,0,0,0,0,9.14E-05,0,0,0,0,0,0,0,0,0,0,0,0,0,0,0,0,0,0,0,0,0,0,0,0
ASV17139,0,0,0,0,0,0,0,0,0,0,0,9.14E-05,0,0,0,0,0,0,0,0,0,0,0,0,0,0,0,0,0,0,0,0,0,0,0,0
ASV12813,0,0,0,0,0,0,0,0,0,9.32E-05,0,0,0,0,0,0,0,0,0,0,0,0,0,0,0,0,0,0,0,0,0,0,0,0,0,0
ASV12837,0,0,0,0,0,0,0,0,0,9.32E-05,0,0,0,0,0,0,0,0,0,0,0,0,0,0,0,0,0,0,0,0,0,0,0,0,0,0
ASV22820,0,0,0,0,0,0,0,0,0,0,0,0,0,0,0,0,0,0,0,0,0,9.38E-05,0,0,0,0,0,0,0,0,0,0,0,0,0,0
ASV22823,0,0,0,0,0,0,0,0,0,0,0,0,0,0,0,0,0,0,0,0,0,9.38E-05,0,0,0,0,0,0,0,0,0,0,0,0,0,0
ASV22824,0,0,0,0,0,0,0,0,0,0,0,0,0,0,0,0,0,0,0,0,0,9.38E-05,0,0,0,0,0,0,0,0,0,0,0,0,0,0
ASV22825,0,0,0,0,0,0,0,0,0,0,0,0,0,0,0,0,0,0,0,0,0,9.38E-05,0,0,0,0,0,0,0,0,0,0,0,0,0,0
ASV11139,0,0,0,0,0,9.38E-05,0,0,0,0,0,0,0,0,0,0,0,0,0,0,0,0,0,0,0,0,0,0,0,0,0,0,0,0,0,0
ASV21150,0,0,0,0,0,0,0,0,0,0,0,0,0,0,0,0,0,0,0,0,0,0,0,0,0,0,0,0,0,0,0,9.61E-05,0,0,0,0
ASV12642,0,0,0,9.63E-05,0,0,0,0,0,0,0,0,0,0,0,0,0,0,0,0,0,0,0,0,0,0,0,0,0,0,0,0,0,0,0,0
ASV12643,0,0,0,9.63E-05,0,0,0,0,0,0,0,0,0,0,0,0,0,0,0,0,0,0,0,0,0,0,0,0,0,0,0,0,0,0,0,0
ASV11772,0,0,9.65E-05,0,0,0,0,0,0,0,0,0,0,0,0,0,0,0,0,0,0,0,0,0,0,0,0,0,0,0,0,0,0,0,0,0
ASV11757,0,0,9.65E-05,0,0,0,0,0,0,0,0,0,0,0,0,0,0,0,0,0,0,0,0,0,0,0,0,0,0,0,0,0,0,0,0,0
ASV20968,0,0,0,0,0,0,0,0,0,0,0,0,0,0,0,0,0,0,0,0,0,0,0,0,0,0,0,0,0,9.80E-05,0,0,0,0,0,0
ASV20970,0,0,0,0,0,0,0,0,0,0,0,0,0,0,0,0,0,0,0,0,0,0,0,0,0,0,0,0,0,9.80E-05,0,0,0,0,0,0
ASV20969,0,0,0,0,0,0,0,0,0,0,0,0,0,0,0,0,0,0,0,0,0,0,0,0,0,0,0,0,0,9.80E-05,0,0,0,0,0,0
ASV20424,0,0,0,0,0,0,0,0,0,0,0,0,0,0,0,0,0,0,0,9.90E-05,0,0,0,0,0,0,0,0,0,0,0,0,0,0,0,0
ASV20416,0,0,0,0,0,0,0,0,0,0,0,0,0,0,0,0,0,0,0,9.90E-05,0,0,0,0,0,0,0,0,0,0,0,0,0,0,0,0
ASV10613,0,0,0,0,0,0,0,0.000100208,0,0,0,0,0,0,0,0,0,0,0,0,0,0,0,0,0,0,0,0,0,0,0,0,0,0,0,0
ASV15118,0,0,0,0,0,0,0,0.000100208,0,0,0,0,0,0,0,0,0,0,0,0,0,0,0,0,0,0,0,0,0,0,0,0,0,0,0,0
ASV15128,0,0,0,0,0,0,0,0.000100208,0,0,0,0,0,0,0,0,0,0,0,0,0,0,0,0,0,0,0,0,0,0,0,0,0,0,0,0
ASV16431,0.000100715,0,0,0,0,0,0,0,0,0,0,0,0,0,0,0,0,0,0,0,0,0,0,0,0,0,0,0,0,0,0,0,0,0,0,0
ASV16427,0.000100715,0,0,0,0,0,0,0,0,0,0,0,0,0,0,0,0,0,0,0,0,0,0,0,0,0,0,0,0,0,0,0,0,0,0,0
ASV16300,0,0,0,0,0,0,0,0,0,0,0,0,0,0,0,0,0,0,0,0,0,0,0,0,0,0,0,0,0,0,0,0,0,0,0,0.000100923
ASV16301,0,0,0,0,0,0,0,0,0,0,0,0,0,0,0,0,0,0,0,0,0,0,0,0,0,0,0,0,0,0,0,0,0,0,0,0.000100923
ASV18013,0,0,0,0,0,0,0,0,0,0,0,0,0,0,0,0,0,0,0,0,0,0,0,0,0,0,0,0.000101723,0,0,0,0,0,0,0,0
ASV18010,0,0,0,0,0,0,0,0,0,0,0,0,0,0,0,0,0,0,0,0,0,0,0,0,0,0,0,0.000101723,0,0,0,0,0,0,0,0
ASV18028,0,0,0,0,0,0,0,0,0,0,0,0,0,0,0,0,0,0,0,0,0,0,0,0,0,0,0,0.000101723,0,0,0,0,0,0,0,0
ASV4916,0,0,0,0,0,0,0,0,0.000102927,0,0,0,0,0,0,0,0,0,0,0,0,0,0,0,0,0,0,0,0,0,0,0,0,0,0,0
ASV16935,0,0,0,0,0,0,0,0,0.000102927,0,0,0,0,0,0,0,0,0,0,0,0,0,0,0,0,0,0,0,0,0,0,0,0,0,0,0
ASV20111,0,0,0,0,0,0,0,0,0,0,0,0,0,0,0,0,0.000105031,0,0,0,0,0,0,0,0,0,0,0,0,0,0,0,0,0,0,0
ASV10540,0,0,0,0,0,0.000105542,0,0,0,0,0,0,0,0,0,0,0,0,0,0,0,0,0,0,0,0,0,0,0,0,0,0,0,0,0,0
ASV11729,0,0.000106532,0,0,0,0,0,0,0,0,0,0,0,0,0,0,0,0,0,0,0,0,0,0,0,0,0,0,0,0,0,0,0,0,0,0
ASV11728,0,0.000106532,0,0,0,0,0,0,0,0,0,0,0,0,0,0,0,0,0,0,0,0,0,0,0,0,0,0,0,0,0,0,0,0,0,0
ASV11738,0,0.000106532,0,0,0,0,0,0,0,0,0,0,0,0,0,0,0,0,0,0,0,0,0,0,0,0,0,0,0,0,0,0,0,0,0,0
ASV11727,0,0.000106532,0,0,0,0,0,0,0,0,0,0,0,0,0,0,0,0,0,0,0,0,0,0,0,0,0,0,0,0,0,0,0,0,0,0
ASV11731,0,0.000106532,0,0,0,0,0,0,0,0,0,0,0,0,0,0,0,0,0,0,0,0,0,0,0,0,0,0,0,0,0,0,0,0,0,0
ASV12746,0,0,0,0,0,0,0.000107774,0,0,0,0,0,0,0,0,0,0,0,0,0,0,0,0,0,0,0,0,0,0,0,0,0,0,0,0,0
ASV12743,0,0,0,0,0,0,0.000107774,0,0,0,0,0,0,0,0,0,0,0,0,0,0,0,0,0,0,0,0,0,0,0,0,0,0,0,0,0
ASV11929,0,0,0,0,0,0,0,0,0,0.000108785,0,0,0,0,0,0,0,0,0,0,0,0,0,0,0,0,0,0,0,0,0,0,0,0,0,0
ASV9571,0,0,0,0,0,0,0,0,0,0.000108785,0,0,0,0,0,0,0,0,0,0,0,0,0,0,0,0,0,0,0,0,0,0,0,0,0,0
ASV9147,0,0,0,0,0,0,0,0,0,0.000108785,0,0,0,0,0,0,0,0,0,0,0,0,0,0,0,0,0,0,0,0,0,0,0,0,0,0
ASV20300,0,0,0,0,0,0,0,0,0,0,0,0,0,0,0,0,0,0.000109505,0,0,0,0,0,0,0,0,0,0,0,0,0,0,0,0,0,0
ASV20298,0,0,0,0,0,0,0,0,0,0,0,0,0,0,0,0,0,0.000109505,0,0,0,0,0,0,0,0,0,0,0,0,0,0,0,0,0,0
ASV20290,0,0,0,0,0,0,0,0,0,0,0,0,0,0,0,0,0,0.000109505,0,0,0,0,0,0,0,0,0,0,0,0,0,0,0,0,0,0
ASV11036,0,0,0.00011031,0,0,0,0,0,0,0,0,0,0,0,0,0,0,0,0,0,0,0,0,0,0,0,0,0,0,0,0,0,0,0,0,0
ASV11030,0,0,0.00011031,0,0,0,0,0,0,0,0,0,0,0,0,0,0,0,0,0,0,0,0,0,0,0,0,0,0,0,0,0,0,0,0,0
ASV21367,0,0,0,0,0,0,0,0,0,0,0,0,0,0,0,0,0,0,0,0,0,0,0,0,0,0,0,0,0,0,0,0,0,0.000110369,0,0
ASV20489,0,0,0,0,0,0,0,0,0,0,0,0,0,0,0,0,0,0,0,0,0,0,0.000110406,0,0,0,0,0,0,0,0,0,0,0,0,0
ASV5475,0,0,0,0.000112327,0,0,0,0,0,0,0,0,0,0,0,0,0,0,0,0,0,0,0,0,0,0,0,0,0,0,0,0,0,0,0,0
ASV11791,0,0,0,0.000112327,0,0,0,0,0,0,0,0,0,0,0,0,0,0,0,0,0,0,0,0,0,0,0,0,0,0,0,0,0,0,0,0
ASV17465,0,0,0,0,0,0,0,0,0,0,0,0,0,0,0,0.000116559,0,0,0,0,0,0,0,0,0,0,0,0,0,0,0,0,0,0,0,0
ASV15537,0,0,0,0,0,0,0,0,0,0,0,0,0,0,0.000117226,0,0,0,0,0,0,0,0,0,0,0,0,0,0,0,0,0,0,0,0,0
ASV15539,0,0,0,0,0,0,0,0,0,0,0,0,0,0,0.000117226,0,0,0,0,0,0,0,0,0,0,0,0,0,0,0,0,0,0,0,0,0
ASV15514,0,0,0,0,0,0,0,0,0,0,0,0,0,0,0.000117226,0,0,0,0,0,0,0,0,0,0,0,0,0,0,0,0,0,0,0,0,0
ASV15534,0,0,0,0,0,0,0,0,0,0,0,0,0,0,0.000117226,0,0,0,0,0,0,0,0,0,0,0,0,0,0,0,0,0,0,0,0,0
ASV21268,0,0,0,0,0,0,0,0,0,0,0,0,0,0,0,0,0,0,0,0,0,0,0,0,0,0,0,0,0,0,0,0,0.000117509,0,0,0
ASV21251,0,0,0,0,0,0,0,0,0,0,0,0,0,0,0,0,0,0,0,0,0,0,0,0,0,0,0,0,0,0,0,0,0.000117509,0,0,0
ASV19757,0,0,0,0,0,0,0,0,0,0,0,0,0.000118043,0,0,0,0,0,0,0,0,0,0,0,0,0,0,0,0,0,0,0,0,0,0,0
ASV19762,0,0,0,0,0,0,0,0,0,0,0,0,0.000118043,0,0,0,0,0,0,0,0,0,0,0,0,0,0,0,0,0,0,0,0,0,0,0
ASV19768,0,0,0,0,0,0,0,0,0,0,0,0,0.000118043,0,0,0,0,0,0,0,0,0,0,0,0,0,0,0,0,0,0,0,0,0,0,0
ASV17874,0,0,0,0,0,0,0,0,0,0,0,0,0,0,0,0,0,0,0,0,0,0,0,0,0,0,0.000118883,0,0,0,0,0,0,0,0,0
ASV6140,0,0.000121751,0,0,0,0,0,0,0,0,0,0,0,0,0,0,0,0,0,0,0,0,0,0,0,0,0,0,0,0,0,0,0,0,0,0
ASV5121,0,0.000121751,0,0,0,0,0,0,0,0,0,0,0,0,0,0,0,0,0,0,0,0,0,0,0,0,0,0,0,0,0,0,0,0,0,0
ASV10468,0,0,0.000124099,0,0,0,0,0,0,0,0,0,0,0,0,0,0,0,0,0,0,0,0,0,0,0,0,0,0,0,0,0,0,0,0,0
ASV9015,0,0,0.000124099,0,0,0,0,0,0,0,0,0,0,0,0,0,0,0,0,0,0,0,0,0,0,0,0,0,0,0,0,0,0,0,0,0
ASV11199,0,0,0,0,0,0,0,0,0,0.000124326,0,0,0,0,0,0,0,0,0,0,0,0,0,0,0,0,0,0,0,0,0,0,0,0,0,0
ASV11190,0,0,0,0,0,0,0,0,0,0.000124326,0,0,0,0,0,0,0,0,0,0,0,0,0,0,0,0,0,0,0,0,0,0,0,0,0,0
ASV19879,0,0,0,0,0,0,0,0,0,0,0,0,0,0.000124634,0,0,0,0,0,0,0,0,0,0,0,0,0,0,0,0,0,0,0,0,0,0
ASV19876,0,0,0,0,0,0,0,0,0,0,0,0,0,0.000124634,0,0,0,0,0,0,0,0,0,0,0,0,0,0,0,0,0,0,0,0,0,0
ASV19882,0,0,0,0,0,0,0,0,0,0,0,0,0,0.000124634,0,0,0,0,0,0,0,0,0,0,0,0,0,0,0,0,0,0,0,0,0,0
ASV19886,0,0,0,0,0,0,0,0,0,0,0,0,0,0.000124634,0,0,0,0,0,0,0,0,0,0,0,0,0,0,0,0,0,0,0,0,0,0
ASV20680,0,0,0,0,0,0,0,0,0,0,0,0,0,0,0,0,0,0,0,0,0,0,0,0,0,0.000124704,0,0,0,0,0,0,0,0,0,0
ASV20694,0,0,0,0,0,0,0,0,0,0,0,0,0,0,0,0,0,0,0,0,0,0,0,0,0,0.000124704,0,0,0,0,0,0,0,0,0,0
ASV13808,0,0,0,0,0,0,0,0.00012526,0,0,0,0,0,0,0,0,0,0,0,0,0,0,0,0,0,0,0,0,0,0,0,0,0,0,0,0
ASV20930,0,0,0,0,0,0,0,0,0,0,0,0,0,0,0,0,0,0,0,0,0,0,0,0,0,0,0,0,0.000126799,0,0,0,0,0,0,0
ASV3315,0,0,0,0,0,0.000128996,0,0,0,0,0,0,0,0,0,0,0,0,0,0,0,0,0,0,0,0,0,0,0,0,0,0,0,0,0,0
ASV16719,0,0,0,0,0.000132796,0,0,0,0,0,0,0,0,0,0,0,0,0,0,0,0,0,0,0,0,0,0,0,0,0,0,0,0,0,0,0
ASV16729,0,0,0,0,0.000132796,0,0,0,0,0,0,0,0,0,0,0,0,0,0,0,0,0,0,0,0,0,0,0,0,0,0,0,0,0,0,0
ASV14777,0.000134287,0,0,0,0,0,0,0,0,0,0,0,0,0,0,0,0,0,0,0,0,0,0,0,0,0,0,0,0,0,0,0,0,0,0,0
ASV14775,0.000134287,0,0,0,0,0,0,0,0,0,0,0,0,0,0,0,0,0,0,0,0,0,0,0,0,0,0,0,0,0,0,0,0,0,0,0
ASV14779,0.000134287,0,0,0,0,0,0,0,0,0,0,0,0,0,0,0,0,0,0,0,0,0,0,0,0,0,0,0,0,0,0,0,0,0,0,0
ASV15991,0,0,0,0,0,0,0,0,0,0,0,0,0,0,0,0,0,0,0,0,0,0,0,0,0,0,0,0.00013563,0,0,0,0,0,0,0,0
ASV15972,0,0,0,0,0,0,0,0,0,0,0,0,0,0,0,0,0,0,0,0,0,0,0,0,0,0,0,0.00013563,0,0,0,0,0,0,0,0
ASV15971,0,0,0,0,0,0,0,0,0,0,0,0,0,0,0,0,0,0,0,0,0,0,0,0,0,0,0,0.00013563,0,0,0,0,0,0,0,0
ASV10443,0,0.00013697,0,0,0,0,0,0,0,0,0,0,0,0,0,0,0,0,0,0,0,0,0,0,0,0,0,0,0,0,0,0,0,0,0,0
ASV10447,0,0.00013697,0,0,0,0,0,0,0,0,0,0,0,0,0,0,0,0,0,0,0,0,0,0,0,0,0,0,0,0,0,0,0,0,0,0
ASV8076,0,0.00013697,0,0,0,0,0,0,0,0,0,0,0,0,0,0,0,0,0,0,0,0,0,0,0,0,0,0,0,0,0,0,0,0,0,0
ASV15162,0,0,0,0,0,0,0,0,0.000137235,0,0,0,0,0,0,0,0,0,0,0,0,0,0,0,0,0,0,0,0,0,0,0,0,0,0,0
ASV9944,0,0,0.000137887,0,0,0,0,0,0,0,0,0,0,0,0,0,0,0,0,0,0,0,0,0,0,0,0,0,0,0,0,0,0,0,0,0
ASV3829,0,0,0.000137887,0,0,0,0,0,0,0,0,0,0,0,0,0,0,0,0,0,0,0,0,0,0,0,0,0,0,0,0,0,0,0,0,0
ASV10589,0,0,0,0,0,0,0,0,0,0.000139867,0,0,0,0,0,0,0,0,0,0,0,0,0,0,0,0,0,0,0,0,0,0,0,0,0,0
ASV10587,0,0,0,0,0,0,0,0,0,0.000139867,0,0,0,0,0,0,0,0,0,0,0,0,0,0,0,0,0,0,0,0,0,0,0,0,0,0
ASV8430,0,0,0,0,0,0,0,0,0,0.000139867,0,0,0,0,0,0,0,0,0,0,0,0,0,0,0,0,0,0,0,0,0,0,0,0,0,0
ASV9109,0,0,0,0,0,0.000140723,0,0,0,0,0,0,0,0,0,0,0,0,0,0,0,0,0,0,0,0,0,0,0,0,0,0,0,0,0,0
ASV20456,0,0,0,0,0,0,0,0,0,0,0,0,0,0,0,0,0,0,0,0,0.000145138,0,0,0,0,0,0,0,0,0,0,0,0,0,0,0
ASV20435,0,0,0,0,0,0,0,0,0,0,0,0,0,0,0,0,0,0,0,0,0.000145138,0,0,0,0,0,0,0,0,0,0,0,0,0,0,0
ASV19548,0,0,0,0,0,0,0,0,0,0,0.000145677,0,0,0,0,0,0,0,0,0,0,0,0,0,0,0,0,0,0,0,0,0,0,0,0,0
ASV19546,0,0,0,0,0,0,0,0,0,0,0.000145677,0,0,0,0,0,0,0,0,0,0,0,0,0,0,0,0,0,0,0,0,0,0,0,0,0
ASV19550,0,0,0,0,0,0,0,0,0,0,0.000145677,0,0,0,0,0,0,0,0,0,0,0,0,0,0,0,0,0,0,0,0,0,0,0,0,0
ASV19547,0,0,0,0,0,0,0,0,0,0,0.000145677,0,0,0,0,0,0,0,0,0,0,0,0,0,0,0,0,0,0,0,0,0,0,0,0,0
ASV14141,0,0,0,0,0,0,0,0,0,0,0,0,0,0,0.000146533,0,0,0,0,0,0,0,0,0,0,0,0,0,0,0,0,0,0,0,0,0
ASV9592,0,0,0,0,0,0,0,0,0,0,0,0,0,0,0.000146533,0,0,0,0,0,0,0,0,0,0,0,0,0,0,0,0,0,0,0,0,0
ASV18104,0,0,0,0,0,0,0,0,0,0,0,0,0,0,0,0,0,0,0,0,0,0,0,0,0,0,0,0,0,0.000146944,0,0,0,0,0,0
ASV18105,0,0,0,0,0,0,0,0,0,0,0,0,0,0,0,0,0,0,0,0,0,0,0,0,0,0,0,0,0,0.000146944,0,0,0,0,0,0
ASV13477,0,0,0,0,0,0,0,0,0,0,0,0,0,0,0,0,0,0,0,0,0,0,0,0,0,0,0,0,0,0,0,0,0,0,0,0.000151385
ASV9478,0,0,0.000151676,0,0,0,0,0,0,0,0,0,0,0,0,0,0,0,0,0,0,0,0,0,0,0,0,0,0,0,0,0,0,0,0,0
ASV17487,0,0,0,0,0,0,0,0,0,0,0,0,0,0,0,0,0.000157546,0,0,0,0,0,0,0,0,0,0,0,0,0,0,0,0,0,0,0
ASV15876,0,0,0,0,0,0,0,0,0,0,0,0,0,0,0,0,0,0,0,0,0,0,0,0,0,0,0.00015851,0,0,0,0,0,0,0,0,0
ASV15885,0,0,0,0,0,0,0,0,0,0,0,0,0,0,0,0,0,0,0,0,0,0,0,0,0,0,0.00015851,0,0,0,0,0,0,0,0,0
ASV15868,0,0,0,0,0,0,0,0,0,0,0,0,0,0,0,0,0,0,0,0,0,0,0,0,0,0,0.00015851,0,0,0,0,0,0,0,0,0
ASV21078,0,0,0,0,0,0,0,0,0,0,0,0,0,0,0,0,0,0,0,0,0,0,0,0,0,0,0,0,0,0,0.00015916,0,0,0,0,0
ASV21067,0,0,0,0,0,0,0,0,0,0,0,0,0,0,0,0,0,0,0,0,0,0,0,0,0,0,0,0,0,0,0.00015916,0,0,0,0,0
ASV21059,0,0,0,0,0,0,0,0,0,0,0,0,0,0,0,0,0,0,0,0,0,0,0,0,0,0,0,0,0,0,0.00015916,0,0,0,0,0
ASV18464,0,0,0,0,0,0,0,0,0,0,0,0,0,0,0,0,0,0,0,0,0,0,0,0,0,0,0,0,0,0,0,0,0,0,0.000162681,0
ASV18469,0,0,0,0,0,0,0,0,0,0,0,0,0,0,0,0,0,0,0,0,0,0,0,0,0,0,0,0,0,0,0,0,0,0,0.000162681,0
ASV3824,0,0,0,0,0,0.000164177,0,0,0,0,0,0,0,0,0,0,0,0,0,0,0,0,0,0,0,0,0,0,0,0,0,0,0,0,0,0
ASV17610,0,0,0,0,0,0,0,0,0,0,0,0,0,0,0,0,0,0.000164258,0,0,0,0,0,0,0,0,0,0,0,0,0,0,0,0,0,0
ASV9052,0,0,0.000165465,0,0,0,0,0,0,0,0,0,0,0,0,0,0,0,0,0,0,0,0,0,0,0,0,0,0,0,0,0,0,0,0,0
ASV9049,0,0,0.000165465,0,0,0,0,0,0,0,0,0,0,0,0,0,0,0,0,0,0,0,0,0,0,0,0,0,0,0,0,0,0,0,0,0
ASV18400,0,0,0,0,0,0,0,0,0,0,0,0,0,0,0,0,0,0,0,0,0,0,0,0,0,0,0,0,0,0,0,0,0,0.000165554,0,0
ASV18404,0,0,0,0,0,0,0,0,0,0,0,0,0,0,0,0,0,0,0,0,0,0,0,0,0,0,0,0,0,0,0,0,0,0.000165554,0,0
ASV18419,0,0,0,0,0,0,0,0,0,0,0,0,0,0,0,0,0,0,0,0,0,0,0,0,0,0,0,0,0,0,0,0,0,0.000165554,0,0
ASV17748,0,0,0,0,0,0,0,0,0,0,0,0,0,0,0,0,0,0,0,0,0,0,0.000165609,0,0,0,0,0,0,0,0,0,0,0,0,0
ASV891,0,0.000167407,0,0,0,0,0,0,0,0,0,0,0,0,0,0,0,0,0,0,0,0,0,0,0,0,0,0,0,0,0,0,0,0,0,0
ASV13548,0.000167858,0,0,0,0,0,0,0,0,0,0,0,0,0,0,0,0,0,0,0,0,0,0,0,0,0,0,0,0,0,0,0,0,0,0,0
ASV13840,0,0,0,0,0,0,0,0,0.000171544,0,0,0,0,0,0,0,0,0,0,0,0,0,0,0,0,0,0,0,0,0,0,0,0,0,0,0
ASV13839,0,0,0,0,0,0,0,0,0.000171544,0,0,0,0,0,0,0,0,0,0,0,0,0,0,0,0,0,0,0,0,0,0,0,0,0,0,0
ASV13016,0,0,0,0,0,0,0,0,0,0,0,0,0,0,0.00017584,0,0,0,0,0,0,0,0,0,0,0,0,0,0,0,0,0,0,0,0,0
ASV13019,0,0,0,0,0,0,0,0,0,0,0,0,0,0,0.00017584,0,0,0,0,0,0,0,0,0,0,0,0,0,0,0,0,0,0,0,0,0
ASV18316,0,0,0,0,0,0,0,0,0,0,0,0,0,0,0,0,0,0,0,0,0,0,0,0,0,0,0,0,0,0,0,0,0.000176263,0,0,0
ASV18338,0,0,0,0,0,0,0,0,0,0,0,0,0,0,0,0,0,0,0,0,0,0,0,0,0,0,0,0,0,0,0,0,0.000176263,0,0,0
ASV18317,0,0,0,0,0,0,0,0,0,0,0,0,0,0,0,0,0,0,0,0,0,0,0,0,0,0,0,0,0,0,0,0,0.000176263,0,0,0
ASV12485,0,0,0,0,0,0,0,0,0,0,0,0,0,0,0,0,0,0,0,0,0,0,0,0,0,0,0,0,0,0,0,0,0,0,0,0.000176616
ASV12489,0,0,0,0,0,0,0,0,0,0,0,0,0,0,0,0,0,0,0,0,0,0,0,0,0,0,0,0,0,0,0,0,0,0,0,0.000176616
ASV15001,0,0,0,0,0.000177062,0,0,0,0,0,0,0,0,0,0,0,0,0,0,0,0,0,0,0,0,0,0,0,0,0,0,0,0,0,0,0
ASV17241,0,0,0,0,0,0,0,0,0,0,0,0,0.000177064,0,0,0,0,0,0,0,0,0,0,0,0,0,0,0,0,0,0,0,0,0,0,0
ASV17230,0,0,0,0,0,0,0,0,0,0,0,0,0.000177064,0,0,0,0,0,0,0,0,0,0,0,0,0,0,0,0,0,0,0,0,0,0,0
ASV17239,0,0,0,0,0,0,0,0,0,0,0,0,0.000177064,0,0,0,0,0,0,0,0,0,0,0,0,0,0,0,0,0,0,0,0,0,0,0
ASV5760,0,0,0,0,0,0,0,0,0,0,0,0,0,0,0,0,0,0,0,0,0,0,0,0.000178831,0,0,0,0,0,0,0,0,0,0,0,0
ASV15830,0,0,0,0,0,0,0,0,0,0,0,0,0,0,0,0,0,0,0,0,0,0,0,0,0.000179292,0,0,0,0,0,0,0,0,0,0,0
ASV10013,0,0,0,0,0,0,0.000179624,0,0,0,0,0,0,0,0,0,0,0,0,0,0,0,0,0,0,0,0,0,0,0,0,0,0,0,0,0
ASV10012,0,0,0,0,0,0,0.000179624,0,0,0,0,0,0,0,0,0,0,0,0,0,0,0,0,0,0,0,0,0,0,0,0,0,0,0,0,0
ASV10015,0,0,0,0,0,0,0.000179624,0,0,0,0,0,0,0,0,0,0,0,0,0,0,0,0,0,0,0,0,0,0,0,0,0,0,0,0,0
ASV10014,0,0,0,0,0,0,0.000179624,0,0,0,0,0,0,0,0,0,0,0,0,0,0,0,0,0,0,0,0,0,0,0,0,0,0,0,0,0
ASV17723,0,0,0,0,0,0,0,0,0,0,0,0,0,0,0,0,0,0,0,0,7.26E-05,0,0.000110406,0,0,0,0,0,0,0,0,0,0,0,0,0
ASV17328,0,0,0,0,0,0,0,0,0,0,0,0,0,0.000186951,0,0,0,0,0,0,0,0,0,0,0,0,0,0,0,0,0,0,0,0,0,0
ASV17330,0,0,0,0,0,0,0,0,0,0,0,0,0,0.000186951,0,0,0,0,0,0,0,0,0,0,0,0,0,0,0,0,0,0,0,0,0,0
ASV17663,0,0,0,0,0,0,0,0,0,0,0,0,0,0,0,0,0,0,0.000143606,0,0,0,0,0,4.48E-05,0,0,0,0,0,0,0,0,0,0,0
ASV18080,0,0,0,0,0,0,0,0,0,0,0,0,0,0,0,0,0,0,0,0,0,0,0,0,0,0,0,0,0.000190198,0,0,0,0,0,0,0
ASV8378,0,0,0.000193042,0,0,0,0,0,0,0,0,0,0,0,0,0,0,0,0,0,0,0,0,0,0,0,0,0,0,0,0,0,0,0,0,0
ASV4702,0,0,0.000193042,0,0,0,0,0,0,0,0,0,0,0,0,0,0,0,0,0,0,0,0,0,0,0,0,0,0,0,0,0,0,0,0,0
ASV14182,0,0,0,0,0,0,0,0,0,0,0,0,0,0,0,0.000194265,0,0,0,0,0,0,0,0,0,0,0,0,0,0,0,0,0,0,0,0
ASV16043,0,0,0,0,0,0,0,0,0,0,0,0,0,0,0,0,0,0,0,0,0,0,0,0,0,0,0,0,0,0.000195925,0,0,0,0,0,0
ASV16044,0,0,0,0,0,0,0,0,0,0,0,0,0,0,0,0,0,0,0,0,0,0,0,0,0,0,0,0,0,0.000195925,0,0,0,0,0,0
ASV9547,0,0,0,0,0,0,0.000197586,0,0,0,0,0,0,0,0,0,0,0,0,0,0,0,0,0,0,0,0,0,0,0,0,0,0,0,0,0
ASV15751,0,0,0,0,0,0,0,0,0,0,0,0,0,0,0,0,0,0,0,0.000198088,0,0,0,0,0,0,0,0,0,0,0,0,0,0,0,0
ASV15745,0,0,0,0,0,0,0,0,0,0,0,0,0,0,0,0,0,0,0,0.000198088,0,0,0,0,0,0,0,0,0,0,0,0,0,0,0,0
ASV15744,0,0,0,0,0,0,0,0,0,0,0,0,0,0,0,0,0,0,0,0.000198088,0,0,0,0,0,0,0,0,0,0,0,0,0,0,0,0
ASV14435,0,0,0,0,0,0,0,0,0,0,0,0,0,0,0,0,0,0,0,0,0,0,0,0,0,0,0.000198138,0,0,0,0,0,0,0,0,0
ASV4105,0,0,0,0,0,0.000199357,0,0,0,0,0,0,0,0,0,0,0,0,0,0,0,0,0,0,0,0,0,0,0,0,0,0,0,0,0,0
ASV6892,0,0,0,0,0,0,0,0,0,0,0,0,0,0,0,0,0,0,0,0,0,0,0,0.000201185,0,0,0,0,0,0,0,0,0,0,0,0
ASV12552,0.00020143,0,0,0,0,0,0,0,0,0,0,0,0,0,0,0,0,0,0,0,0,0,0,0,0,0,0,0,0,0,0,0,0,0,0,0
ASV12553,0.00020143,0,0,0,0,0,0,0,0,0,0,0,0,0,0,0,0,0,0,0,0,0,0,0,0,0,0,0,0,0,0,0,0,0,0,0
ASV12550,0.00020143,0,0,0,0,0,0,0,0,0,0,0,0,0,0,0,0,0,0,0,0,0,0,0,0,0,0,0,0,0,0,0,0,0,0,0
ASV8779,0,0,0,0,0,0,0,0,0,0.00020203,0,0,0,0,0,0,0,0,0,0,0,0,0,0,0,0,0,0,0,0,0,0,0,0,0,0
ASV13294,0,0,0,0,0,0,0,0,0,0,0,0,0,0,0,0,0,0,0,0,0,0,0,0,0,0,0,0.000203445,0,0,0,0,0,0,0,0
ASV13290,0,0,0,0,0,0,0,0,0,0,0,0,0,0,0,0,0,0,0,0,0,0,0,0,0,0,0,0.000203445,0,0,0,0,0,0,0,0
ASV12122,0,0,0,0,0,0,0,0,0,0,0,0,0,0,0.000205146,0,0,0,0,0,0,0,0,0,0,0,0,0,0,0,0,0,0,0,0,0
ASV544,0,0,0,0,0,0,0,0,0,0,0,0,0,0,0.000205146,0,0,0,0,0,0,0,0,0,0,0,0,0,0,0,0,0,0,0,0,0
ASV12787,0,0,0,0,0,0,0,0,0.000205853,0,0,0,0,0,0,0,0,0,0,0,0,0,0,0,0,0,0,0,0,0,0,0,0,0,0,0
ASV8712,0,0,0,0.000208607,0,0,0,0,0,0,0,0,0,0,0,0,0,0,0,0,0,0,0,0,0,0,0,0,0,0,0,0,0,0,0,0
ASV15598,0,0,0,0,0,0,0,0,0,0,0,0,0,0,0,0,0.000210062,0,0,0,0,0,0,0,0,0,0,0,0,0,0,0,0,0,0,0
ASV15594,0,0,0,0,0,0,0,0,0,0,0,0,0,0,0,0,0.000210062,0,0,0,0,0,0,0,0,0,0,0,0,0,0,0,0,0,0,0
ASV1521,0,0,0,0,0,0.000211084,0,0,0,0,0,0,0,0,0,0,0,0,0,0,0,0,0,0,0,0,0,0,0,0,0,0,0,0,0,0
ASV9114,0,0,0,0,0,0,0.000215548,0,0,0,0,0,0,0,0,0,0,0,0,0,0,0,0,0,0,0,0,0,0,0,0,0,0,0,0,0
ASV16263,0,0,0,0,0,0,0,0,0,0,0,0,0,0,0,0,0,0,0,0,0,0,0,0,0,0,0,0,0,0,0,0,0,0,0.000216908,0
ASV16273,0,0,0,0,0,0,0,0,0,0,0,0,0,0,0,0,0,0,0,0,0,0,0,0,0,0,0,0,0,0,0,0,0,0,0.000216908,0
ASV16274,0,0,0,0,0,0,0,0,0,0,0,0,0,0,0,0,0,0,0,0,0,0,0,0,0,0,0,0,0,0,0,0,0,0,0.000216908,0
ASV6172,0,0,0,0,0,0,0,0,0,0.00021757,0,0,0,0,0,0,0,0,0,0,0,0,0,0,0,0,0,0,0,0,0,0,0,0,0,0
ASV17062,0,0,0,0,0,0,0,0,0,0,0.000218516,0,0,0,0,0,0,0,0,0,0,0,0,0,0,0,0,0,0,0,0,0,0,0,0,0
ASV16239,0,0,0,0,0,0,0,0,0,0,0,0,0,0,0,0,0,0,0,0,0,0,0,0,0,0,0,0,0,0,0,0,0,0.000220738,0,0
ASV13705,0,0,0,0,0.000221327,0,0,0,0,0,0,0,0,0,0,0,0,0,0,0,0,0,0,0,0,0,0,0,0,0,0,0,0,0,0,0
ASV7184,0,0,0,0,0,0.000222811,0,0,0,0,0,0,0,0,0,0,0,0,0,0,0,0,0,0,0,0,0,0,0,0,0,0,0,0,0,0
ASV14404,0,0,0,0,0,0,0,0,0,0,0,0,0,0,0,0,0,0,0,0,0,0,0,0,0.000224115,0,0,0,0,0,0,0,0,0,0,0
ASV10972,0,0,0,0,0,0,0,0,0,0,0,0,0,0,0,0,0,0,0,0,0,0,0,0,0,0,0,0,0,0,0,0,0,0,0,0.000227078
ASV300,0,0.000228283,0,0,0,0,0,0,0,0,0,0,0,0,0,0,0,0,0,0,0,0,0,0,0,0,0,0,0,0,0,0,0,0,0,0
ASV13045,0,0,0,0,0,0,0,0,0,0,0,0,0,0,0,0.000233118,0,0,0,0,0,0,0,0,0,0,0,0,0,0,0,0,0,0,0,0
ASV11339,0,0,0,0,0,0,0,0,0,0,0,0,0,0,0.000234453,0,0,0,0,0,0,0,0,0,0,0,0,0,0,0,0,0,0,0,0,0
ASV6986,0,0,0,0,0,0.000234538,0,0,0,0,0,0,0,0,0,0,0,0,0,0,0,0,0,0,0,0,0,0,0,0,0,0,0,0,0,0
ASV11694,0.000235002,0,0,0,0,0,0,0,0,0,0,0,0,0,0,0,0,0,0,0,0,0,0,0,0,0,0,0,0,0,0,0,0,0,0,0
ASV11697,0.000235002,0,0,0,0,0,0,0,0,0,0,0,0,0,0,0,0,0,0,0,0,0,0,0,0,0,0,0,0,0,0,0,0,0,0,0
ASV16185,0,0,0,0,0,0,0,0,0,0,0,0,0,0,0,0,0,0,0,0,0,0,0,0,0,0,0,0,0,0,0,0,0.000235018,0,0,0
ASV16199,0,0,0,0,0,0,0,0,0,0,0,0,0,0,0,0,0,0,0,0,0,0,0,0,0,0,0,0,0,0,0,0,0.000235018,0,0,0
ASV12329,0,0,0,0,0,0,0,0,0,0,0,0,0,0,0,0,0,0,0,0,0,0,0,0,0,0,0,0.000237353,0,0,0,0,0,0,0,0
ASV12325,0,0,0,0,0,0,0,0,0,0,0,0,0,0,0,0,0,0,0,0,0,0,0,0,0,0,0,0.000237353,0,0,0,0,0,0,0,0
ASV13235,0,0,0,0,0,0,0,0,0,0,0,0,0,0,0,0,0,0,0,0,0,0,0,0,0,0,0.000237765,0,0,0,0,0,0,0,0,0
ASV13236,0,0,0,0,0,0,0,0,0,0,0,0,0,0,0,0,0,0,0,0,0,0,0,0,0,0,0.000237765,0,0,0,0,0,0,0,0,0
ASV18184,0,0,0,0,0,0,0,0,0,0,0,0,0,0,0,0,0,0,0,0,0,0,0,0,0,0,0,0,0,0,0.000238739,0,0,0,0,0
ASV18182,0,0,0,0,0,0,0,0,0,0,0,0,0,0,0,0,0,0,0,0,0,0,0,0,0,0,0,0,0,0,0.000238739,0,0,0,0,0
ASV18183,0,0,0,0,0,0,0,0,0,0,0,0,0,0,0,0,0,0,0,0,0,0,0,0,0,0,0,0,0,0,0.000238739,0,0,0,0,0
ASV14612,0,0,0,0,0,0,0,0,0,0,0,0,0,0,0,0,0,0,0,0,0,0,0,0,0,0,0,0,0,0,0,0.000240338,0,0,0,0
ASV8163,0,0,0,0,0,0,0,0.00012526,0,0,0,0,0,0,0,0.000116559,0,0,0,0,0,0,0,0,0,0,0,0,0,0,0,0,0,0,0,0
ASV9752,0,0,0,0,0,0,0,0,0,0,0,0,0,0,0,0,0,0,0,0,0,0,0,0.000245892,0,0,0,0,0,0,0,0,0,0,0,0
ASV9754,0,0,0,0,0,0,0,0,0,0,0,0,0,0,0,0,0,0,0,0,0,0,0,0.000245892,0,0,0,0,0,0,0,0,0,0,0,0
ASV15865,0,0,0,0,0,0,0,0,0,0,0,0,0,0,0,0,0,0,0,0,0,0,0,0,0,0.000249408,0,0,0,0,0,0,0,0,0,0
ASV16023,0,0,0,0,0,0,0,0,0,0,0,0,0,0,0,0,0,0,0,0,0,0,0,0,0,0,0,0,0.000253598,0,0,0,0,0,0,0
ASV16025,0,0,0,0,0,0,0,0,0,0,0,0,0,0,0,0,0,0,0,0,0,0,0,0,0,0,0,0,0.000253598,0,0,0,0,0,0,0
ASV16014,0,0,0,0,0,0,0,0,0,0,0,0,0,0,0,0,0,0,0,0,0,0,0,0,0,0,0,0,0.000253598,0,0,0,0,0,0,0
ASV16011,0,0,0,0,0,0,0,0,0,0,0,0,0,0,0,0,0,0,0,0,0,0,0,0,0,0,0,0,0.000253598,0,0,0,0,0,0,0
ASV6635,0,0,0,0,0,0.000257992,0,0,0,0,0,0,0,0,0,0,0,0,0,0,0,0,0,0,0,0,0,0,0,0,0,0,0,0,0,0
ASV6637,0,0,0,0,0,0.000257992,0,0,0,0,0,0,0,0,0,0,0,0,0,0,0,0,0,0,0,0,0,0,0,0,0,0,0,0,0,0
ASV1624,0,0.00025872,0,0,0,0,0,0,0,0,0,0,0,0,0,0,0,0,0,0,0,0,0,0,0,0,0,0,0,0,0,0,0,0,0,0
ASV7152,0,0,0.000261986,0,0,0,0,0,0,0,0,0,0,0,0,0,0,0,0,0,0,0,0,0,0,0,0,0,0,0,0,0,0,0,0,0
ASV7163,0,0,0.000261986,0,0,0,0,0,0,0,0,0,0,0,0,0,0,0,0,0,0,0,0,0,0,0,0,0,0,0,0,0,0,0,0,0
ASV10712,0,0,0,0,0,0,0,0,0,0,0,0,0,0,0.000263759,0,0,0,0,0,0,0,0,0,0,0,0,0,0,0,0,0,0,0,0,0
ASV12680,0,0,0,0,0.000265592,0,0,0,0,0,0,0,0,0,0,0,0,0,0,0,0,0,0,0,0,0,0,0,0,0,0,0,0,0,0,0
ASV13222,0,0,0,0,0,0,0,0,0,0,0,0,0,0,0,0,0,0,0,0,0,0,0,0,0.000268938,0,0,0,0,0,0,0,0,0,0,0
ASV13221,0,0,0,0,0,0,0,0,0,0,0,0,0,0,0,0,0,0,0,0,0,0,0,0,0.000268938,0,0,0,0,0,0,0,0,0,0,0
ASV8131,0,0,0,0,0,0,0.000269435,0,0,0,0,0,0,0,0,0,0,0,0,0,0,0,0,0,0,0,0,0,0,0,0,0,0,0,0,0
ASV8130,0,0,0,0,0,0,0.000269435,0,0,0,0,0,0,0,0,0,0,0,0,0,0,0,0,0,0,0,0,0,0,0,0,0,0,0,0,0
ASV6453,0,0,0,0,0,0.000269719,0,0,0,0,0,0,0,0,0,0,0,0,0,0,0,0,0,0,0,0,0,0,0,0,0,0,0,0,0,0
ASV14706,0,0,0,0,0,0,0,0,0,0,0,0,0,0,0,0,0,0,0,0,0,0,0,0,0,0,0,0,0,0,0,0,0,0,0.000271135,0
ASV14288,0,0,0,0,0,0,0,0,0,0,0,0,0,0,0,0,0,0.000273763,0,0,0,0,0,0,0,0,0,0,0,0,0,0,0,0,0,0
ASV3995,0,0.000273939,0,0,0,0,0,0,0,0,0,0,0,0,0,0,0,0,0,0,0,0,0,0,0,0,0,0,0,0,0,0,0,0,0,0
ASV2161,0,0,0,0,0,0,0,0,0.000274471,0,0,0,0,0,0,0,0,0,0,0,0,0,0,0,0,0,0,0,0,0,0,0,0,0,0,0
ASV11169,0,0,0,0,0,0,0,0,0.000274471,0,0,0,0,0,0,0,0,0,0,0,0,0,0,0,0,0,0,0,0,0,0,0,0,0,0,0
ASV9549,0,0,0,0,0,0,0,0.000275572,0,0,0,0,0,0,0,0,0,0,0,0,0,0,0,0,0,0,0,0,0,0,0,0,0,0,0,0
ASV6959,0,0,0.000275775,0,0,0,0,0,0,0,0,0,0,0,0,0,0,0,0,0,0,0,0,0,0,0,0,0,0,0,0,0,0,0,0,0
ASV14366,0,0,0,0,0,0,0,0,0,0,0,0,0,0,0,0,0,0,0,0,0,0,0.000276014,0,0,0,0,0,0,0,0,0,0,0,0,0
ASV14361,0,0,0,0,0,0,0,0,0,0,0,0,0,0,0,0,0,0,0,0,0,0,0.000276014,0,0,0,0,0,0,0,0,0,0,0,0,0
ASV2314,0,0,0,0,0,0,0,0,0,0,0,0,0,0,0,0,0,0,0,0,0,0,0,0,0,0,0.000277393,0,0,0,0,0,0,0,0,0
ASV12283,0,0,0,0,0,0,0,0,0,0,0,0,0,0,0,0,0,0,0,0,0,0,0,0,0,0,0.000277393,0,0,0,0,0,0,0,0,0
ASV17745,0,0,0,0,0,0,0,0,0,0,0,0,0,0,0,0,0,0,0,0,0,0.000281347,0,0,0,0,0,0,0,0,0,0,0,0,0,0
ASV6297,0,0,0,0,0,0.000281446,0,0,0,0,0,0,0,0,0,0,0,0,0,0,0,0,0,0,0,0,0,0,0,0,0,0,0,0,0,0
ASV15710,0,0,0,0,0,0,0,0,0,0,0,0,0,0,0,0,0,0,0.000287212,0,0,0,0,0,0,0,0,0,0,0,0,0,0,0,0,0
ASV7837,0,0,0,0,0,0,0.000287398,0,0,0,0,0,0,0,0,0,0,0,0,0,0,0,0,0,0,0,0,0,0,0,0,0,0,0,0,0
ASV319,0,0.000289158,0,0,0,0,0,0,0,0,0,0,0,0,0,0,0,0,0,0,0,0,0,0,0,0,0,0,0,0,0,0,0,0,0,0
ASV15292,0,0,0,0,0,0,0,0,0,0,0.000291354,0,0,0,0,0,0,0,0,0,0,0,0,0,0,0,0,0,0,0,0,0,0,0,0,0
ASV15279,0,0,0,0,0,0,0,0,0,0,0.000291354,0,0,0,0,0,0,0,0,0,0,0,0,0,0,0,0,0,0,0,0,0,0,0,0,0
ASV15291,0,0,0,0,0,0,0,0,0,0,0.000291354,0,0,0,0,0,0,0,0,0,0,0,0,0,0,0,0,0,0,0,0,0,0,0,0,0
ASV10147,0,0,0,0,0,0,0,0,0,0,0,0,0,0,0.000293066,0,0,0,0,0,0,0,0,0,0,0,0,0,0,0,0,0,0,0,0,0
ASV8222,0,0,0,0,0,0,0,0,0,0,0,0,0,0,0.000293066,0,0,0,0,0,0,0,0,0,0,0,0,0,0,0,0,0,0,0,0,0
ASV14663,0,0,0,0,0,0,0,0,0,0,0,0,0,0,0,0,0,0,0,0,0,0,0,0,0,0,0,0,0,0,0,0,0.000293772,0,0,0
ASV13320,0,0,0,0,0,0,0,0,0,0,0,0,0,0,0,0,0,0,0,0,0,0,0,0,0,0,0,0,0,0.000293887,0,0,0,0,0,0
ASV10425,0.000302145,0,0,0,0,0,0,0,0,0,0,0,0,0,0,0,0,0,0,0,0,0,0,0,0,0,0,0,0,0,0,0,0,0,0,0
ASV9417,0,0,0,0,0,0,0,0,0,0,0,0,0,0,0,0,0,0,0,0,0,0,0,0,0,0,0,0,0,0,0,0,0,0,0,0.00030277
ASV9418,0,0,0,0,0,0,0,0,0,0,0,0,0,0,0,0,0,0,0,0,0,0,0,0,0,0,0,0,0,0,0,0,0,0,0,0.00030277
ASV3228,0,0.000304377,0,0,0,0,0,0,0,0,0,0,0,0,0,0,0,0,0,0,0,0,0,0,0,0,0,0,0,0,0,0,0,0,0,0
ASV6954,0,0.000304377,0,0,0,0,0,0,0,0,0,0,0,0,0,0,0,0,0,0,0,0,0,0,0,0,0,0,0,0,0,0,0,0,0,0
ASV7167,0,0,0,0.000304888,0,0,0,0,0,0,0,0,0,0,0,0,0,0,0,0,0,0,0,0,0,0,0,0,0,0,0,0,0,0,0,0
ASV10869,0,0,0,0,0,0,0,0,0,0,0,0,0,0,0,0,0,0,0,0,0,0,0,0,0,0,0,0.000305168,0,0,0,0,0,0,0,0
ASV7093,0,0,0,0,0,0,0,0,0,0,0,0,0,0,0,0,0,0,0,0,0,0,0,0,0,0,0,0.000305168,0,0,0,0,0,0,0,0
ASV6662,0,0,0,0,0,0,0.00030536,0,0,0,0,0,0,0,0,0,0,0,0,0,0,0,0,0,0,0,0,0,0,0,0,0,0,0,0,0
ASV10567,0,0,0,0,0,0,0,0,0.00030878,0,0,0,0,0,0,0,0,0,0,0,0,0,0,0,0,0,0,0,0,0,0,0,0,0,0,0
ASV11817,0,0,0,0,0.000309858,0,0,0,0,0,0,0,0,0,0,0,0,0,0,0,0,0,0,0,0,0,0,0,0,0,0,0,0,0,0,0
ASV11815,0,0,0,0,0.000309858,0,0,0,0,0,0,0,0,0,0,0,0,0,0,0,0,0,0,0,0,0,0,0,0,0,0,0,0,0,0,0
ASV14114,0,0,0,0,0,0,0,0,0,0,0,0,0,0.000311585,0,0,0,0,0,0,0,0,0,0,0,0,0,0,0,0,0,0,0,0,0,0
ASV14416,0,0,0,0,0,0,0,0,0,0,0,0,0,0,0,0,0,0,0,0,0,0,0,0,0,0.00031176,0,0,0,0,0,0,0,0,0,0
ASV14532,0,0,0,0,0,0,0,0,0,0,0,0,0,0,0,0,0,0,0,0,0,0,0,0,0,0,0,0,0.000316997,0,0,0,0,0,0,0
ASV5249,0,0,0,0,0,0,0,0,0,0,0,0,0,0,0,0,0,0,0,0,0,0,0,0,0,0,0.00031702,0,0,0,0,0,0,0,0,0
ASV6431,0,0,0.000317141,0,0,0,0,0,0,0,0,0,0,0,0,0,0,0,0,0,0,0,0,0,0,0,0,0,0,0,0,0,0,0,0,0
ASV16094,0,0,0,0,0,0,0,0,0,0,0,0,0,0,0,0,0,0,0,0,0,0,0,0,0,0,0,0,0,0,0.000318319,0,0,0,0,0
ASV9557,0,0,0,0,0,0,0,0.000150312,0.000171544,0,0,0,0,0,0,0,0,0,0,0,0,0,0,0,0,0,0,0,0,0,0,0,0,0,0,0
ASV5806,0,0,0,0,0,0.000328353,0,0,0,0,0,0,0,0,0,0,0,0,0,0,0,0,0,0,0,0,0,0,0,0,0,0,0,0,0,0
ASV6837,0,0,0,0,0,0,0,0,0,0,0,0,0,0,0,0,0,0.000328515,0,0,0,0,0,0,0,0,0,0,0,0,0,0,0,0,0,0
ASV13447,0,0,0,0,0,0,0,0,0,0,0,0,0,0,0,0,0,0,0,0,0,0,0,0,0,0,0,0,0,0,0,0,0,0.000331108,0,0
ASV13441,0,0,0,0,0,0,0,0,0,0,0,0,0,0,0,0,0,0,0,0,0,0,0,0,0,0,0,0,0,0,0,0,0,0.000331108,0,0
ASV6606,0,0.000334815,0,0,0,0,0,0,0,0,0,0,0,0,0,0,0,0,0,0,0,0,0,0,0,0,0,0,0,0,0,0,0,0,0,0
ASV2173,0,0,0,0,0,0,0,0,0,0,0,0,0,0,0,0,0,0,0,0,0,0,0,0.000335308,0,0,0,0,0,0,0,0,0,0,0,0
ASV9911,0.000335717,0,0,0,0,0,0,0,0,0,0,0,0,0,0,0,0,0,0,0,0,0,0,0,0,0,0,0,0,0,0,0,0,0,0,0
ASV12406,0,0,0,0,0,0,0,0,0,0,0,0,0,0,0,0,0,0,0,0,0,0,0,0,0,0,0,0,0,0,0,0.000336474,0,0,0,0
ASV12359,0,0,0,0,0,0,0,0,0,0,0,0,0,0,0,0,0,0,0,0,0,0,0,0,0,0,0,0,0,0.000342868,0,0,0,0,0,0
ASV12363,0,0,0,0,0,0,0,0,0,0,0,0,0,0,0,0,0,0,0,0,0,0,0,0,0,0,0,0,0,0.000342868,0,0,0,0,0,0
ASV10030,0,0,0,0,0,0,0,0,0.000343088,0,0,0,0,0,0,0,0,0,0,0,0,0,0,0,0,0,0,0,0,0,0,0,0,0,0,0
ASV4240,0,0.000350033,0,0,0,0,0,0,0,0,0,0,0,0,0,0,0,0,0,0,0,0,0,0,0,0,0,0,0,0,0,0,0,0,0,0
ASV3414,0,0,0,0,0,0,0,0,0,0,0,0,0,0,0.000351679,0,0,0,0,0,0,0,0,0,0,0,0,0,0,0,0,0,0,0,0,0
ASV9256,0,0,0,0,0,0,0,0,0,0,0,0,0,0,0.000351679,0,0,0,0,0,0,0,0,0,0,0,0,0,0,0,0,0,0,0,0,0
ASV7497,0,0,0,0,0,0,0,0,0,0,0,0,0,0,0,0,0,0,0,0,0,0,0,0,0,0,0,0,0,0,0,0,0,0,0,0.000353232
ASV11094,0,0,0,0,0.000354123,0,0,0,0,0,0,0,0,0,0,0,0,0,0,0,0,0,0,0,0,0,0,0,0,0,0,0,0,0,0,0
ASV7082,0,0,0,0,0,0,0,0,0,0,0,0,0,0,0,0,0,0,0,0,0,0,0,0,0,0,0.000356648,0,0,0,0,0,0,0,0,0
ASV10835,0,0,0,0,0,0,0,0,0,0,0,0,0,0,0,0,0,0,0,0,0,0,0,0,0,0,0.000356648,0,0,0,0,0,0,0,0,0
ASV7973,0,0,0,0,0,0,0,0,0,0,0,0,0,0,0,0,0,0,0,0,0,0,0,0.000357662,0,0,0,0,0,0,0,0,0,0,0,0
ASV466,0,0,0,0,0.000221327,0,0,0,0.000137235,0,0,0,0,0,0,0,0,0,0,0,0,0,0,0,0,0,0,0,0,0,0,0,0,0,0,0
ASV14321,0,0,0,0,0,0,0,0,0,0,0,0,0,0,0,0,0,0,0.000359015,0,0,0,0,0,0,0,0,0,0,0,0,0,0,0,0,0
ASV14320,0,0,0,0,0,0,0,0,0,0,0,0,0,0,0,0,0,0,0.000359015,0,0,0,0,0,0,0,0,0,0,0,0,0,0,0,0,0
ASV13953,0,0,0,0,0,0,0,0,0,0,0.000364193,0,0,0,0,0,0,0,0,0,0,0,0,0,0,0,0,0,0,0,0,0,0,0,0,0
ASV2095,0,0.000365252,0,0,0,0,0,0,0,0,0,0,0,0,0,0,0,0,0,0,0,0,0,0,0,0,0,0,0,0,0,0,0,0,0,0
ASV12152,0,0,0,0,0,0,0,0,0,0,0,0,0,0,0,0,0.000367608,0,0,0,0,0,0,0,0,0,0,0,0,0,0,0,0,0,0,0
ASV9451,0.000369289,0,0,0,0,0,0,0,0,0,0,0,0,0,0,0,0,0,0,0,0,0,0,0,0,0,0,0,0,0,0,0,0,0,0,0
ASV5912,0,0,0.000372296,0,0,0,0,0,0,0,0,0,0,0,0,0,0,0,0,0,0,0,0,0,0,0,0,0,0,0,0,0,0,0,0,0
ASV12998,0,0,0,0,0,0,0,0,0,0,0,0,0,0.000373902,0,0,0,0,0,0,0,0,0,0,0,0,0,0,0,0,0,0,0,0,0,0
ASV12997,0,0,0,0,0,0,0,0,0,0,0,0,0,0.000373902,0,0,0,0,0,0,0,0,0,0,0,0,0,0,0,0,0,0,0,0,0,0
ASV4892,0,0,0,0,0,0,0,0,0,0,0,0,0,0,0,0,0,0,0,0,0,0,0,0,0,0.000374111,0,0,0,0,0,0,0,0,0,0
ASV13231,0,0,0,0,0,0,0,0,0,0,0,0,0,0,0,0,0,0,0,0,0,0,0,0,0,0.000374111,0,0,0,0,0,0,0,0,0,0
ASV15775,0,0,0,0,0,0,0,0,0,0,0,0,0,0,0,0,0,0,0,0,0,0.000375129,0,0,0,0,0,0,0,0,0,0,0,0,0,0
ASV4817,0,0,0,0,0,0,0,0,0,0,0,0,0,0,0,0,0,0,0,0,0,0,0,0,0,0,0,0,0,0,0,0,0,0,0.000379589,0
ASV8857,0,0,0,0,0,0,0,0,0,0,0,0,0,0,0.000380986,0,0,0,0,0,0,0,0,0,0,0,0,0,0,0,0,0,0,0,0,0
ASV10738,0,0,0,0,0,0,0,0,0,0,0,0,0,0,0,0,0.000105031,0,0,0,0,0,0,0,0,0,0.000277393,0,0,0,0,0,0,0,0,0
ASV12463,0,0,0,0,0,0,0,0,0,0,0,0,0,0,0,0,0,0,0,0,0,0,0,0,0,0,0,0,0,0,0,0,0,0.000386292,0,0
ASV8992,0,0,0,0,0,0,0,0,0,0,0,0,0,0,0,0,0,0,0,0,0,0,0,0,0,0,0,0,0,0,0,0,0,0.000386292,0,0
ASV3680,0,0,0,0,0,0,0,0,0,0,0,0,0,0,0,0,0,0,0,0,0,0,0.00038642,0,0,0,0,0,0,0,0,0,0,0,0,0
ASV3776,0,0,0,0,0,0,0,0,0,0,0,0,0,0,0,0,0,0,0,0,0,0,0,0,0,0,0,0,0,0.00039185,0,0,0,0,0,0
ASV6638,0,0,0,0,0,0,0.000395172,0,0,0,0,0,0,0,0,0,0,0,0,0,0,0,0,0,0,0,0,0,0,0,0,0,0,0,0,0
ASV6018,0,0.00039569,0,0,0,0,0,0,0,0,0,0,0,0,0,0,0,0,0,0,0,0,0,0,0,0,0,0,0,0,0,0,0,0,0,0
ASV10248,0,0,0,0,0,0,0,0,0,0,0,0,0,0,0,0,0,0,0,0,0,0,0,0,0,0,0.000396275,0,0,0,0,0,0,0,0,0
ASV14578,0,0,0,0,0,0,0,0,0,0,0,0,0,0,0,0,0,0,0,0,0,0,0,0,0,0,0,0,0,0,0.000397899,0,0,0,0,0
ASV7841,0,0,0,0,0,0,0,0.000400832,0,0,0,0,0,0,0,0,0,0,0,0,0,0,0,0,0,0,0,0,0,0,0,0,0,0,0,0
ASV7480,0,0,0,0,0,0,0,0,0,0,0,0,0,0,0,0,0,0,0,0,0,0,0,0.00040237,0,0,0,0,0,0,0,0,0,0,0,0
ASV8520,0,0,0,0,0,0,0,0,0,0,0,0,0,0,0.000410292,0,0,0,0,0,0,0,0,0,0,0,0,0,0,0,0,0,0,0,0,0
ASV2135,0,0,0,0,0,0,0,0,0,0.0004196,0,0,0,0,0,0,0,0,0,0,0,0,0,0,0,0,0,0,0,0,0,0,0,0,0,0
ASV5067,0,0,0,0,0,0.000422169,0,0,0,0,0,0,0,0,0,0,0,0,0,0,0,0,0,0,0,0,0,0,0,0,0,0,0,0,0,0
ASV3850,0,0,0,0,0,0,0,0,0,0,0,0,0,0,0,0,0,0,0,0,0,0,0,0.000424723,0,0,0,0,0,0,0,0,0,0,0,0
ASV9696,0,0,0,0,0,0,0,0,0,0,0,0,0,0,0,0.000427384,0,0,0,0,0,0,0,0,0,0,0,0,0,0,0,0,0,0,0,0
ASV13138,0,0,0,0,0,0,0,0,0,0,0,0,0,0,0,0,0,0,0.000430818,0,0,0,0,0,0,0,0,0,0,0,0,0,0,0,0,0
ASV3194,0,0,0,0,0,0,0.000431096,0,0,0,0,0,0,0,0,0,0,0,0,0,0,0,0,0,0,0,0,0,0,0,0,0,0,0,0,0
ASV10920,0,0,0,0,0,0,0,0,0,0,0,0,0,0,0,0,0,0,0,0,0,0,0,0,0,0,0,0,0,0,0,0.000432609,0,0,0,0
ASV3527,0,0,0,0,0,0,0,0,0,0.000435141,0,0,0,0,0,0,0,0,0,0,0,0,0,0,0,0,0,0,0,0,0,0,0,0,0,0
ASV1113,0,0,0,0,0,0,0,0,0,0,0,0,0,0,0,0,0,0,0,0,0,0,0,0,0,0,0.000435903,0,0,0,0,0,0,0,0,0
ASV7887,0,0,0,0,0,0,0,0,0,0,0,0,0,0,0,0,0,0,0,0,0,0,0,0,0,0,0.000435903,0,0,0,0,0,0,0,0,0
ASV11404,0,0,0,0,0,0,0,0,0,0,0,0,0,0,0,0,0,0.00043802,0,0,0,0,0,0,0,0,0,0,0,0,0,0,0,0,0,0
ASV7017,0,0,0,0,0,0,0,0,0,0,0,0,0,0,0,0,0,0,0,0,0,0,0,0,0,0,0,0.000440798,0,0,0,0,0,0,0,0
ASV8957,0,0,0,0,0,0,0,0,0,0,0,0,0,0,0,0,0,0,0,0,0,0,0,0,0,0,0,0,0,0.000440831,0,0,0,0,0,0
ASV2576,0,0.000441347,0,0,0,0,0,0,0,0,0,0,0,0,0,0,0,0,0,0,0,0,0,0,0,0,0,0,0,0,0,0,0,0,0,0
ASV11635,0,0,0,0,0,0,0,0,0,0,0,0,0,0,0,0,0,0,0,0,0,0,0,0,0,0,0,0,0,0,0,0,0,0.000441477,0,0
ASV11633,0,0,0,0,0,0,0,0,0,0,0,0,0,0,0,0,0,0,0,0,0,0,0,0,0,0,0,0,0,0,0,0,0,0.000441477,0,0
ASV12355,0,0,0,0,0,0,0,0,0,0,0,0,0,0,0,0,0,0,0,0,0,0,0,0,0,0,0,0,0.000443796,0,0,0,0,0,0,0
ASV10236,0,0,0,0,0,0,0,0,0,0,0,0,0,0,0,0,0,0,0,0,0,0,0,0,0.000448229,0,0,0,0,0,0,0,0,0,0,0
ASV10234,0,0,0,0,0,0,0,0,0,0,0,0,0,0,0,0,0,0,0,0,0,0,0,0,0.000448229,0,0,0,0,0,0,0,0,0,0,0
ASV7540,0,0,0,0,0,0,0,0,0,0,0,0,0,0,0,0,0,0,0,0,0,0,0,0,0,0,0,0,0,0,0,0,0,0,0,0.000454156
ASV5274,0,0,0.000455028,0,0,0,0,0,0,0,0,0,0,0,0,0,0,0,0,0,0,0,0,0,0,0,0,0,0,0,0,0,0,0,0,0
ASV5690,0,0,0,0.000465355,0,0,0,0,0,0,0,0,0,0,0,0,0,0,0,0,0,0,0,0,0,0,0,0,0,0,0,0,0,0,0,0
ASV7060,0,0,0,0,0,0,0,0,0,0,0,0,0,0,0,0.000466237,0,0,0,0,0,0,0,0,0,0,0,0,0,0,0,0,0,0,0,0
ASV5203,0,0,0.000468817,0,0,0,0,0,0,0,0,0,0,0,0,0,0,0,0,0,0,0,0,0,0,0,0,0,0,0,0,0,0,0,0,0
ASV7928,0,0,0,0,0,0,0,0,0,0,0,0,0,0,0.000468906,0,0,0,0,0,0,0,0,0,0,0,0,0,0,0,0,0,0,0,0,0
ASV11609,0,0,0,0,0,0,0,0,0,0,0,0,0,0,0,0,0,0,0,0,0,0,0,0,0,0,0,0,0,0,0,0,0.000470035,0,0,0
ASV3935,0,0,0,0,0,0,0,0,0,0,0,0,0,0,0,0,0.000472639,0,0,0,0,0,0,0,0,0,0,0,0,0,0,0,0,0,0,0
ASV13357,0,0,0,0,0,0,0,0,0,0,0,0,0,0,0,0,0,0,0,0,0,0,0,0,0,0,0,0,0,0,0.000477479,0,0,0,0,0
ASV139,0,0,0,0,0,0,0,0,0,0,0,0,0,0,0,0,0,0,0,0,0,0,0,0,0,0,0,0,0,0,0.000477479,0,0,0,0,0
ASV8177,3.36E-05,0,0,0,0,0,0,0,0,0,0,0,0,0,0,0,0,0,0,0,0,0,0.000331217,0,0,0,0.000118883,0,0,0,0,0,0,0,0,0
ASV6445,0,0,0,0,0.00048692,0,0,0,0,0,0,0,0,0,0,0,0,0,0,0,0,0,0,0,0,0,0,0,0,0,0,0,0,0,0,0
ASV9522,0,0,0,0,0.00048692,0,0,0,0,0,0,0,0,0,0,0,0,0,0,0,0,0,0,0,0,0,0,0,0,0,0,0,0,0,0,0
ASV10764,0,0,0,0,0,0,0,0,0,0,0,0,0,0,0,0,0,0.000492773,0,0,0,0,0,0,0,0,0,0,0,0,0,0,0,0,0,0
ASV10210,0,0,0,0,0,0,0,0,0,0,0,0,0,0,0,0,0,0,0,0.000495221,0,0,0,0,0,0,0,0,0,0,0,0,0,0,0,0
ASV4584,0,0,0,0,0,0,0,0,0,0.000497304,0,0,0,0,0,0,0,0,0,0,0,0,0,0,0,0,0,0,0,0,0,0,0,0,0,0
ASV1294,0,0,0,0,0,0,0,0.00050104,0,0,0,0,0,0,0,0,0,0,0,0,0,0,0,0,0,0,0,0,0,0,0,0,0,0,0,0
ASV12211,0,0,0,0,0,0,0,0,0,0,0,0,0,0,0,0,0,0,0.000502621,0,0,0,0,0,0,0,0,0,0,0,0,0,0,0,0,0
ASV8066,0.000503575,0,0,0,0,0,0,0,0,0,0,0,0,0,0,0,0,0,0,0,0,0,0,0,0,0,0,0,0,0,0,0,0,0,0,0
ASV3381,0,0,0,0,0,0,0,0,0,0,0,0,0,0,0,0,0,0,0,0,0,0,0,0,0,0,0,0,0.000507196,0,0,0,0,0,0,0
ASV9699,0,0,0,0,0,0,0,0,0,0,0,0,0,0,0,0.000194265,0.000315093,0,0,0,0,0,0,0,0,0,0,0,0,0,0,0,0,0,0,0
ASV11999,0,0,0,0,0,0,0,0,0,0,0.00050987,0,0,0,0,0,0,0,0,0,0,0,0,0,0,0,0,0,0,0,0,0,0,0,0,0
ASV5940,0,0,0,0,0,0,0,0,0,0,0,0,0,0,0,0,0,0,0.000287212,0,0,0,0,0,0.000224115,0,0,0,0,0,0,0,0,0,0,0
ASV5294,0,0,0,0,0,0,0,0,0,0.000512844,0,0,0,0,0,0,0,0,0,0,0,0,0,0,0,0,0,0,0,0,0,0,0,0,0,0
ASV8144,0,0,0,0,0,0,0,0,0.000514633,0,0,0,0,0,0,0,0,0,0,0,0,0,0,0,0,0,0,0,0,0,0,0,0,0,0,0
ASV7458,0,0,0,0,0,0,0,0,0,0,0,0,0,0,0.000527519,0,0,0,0,0,0,0,0,0,0,0,0,0,0,0,0,0,0,0,0,0
ASV10943,0,0,0,0,0,0,0,0,0,0,0,0,0,0,0,0,0,0,0,0,0,0,0,0,0,0,0,0,0,0,0,0,0.00052879,0,0,0
ASV5277,0,0,0,0.000529542,0,0,0,0,0,0,0,0,0,0,0,0,0,0,0,0,0,0,0,0,0,0,0,0,0,0,0,0,0,0,0,0
ASV9086,0,0,0,0,0.000531185,0,0,0,0,0,0,0,0,0,0,0,0,0,0,0,0,0,0,0,0,0,0,0,0,0,0,0,0,0,0,0
ASV6372,0,0,0,0,0,0,0,0,0,0,0,0,0,0,0,0,0,0,0,0,0,0,0,0.000536493,0,0,0,0,0,0,0,0,0,0,0,0
ASV9328,0,0,0,0,0,0,0,0,0,0,0,0,0,0,0,0,0,0,0,0,0,0,0,0,0.000537875,0,0,0,0,0,0,0,0,0,0,0
ASV9819,0,0,0,0,0,0,0,0,0,0,0,0,0,0,0,0,0,0,0,0,0,0,0,0,0,0,0,0,0,0.000538793,0,0,0,0,0,0
ASV6659,0,0,0,0,0,0,0,0,0,0.000248652,0.000291354,0,0,0,0,0,0,0,0,0,0,0,0,0,0,0,0,0,0,0,0,0,0,0,0,0
ASV2601,0,0,0,0,0,0,0,0,0,0,0,0,0,0,0,0,0,0,0,0,0,0,0,0,0,0,0,0,0,0,0,0,0,0,0.00054227,0
ASV10221,0,0,0,0,0,0,0,0,0,0,0,0,0,0,0,0,0,0,0,0,0,0,0.000165609,6.71E-05,0,0,0,0,0,0,0.000318319,0,0,0,0,0
ASV4764,0,0,0.000551549,0,0,0,0,0,0,0,0,0,0,0,0,0,0,0,0,0,0,0,0,0,0,0,0,0,0,0,0,0,0,0,0,0
ASV10367,0,0,0,0,0,0,0,0,0,0,0,0,0,0,0,0,0,0,0,0,0,0,0,0,0,0,0,0,0,0,0,0,0,0.000551846,0,0
ASV7251,0,0,0,0,0,0,0,0,0,0,0,0,0,0,0.000556826,0,0,0,0,0,0,0,0,0,0,0,0,0,0,0,0,0,0,0,0,0
ASV13185,0,0,0,0,0,0,0,0,0,0,0,0,0,0,0,0,0,0,0,0,0,0.000562693,0,0,0,0,0,0,0,0,0,0,0,0,0,0
ASV7552,0.000570719,0,0,0,0,0,0,0,0,0,0,0,0,0,0,0,0,0,0,0,0,0,0,0,0,0,0,0,0,0,0,0,0,0,0,0
ASV782,0,0,0,0,0,0,0,0,0,0,0,0,0,0,0,0,0,0,0.000574424,0,0,0,0,0,0,0,0,0,0,0,0,0,0,0,0,0
ASV8728,0,0,0,0,0.00057545,0,0,0,0,0,0,0,0,0,0,0,0,0,0,0,0,0,0,0,0,0,0,0,0,0,0,0,0,0,0,0
ASV7725,0,0,0,0,0,0,0,0,0,0,0,0,0,0,0,0,0,0,0,0,0,0,0,0,0,0,0,0.000576428,0,0,0,0,0,0,0,0
ASV6491,0,0,0,8.02E-05,0,0,0,0,0,0,0,0,0,0.000498536,0,0,0,0,0,0,0,0,0,0,0,0,0,0,0,0,0,0,0,0,0,0
ASV11439,0,0,0,0,0,0,0,0,0,0,0,0,0,0,0,0,0,0,0,0,0.000580552,0,0,0,0,0,0,0,0,0,0,0,0,0,0,0
ASV6104,0,0,0,0,0,0,0,0,0,0,0,0,0,0,0,0,0,0,0,0,0,0,0,0.0005812,0,0,0,0,0,0,0,0,0,0,0,0
ASV3940,0,0,0,0,0,0,0,0,0,0,0,0,0,0,0,0,0,0,0,0,0,0,0,0,0,0,0,0,0,0,0,0,0.000587544,0,0,0
ASV10354,0,0,0,0,0,0,0,0,0,0,0,0,0,0,0,0,0,0,0,0,0,0,0,0,0,0,0,0,0,0,0,0,0.000587544,0,0,0
ASV10349,0,0,0,0,0,0,0,0,0,0,0,0,0,0,0,0,0,0,0,0,0,0,0,0,0,0,0,0,0,0,0,0,0.000587544,0,0,0
ASV10115,0,0,0,0,0,0,0,0,0,0,0,0,0.000590214,0,0,0,0,0,0,0,0,0,0,0,0,0,0,0,0,0,0,0,0,0,0,0
ASV9869,0,0,0,0,0,0,0,0,0,0,0,0,0,0,0,0,0,0,0,0,0,0,0,0,0,0,0,0,0,0,0,0,0,0,0.000596497,0
ASV4914,0,0,0,0.000609776,0,0,0,0,0,0,0,0,0,0,0,0,0,0,0,0,0,0,0,0,0,0,0,0,0,0,0,0,0,0,0,0
ASV7938,0,0,0,0,0,0,0,0,0,0,0,0,0,0,0,0.000621649,0,0,0,0,0,0,0,0,0,0,0,0,0,0,0,0,0,0,0,0
ASV10135,0,0,0,0,0,0,0,0,0,0,0,0,0,0.000623169,0,0,0,0,0,0,0,0,0,0,0,0,0,0,0,0,0,0,0,0,0,0
ASV10244,0,0,0,0,0,0,0,0,0,0,0,0,0,0,0,0,0,0,0,0,0,0,0,0,0,0.000623519,0,0,0,0,0,0,0,0,0,0
ASV2569,0,0.000623973,0,0,0,0,0,0,0,0,0,0,0,0,0,0,0,0,0,0,0,0,0,0,0,0,0,0,0,0,0,0,0,0,0,0
ASV5873,0,0,0,0,0,0,0,0,0,0,0,0,0,0,0,0,0,0,0,0,0,0,0,0.000625908,0,0,0,0,0,0,0,0,0,0,0,0
ASV6166,0,0,0,0,0,0,0,0.0006263,0,0,0,0,0,0,0,0,0,0,0,0,0,0,0,0,0,0,0,0,0,0,0,0,0,0,0,0
ASV4648,0,0,0,0,0,0,0.000628682,0,0,0,0,0,0,0,0,0,0,0,0,0,0,0,0,0,0,0,0,0,0,0,0,0,0,0,0,0
ASV6265,0,0,0,0,0,0,0,0,0,0,0,0,0,0,0,0,0,0,0,0,0,0,0,0,0,0,0,0,0,0,0,0,0,0,0,0.000630772
ASV7986,0,0,0,0,0,0,0,0,0,0,0,0,0,0,0,0,0,0,0,0,0,0,0,0,0,0,0.00063404,0,0,0,0,0,0,0,0,0
ASV11575,0,0,0,0,0,0,0,0,0,0,0,0,0,0,0,0,0,0,0,0,0,0,0,0,0,0,0,0,0,0,0.000636639,0,0,0,0,0
ASV6761,0,0,0,0,0,0,0,0,0,0,0,0,0,0,0,0,0,0,0,0,0,0,0,0,0,0,0,0,0,0,0.000636639,0,0,0,0,0
ASV458,0,0,0,0.000641869,0,0,0,0,0,0,0,0,0,0,0,0,0,0,0,0,0,0,0,0,0,0,0,0,0,0,0,0,0,0,0,0
ASV9647,0,0,0,0,0,0,0,0,0,0,0,0,0.000649236,0,0,0,0,0,0,0,0,0,0,0,0,0,0,0,0,0,0,0,0,0,0,0
ASV3725,0,0,0,0,0,0,0,0,0,0,0,0,0.000649236,0,0,0,0,0,0,0,0,0,0,0,0,0,0,0,0,0,0,0,0,0,0,0
ASV9646,0,0,0,0,0,0,0,0,0,0,0,0,0.000649236,0,0,0,0,0,0,0,0,0,0,0,0,0,0,0,0,0,0,0,0,0,0,0
ASV5312,0,0,0,0,0,0,0,0,0,0,0,0,0,0,0,0,0,0,0,0,0,0,0,0,0,0,0,0,0,0,0,0,0,0,0.000650724,0
ASV6038,0,0,0,0,0,0,0,0.000651352,0,0,0,0,0,0,0,0,0,0,0,0,0,0,0,0,0,0,0,0,0,0,0,0,0,0,0,0
ASV12237,0,0,0,0,0,0,0,0,0,0,0,0,0,0,0,0,0,0,0,0,0,0.000656476,0,0,0,0,0,0,0,0,0,0,0,0,0,0
ASV9294,0,0,0,0,0,0,0,0,0,0,0,0,0,0,0,0,0,0.00065703,0,0,0,0,0,0,0,0,0,0,0,0,0,0,0,0,0,0
ASV1860,0,0,0,0,0,0,0,0,0,0,0,0,0,0,0,0,0,0.00065703,0,0,0,0,0,0,0,0,0,0,0,0,0,0,0,0,0,0
ASV8269,0,0,0,0,0,0,0,0,0,0,0,0,0,0,0,0,0,0,0,0,0,0,0,0,0.000672344,0,0,0,0,0,0,0,0,0,0,0
ASV1291,0,0,0,0,0,0,0,0.000676404,0,0,0,0,0,0,0,0,0,0,0,0,0,0,0,0,0,0,0,0,0,0,0,0,0,0,0,0
ASV7094,0,0,0,0,0,0,0,0,0,0,0,0,0,0,0,0,0,0,0,0,0,0,0,0,0,0,0,0.00067815,0,0,0,0,0,0,0,0
ASV1845,0,0,0,0,0,0,0.000682569,0,0,0,0,0,0,0,0,0,0,0,0,0,0,0,0,0,0,0,0,0,0,0,0,0,0,0,0,0
ASV8605,0,0,0,0,0,0,0,0,0,0,0,0,0,0,0,0,0,0,0,0,0,0,0,0,0,0,0,0,0,0.000685737,0,0,0,0,0,0
ASV5530,0,0,0,0,0,0,0,0,0,0,0,0,0,0,0,0,0,0,0,0,0,0,0,0.00069297,0,0,0,0,0,0,0,0,0,0,0,0
ASV8561,0,0,0,0,0,0,0,0,0,0,0,0,0,0,0,0,0,0,0,0.00069331,0,0,0,0,0,0,0,0,0,0,0,0,0,0,0,0
ASV3741,0,0,0,0,0,0.000703614,0,0,0,0,0,0,0,0,0,0,0,0,0,0,0,0,0,0,0,0,0,0,0,0,0,0,0,0,0,0
ASV9003,0,0,0,0,0,0,0,0,0,0,0,0,0,0,0,0,0,0,0,0,0,0,0,0,0,0,0,0,0,0,0,0,0,0,0.000704951,0
ASV545,0.000705006,0,0,0,0,0,0,0,0,0,0,0,0,0,0,0,0,0,0,0,0,0,0,0,0,0,0,0,0,0,0,0,0,0,0,0
ASV4737,0,0,0,0,0,0,0,0,0,0,0,0,0.000708257,0,0,0,0,0,0,0,0,0,0,0,0,0,0,0,0,0,0,0,0,0,0,0
ASV4098,0,0,0.000717014,0,0,0,0,0,0,0,0,0,0,0,0,0,0,0,0,0,0,0,0,0,0,0,0,0,0,0,0,0,0,0,0,0
ASV2554,0,0,0,0,0,0,0,0,0,0.000730415,0,0,0,0,0,0,0,0,0,0,0,0,0,0,0,0,0,0,0,0,0,0,0,0,0,0
ASV4283,0,0.000730505,0,0,0,0,0,0,0,0,0,0,0,0,0,0,0,0,0,0,0,0,0,0,0,0,0,0,0,0,0,0,0,0,0,0
ASV593,0,0.000730505,0,0,0,0,0,0,0,0,0,0,0,0,0,0,0,0,0,0,0,0,0,0,0,0,0,0,0,0,0,0,0,0,0,0
ASV4388,0,0,0,0.000738149,0,0,0,0,0,0,0,0,0,0,0,0,0,0,0,0,0,0,0,0,0,0,0,0,0,0,0,0,0,0,0,0
ASV1729,0,0,0,0,0,0.000738795,0,0,0,0,0,0,0,0,0,0,0,0,0,0,0,0,0,0,0,0,0,0,0,0,0,0,0,0,0,0
ASV3239,0,0,0,0,0,0,0,0.000425884,0,0,0,0,0,0,0,0,0,0,0,0,0,0,0,0,0,0,0.00031702,0,0,0,0,0,0,0,0,0
ASV3166,0,0,0,0,0,0,0,0,0,0,0,0,0,0,0,0,0,0,0,0,0,0,0,0,0,0,0,0.000745965,0,0,0,0,0,0,0,0
ASV5109,0,0,0,0,0,0,0,0,0,0,0,0,0,0,0,0,0,0,0,0,0,0,0,0,0,0,0,0.000745965,0,0,0,0,0,0,0,0
ASV7666,0,0,0,0,0,0,0,0,0,0,0,0,0,0.000747803,0,0,0,0,0,0,0,0,0,0,0,0,0,0,0,0,0,0,0,0,0,0
ASV9245,0,0,0,0,0,0,0,0,0,0,0,0,0,0.000747803,0,0,0,0,0,0,0,0,0,0,0,0,0,0,0,0,0,0,0,0,0,0
ASV8273,0,0,0,0,0,0,0,0,0,0,0,0,0,0,0,0,0,0,0,0,0,0,0,0,0,0.000748223,0,0,0,0,0,0,0,0,0,0
ASV1764,0,0,0,0,0,0,0,0,0,0,0,0,0,0,0,0,0,0,0,0,0,0.000750258,0,0,0,0,0,0,0,0,0,0,0,0,0,0
ASV3949,0,0,0.00075838,0,0,0,0,0,0,0,0,0,0,0,0,0,0,0,0,0,0,0,0,0,0,0,0,0,0,0,0,0,0,0,0,0
ASV5247,0,0,0,0,0,0,0,0,0,0,0,0,0,0,0,0,0,0,0,0,0,0,0,0.000760031,0,0,0,0,0,0,0,0,0,0,0,0
ASV8019,0,0,0,0,0,0,0,0,0,0,0,0,0,0,0,0,0,0,0,0,0,0,0,0,0,0,0,0,0,0,0,0.000769083,0,0,0,0
ASV3442,0,0,0,0,0,0,0,0,0,0,0.000364193,0,0,0,0,0,0,0,0,0,0,0,0,0,0,0,0,0,0,0,0,0,0.000411281,0,0,0
ASV8229,0,0,0,0,0,0,0,0,0,0,0,0,0,0,0,0,0.000787732,0,0,0,0,0,0,0,0,0,0,0,0,0,0,0,0,0,0,0
ASV9739,0,0,0,0,0,0,0,0,0,0,0,0,0,0,0,0,0,0,0.000789833,0,0,0,0,0,0,0,0,0,0,0,0,0,0,0,0,0
ASV489,0,0,0,0,0,0,0,0.000350728,0,0,0,0,0,0,0,0,0,0,0,0,0,0,0,0,0,0,0,0,0,0,0.000318319,0,0,0,0,0.000126154
ASV10323,0,0,0,0,0,0,0,0,0,0,0,0,0,0,0,0,0,0,0,0,0,0,0,0,0,0,0,0,0,0,0.000795798,0,0,0,0,0
ASV7372,0,0,0,0,0.000796777,0,0,0,0,0,0,0,0,0,0,0,0,0,0,0,0,0,0,0,0,0,0,0,0,0,0,0,0,0,0,0
ASV3378,0,0,0,0,0.000796777,0,0,0,0,0,0,0,0,0,0,0,0,0,0,0,0,0,0,0,0,0,0,0,0,0,0,0,0,0,0,0
ASV9746,0,0,0,0,0,0,0,0,0,0,0,0,0,0,0,0,0,0,0,0,0.000798258,0,0,0,0,0,0,0,0,0,0,0,0,0,0,0
ASV4447,0,0,0,0,0,0,0.000808306,0,0,0,0,0,0,0,0,0,0,0,0,0,0,0,0,0,0,0,0,0,0,0,0,0,0,0,0,0
ASV8852,0,0,0,0,0,0,0,0,0,0,0,0,0,0.00081012,0,0,0,0,0,0,0,0,0,0,0,0,0,0,0,0,0,0,0,0,0,0
ASV8635,0,0,0,0,0,0,0,0,0,0,0,0,0,0,0,0,0,0,0,0,0,0,0,0,0,0,0,0,0,0,0,0,0.000822562,0,0,0
ASV5508,0,0,0,0,0,0,0,0,0,0,0,0,0.0008263,0,0,0,0,0,0,0,0,0,0,0,0,0,0,0,0,0,0,0,0,0,0,0
ASV8495,0,0,0,0,0,0,0,0,0,0,0,0,0.0008263,0,0,0,0,0,0,0,0,0,0,0,0,0,0,0,0,0,0,0,0,0,0,0
ASV4075,0,0,0,0,0,0,0,0,0,0,0,0,0,0,0,0,0,0,0,0,0,0,0,0.000827093,0,0,0,0,0,0,0,0,0,0,0,0
ASV7742,0,0,0,0,0,0,0,0,0,0,0,0,0,0,0,0,0,0,0,0,0,0,0,0,0,0,0,0,0,0.00083268,0,0,0,0,0,0
ASV2272,0,0,0,0.00083443,0,0,0,0,0,0,0,0,0,0,0,0,0,0,0,0,0,0,0,0,0,0,0,0,0,0,0,0,0,0,0,0
ASV654,0,0.000441347,0,0,0.000398389,0,0,0,0,0,0,0,0,0,0,0,0,0,0,0,0,0,0,0,0,0,0,0,0,0,0,0,0,0,0,0
ASV7173,0,0,0,0,0.000841043,0,0,0,0,0,0,0,0,0,0,0,0,0,0,0,0,0,0,0,0,0,0,0,0,0,0,0,0,0,0,0
ASV3900,0,0,0,0,0,0,0,0,0,0,0,0,0,0,0,0,0,0,0,0,0,0.00084404,0,0,0,0,0,0,0,0,0,0,0,0,0,0
ASV1805,0,0,0,0,0,0,0,0,0,0,0,0,0,0,0,0,0,0,0,0,0,0,0,0,0,0,0,0.000847688,0,0,0,0,0,0,0,0
ASV4686,0,0,0,0,0,0,0,0,0,0,0,0,0,0,0,0,0,0,0,0,0,0,0,0.000625908,0.000224115,0,0,0,0,0,0,0,0,0,0,0
ASV6169,0,0,0,0,0,0,0,0,0.000857721,0,0,0,0,0,0,0,0,0,0,0,0,0,0,0,0,0,0,0,0,0,0,0,0,0,0,0
ASV2999,0,0,0,0,0,0,0,0,0,0.000870281,0,0,0,0,0,0,0,0,0,0,0,0,0,0,0,0,0,0,0,0,0,0,0,0,0,0
ASV4890,0,0,0,0,0,0,0,0,0,0,0,0,0,0,0,0,0,0,0,0,0,0,0,0.000871801,0,0,0,0,0,0,0,0,0,0,0,0
ASV8514,0,0,0,0,0,0,0,0,0,0,0,0,0,0.000872437,0,0,0,0,0,0,0,0,0,0,0,0,0,0,0,0,0,0,0,0,0,0
ASV9181,0,0,0,0,0,0,0,0,0,0,0.000874062,0,0,0,0,0,0,0,0,0,0,0,0,0,0,0,0,0,0,0,0,0,0,0,0,0
ASV5264,0,0,0,0,0,0,0,0,0,0,0,0,0,0,0,0,0,0,0,0,0,0,0,0,0,0,0,0,0,0,0.000875378,0,0,0,0,0
ASV4245,0,0,0,0,0,0,0.000880155,0,0,0,0,0,0,0,0,0,0,0,0,0,0,0,0,0,0,0,0,0,0,0,0,0,0,0,0,0
ASV4422,0,0,0,0,0,0,0,0,0,0,0,0,0,0,0,0,0,0,0,0,0,0,0,0,0,0,0,0.000881595,0,0,0,0,0,0,0,0
ASV1449,0,0,0.000882479,0,0,0,0,0,0,0,0,0,0,0,0,0,0,0,0,0,0,0,0,0,0,0,0,0,0,0,0,0,0,0,0,0
ASV1327,0,0.000882693,0,0,0,0,0,0,0,0,0,0,0,0,0,0,0,0,0,0,0,0,0,0,0,0,0,0,0,0,0,0,0,0,0,0
ASV6002,0,0,0,0,0,0,0,0,0,0,0,0,0,0,0,0,0,0,0,0,0,0,0,0,0,0,0,0,0,0,0,0,0,0.000882953,0,0
ASV5728,0,0,0,0,0,0,0,0,0,0,0,0.00088315,0,0,0,0,0,0,0,0,0,0,0,0,0,0,0,0,0,0,0,0,0,0,0,0
ASV8603,0,0,0,0,0,0,0,0,0,0,0,0,0,0,0,0,0,0,0,0,0,0,0,0,0,0,0,0,0.000887593,0,0,0,0,0,0,0
ASV3593,0,0.000897912,0,0,0,0,0,0,0,0,0,0,0,0,0,0,0,0,0,0,0,0,0,0,0,0,0,0,0,0,0,0,0,0,0,0
ASV2176,0,0.000897912,0,0,0,0,0,0,0,0,0,0,0,0,0,0,0,0,0,0,0,0,0,0,0,0,0,0,0,0,0,0,0,0,0,0
ASV2055,0,0.000913131,0,0,0,0,0,0,0,0,0,0,0,0,0,0,0,0,0,0,0,0,0,0,0,0,0,0,0,0,0,0,0,0,0,0
ASV3787,0,0,0,0,0,0,0,0,0,0.000916904,0,0,0,0,0,0,0,0,0,0,0,0,0,0,0,0,0,0,0,0,0,0,0,0,0,0
ASV3699,0,0.00092835,0,0,0,0,0,0,0,0,0,0,0,0,0,0,0,0,0,0,0,0,0,0,0,0,0,0,0,0,0,0,0,0,0,0
ASV813,0,0,0,0,0,0,0,0,0,0,0,0,0,0,0,0,0,0,0,0,0,0,0,0,0,0,0,0,0,0.000930643,0,0,0,0,0,0
ASV8894,0,0,0,0,0,0,0,0,0,0,0,0,0,0,0,0,0,0,0.000933439,0,0,0,0,0,0,0,0,0,0,0,0,0,0,0,0,0
ASV6262,0,0,0,0,0,0,0,0,0,0,0,0,0,0,0,0,0,0,0,0,0,0,0,0,0,0,0,0,0,0,0,0,0,0.000938138,0,0
ASV4685,0,0,0,0,0,0,0,0,0,0,0,0,0,0,0,0,0,0,0,0,0,0,0,0.000938862,0,0,0,0,0,0,0,0,0,0,0,0
ASV3667,0,0.000943569,0,0,0,0,0,0,0,0,0,0,0,0,0,0,0,0,0,0,0,0,0,0,0,0,0,0,0,0,0,0,0,0,0,0
ASV3498,0,0,0,0,0,0,0,0,0,0,0,0,0.000944343,0,0,0,0,0,0,0,0,0,0,0,0,0,0,0,0,0,0,0,0,0,0,0
ASV7539,0,0,0,0,0,0,0,0,0,0,0,0,0,0,0,0,0,0,0,0,0,0,0,0,0,0,0,0,0,0,0,0,0,0.000993323,0,0
ASV1035,0,0,0,0,0,0,0,0.001002079,0,0,0,0,0,0,0,0,0,0,0,0,0,0,0,0,0,0,0,0,0,0,0,0,0,0,0,0
ASV5653,0,0,0,0,0,0,0,0,0,0,0,0,0,0,0,0,0,0,0,0,0,0,0,0,0,0,0,0.001017225,0,0,0,0,0,0,0,0
ASV2446,0,0,0,0,0,0,0,0,0,0,0,0,0,0,0,0,0,0,0,0,0,0.001031605,0,0,0,0,0,0,0,0,0,0,0,0,0,0
ASV3482,0,0,0,0,0,0,0,0,0,0,0,0,0,0,0,0,0,0,0,0,0,0,0,0,0,0,0,0,0,0,0.001034538,0,0,0,0,0
ASV8969,0,0,0,0,0,0,0,0,0,0,0,0,0,0,0,0,0,0,0,0,0,0,0,0,0,0,0,0,0,0,0.001034538,0,0,0,0,0
ASV5544,0,0,0,0,0,0,0,0,0,0,0,0,0,0,0,0,0,0,0,0,0,0,0,0,0,0,0,0.001051133,0,0,0,0,0,0,0,0
ASV1109,0,0,0,0,0,0,0,0.001052183,0,0,0,0,0,0,0,0,0,0,0,0,0,0,0,0,0,0,0,0,0,0,0,0,0,0,0,0
ASV3345,0,0,0,0,0,0,0,0,0,0,0,0,0,0,0,0,0,0,0,0,0,0,0,0,0,0,0,0.00040689,0,0,0,0,0.000646298,0,0,0
ASV4221,0,0,0,0,0,0,0,0,0,0,0,0,0,0.001059388,0,0,0,0,0,0,0,0,0,0,0,0,0,0,0,0,0,0,0,0,0,0
ASV7668,0,0,0,0,0,0,0,0,0,0,0,0,0,0.001059388,0,0,0,0,0,0,0,0,0,0,0,0,0,0,0,0,0,0,0,0,0,0
ASV6378,0,0,0,0,0,0,0,0,0,0,0,0,0,0,0,0,0,0,0,0,0,0,0,0,0.001075751,0,0,0,0,0,0,0,0,0,0,0
ASV1895,0,0,0,0,0,0.000715341,0.000377209,0,0,0,0,0,0,0,0,0,0,0,0,0,0,0,0,0,0,0,0,0,0,0,0,0,0,0,0,0
ASV3514,0,0,0,0,0,0,0,0,0,0,0,0,0,0,0,0,0,0,0,0,0,0,0,0.000380016,0,0,0.000713295,0,0,0,0,0,0,0,0,0
ASV4266,0,0,0,0,0,0,0,0,0,0,0,0.001096324,0,0,0,0,0,0,0,0,0,0,0,0,0,0,0,0,0,0,0,0,0,0,0,0
ASV2014,0,0,0,0.001107224,0,0,0,0,0,0,0,0,0,0,0,0,0,0,0,0,0,0,0,0,0,0,0,0,0,0,0,0,0,0,0,0
ASV5737,0,0,0,0,0,0,0,0,0,0,0,0,0.001121407,0,0,0,0,0,0,0,0,0,0,0,0,0,0,0,0,0,0,0,0,0,0,0
ASV6939,0,0,0,0,0,0,0,0,0,0,0,0,0,0,0,0,0,0,0,0,0,0,0,0,0,0,0,0,0,0,0,0,0,0,0.001138767,0
ASV2819,0,0,0,0.001139318,0,0,0,0,0,0,0,0,0,0,0,0,0,0,0,0,0,0,0,0,0,0,0,0,0,0,0,0,0,0,0,0
ASV3560,0,0,0,0,0,0,0.001167553,0,0,0,0,0,0,0,0,0,0,0,0,0,0,0,0,0,0,0,0,0,0,0,0,0,0,0,0,0
ASV2790,0,0,0,0,0,0,0,0,0,0,0,0,0,0,0,0,0,0,0,0,0,0,0,0,0,0,0,0,0,0.001175549,0,0,0,0,0,0
ASV5132,0,0,0,0,0,0,0,0,0.00120081,0,0,0,0,0,0,0,0,0,0,0,0,0,0,0,0,0,0,0,0,0,0,0,0,0,0,0
ASV178,0,0,0,0,0,0,0,0,0,0,0,0,0,0,0,0.001204445,0,0,0,0,0,0,0,0,0,0,0,0,0,0,0,0,0,0,0,0
ASV6725,0,0,0,0,0,0,0,0,0,0,0,0,0,0,0,0,0,0.001204555,0,0,0,0,0,0,0,0,0,0,0,0,0,0,0,0,0,0
ASV6735,0,0,0,0,0,0,0,0,0,0,0,0,0,0,0,0,0,0,0,0,0,0,0.001214463,0,0,0,0,0,0,0,0,0,0,0,0,0
ASV7701,0,0,0,0,0,0,0,0,0,0,0,0,0,0,0,0,0,0,0,0,0.001233672,0,0,0,0,0,0,0,0,0,0,0,0,0,0,0
ASV1139,0,0,0,0,0.001239432,0,0,0,0,0,0,0,0,0,0,0,0,0,0,0,0,0,0,0,0,0,0,0,0,0,0,0,0,0,0,0
ASV2464,0,0,0,0,0,0,0,0,0,0.000435141,0,0,0,0,0,0,0.000840248,0,0,0,0,0,0,0,0,0,0,0,0,0,0,0,0,0,0,0
ASV7475,0,0,0,0,0,0,0,0,0,0,0,0,0,0,0,0,0,0,0.001292454,0,0,0,0,0,0,0,0,0,0,0,0,0,0,0,0,0
ASV7425,0,0,0,0,0,0,0,0,0,0,0.001311093,0,0,0,0,0,0,0,0,0,0,0,0,0,0,0,0,0,0,0,0,0,0,0,0,0
ASV348,0,0,0,0,0,0,0,0,0,0,0,0,0,0,0,0,0,0,0,0,0,0.001312951,0,0,0,0,0,0,0,0,0,0,0,0,0,0
ASV360,0,0,0,0,0,0,0,0,0,0,0,0,0,0,0,0,0,0,0,0,0,0,0,0,0,0,0.001347335,0,0,0,0,0,0,0,0,0
ASV6507,0,0,0,0,0,0,0,0,0,0,0,0,0.001357493,0,0,0,0,0,0,0,0,0,0,0,0,0,0,0,0,0,0,0,0,0,0,0
ASV6709,0,0,0,0,0,0,0,0,0,0,0,0,0,0.001370973,0,0,0,0,0,0,0,0,0,0,0,0,0,0,0,0,0,0,0,0,0,0
ASV4401,0,0,0,0,0,0,0,0,0,0,0,0,0,0,0,0,0,0,0,0,0,0,0,0,0,0.001371742,0,0,0,0,0,0,0,0,0,0
ASV3599,0,0,0,0,0.001372228,0,0,0,0,0,0,0,0,0,0,0,0,0,0,0,0,0,0,0,0,0,0,0,0,0,0,0,0,0,0,0
ASV3210,0,0,0,0,0,0,0.001383101,0,0,0,0,0,0,0,0,0,0,0,0,0,0,0,0,0,0,0,0,0,0,0,0,0,0,0,0,0
ASV2490,0,0,0,0,0,0,0,0,0,0,0,0,0,0,0,0,0,0,0,0.001386619,0,0,0,0,0,0,0,0,0,0,0,0,0,0,0,0
ASV1306,0,0.001415353,0,0,0,0,0,0,0,0,0,0,0,0,0,0,0,0,0,0,0,0,0,0,0,0,0,0,0,0,0,0,0,0,0,0
ASV3615,0,0,0,0,0,0,0,0,0,0,0,0,0,0,0,0,0,0,0,0,0,0,0,0.001430647,0,0,0,0,0,0,0,0,0,0,0,0
ASV7073,0,0,0,0,0,0,0,0,0,0,0,0,0,0,0,0,0,0,0.001436059,0,0,0,0,0,0,0,0,0,0,0,0,0,0,0,0,0
ASV2553,0,0,0.001461605,0,0,0,0,0,0,0,0,0,0,0,0,0,0,0,0,0,0,0,0,0,0,0,0,0,0,0,0,0,0,0,0,0
ASV1742,0,0,0,0,0,0,0,0,0,0.000388519,0,9.14E-05,0.000472171,0,0,0,0,0,0,0,0,0,0,0,0,0,0.000435903,0,0,0,0,0,0,0,0,7.57E-05
ASV6005,0,0,0,0,0,0,0,0,0,0,0,0,0,0,0,0,0,0,0,0,0,0,0,0,0,0,0,0,0,0,0,0,0,0,0.001464129,0
ASV2842,0,0,0,0.001476299,0,0,0,0,0,0,0,0,0,0,0,0,0,0,0,0,0,0,0,0,0,0,0,0,0,0,0,0,0,0,0,0
ASV4547,0,0,0,0,0,0,0,0,0,0,0,0,0,0,0,0,0,0,0,0,0,0,0,0,0,0,0,0.00149193,0,0,0,0,0,0,0,0
ASV762,0.000470004,0,0,0,0,0,0,0,0,0,0,0,0,0,0,0,0,0,0,0,0,0,0,0,0,0,0,0,0,0.001028605,0,0,0,0,0,0
ASV5547,0,0,0,0,0,0,0,0,0,0,0,0,0,0,0,0,0,0,0,0,0,0,0,0,0,0,0,0,0.001521588,0,0,0,0,0,0,0
ASV3445,0,0,0,0,0,0,0,0,0,0,0,0,0,0,0,0,0,0,0,0.001535185,0,0,0,0,0,0,0,0,0,0,0,0,0,0,0,0
ASV5775,0,0,0,0,0,0,0,0,0,0,0,0,0,0,0,0,0,0,0,0,0,0,0,0,0,0,0,0,0,0,0,0,0,0,0.001572583,0
ASV5776,0,0,0,0,0,0,0,0,0,0,0,0,0,0,0,0,0,0,0,0,0,0,0,0,0,0,0,0,0,0,0,0,0,0,0.001572583,0
ASV1385,0,0,0,0,0,0,0,0,0,0,0,0,0,0,0,0,0,0,0.001579665,0,0,0,0,0,0,0,0,0,0,0,0,0,0,0,0,0
ASV4024,0,0,0,0,0,0,0,0,0,0,0,0,0,0,0.001582557,0,0,0,0,0,0,0,0,0,0,0,0,0,0,0,0,0,0,0,0,0
ASV5751,0,0,0,0,0,0,0,0,0,0,0,0,0,0,0,0,0,0.001587823,0,0,0,0,0,0,0,0,0,0,0,0,0,0,0,0,0,0
ASV4168,0,0,0,0,0,7.04E-05,0,0,0,0,0,0,0,0,0,0,0.001522949,0,0,0,0,0,0,0,0,0,0,0,0,0,0,0,0,0,0,0
ASV532,0,0,0,0,0.001593555,0,0,0,0,0,0,0,0,0,0,0,0,0,0,0,0,0,0,0,0,0,0,0,0,0,0,0,0,0,0,0
ASV2570,0,0.001597979,0,0,0,0,0,0,0,0,0,0,0,0,0,0,0,0,0,0,0,0,0,0,0,0,0,0,0,0,0,0,0,0,0,0
ASV5411,0,0,0,0.000192561,0,0,0,0,0,0,0,0,0,0,0,0,0,0,0.001436059,0,0,0,0,0,0,0,0,0,0,0,0,0,0,0,0,0
ASV511,0,0,0,0,0.001018105,0,0,0,0,0,0,0,0,0,0.000615439,0,0,0,0,0,0,0,0,0,0,0,0,0,0,0,0,0,0,0,0,0
ASV5341,0,0,0,0,0,0,0,0,0,0,0,0,0,0,0,0,0,0,0,0.00163423,0,0,0,0,0,0,0,0,0,0,0,0,0,0,0,0
ASV1189,0,0,0,0,0.00163782,0,0,0,0,0,0,0,0,0,0,0,0,0,0,0,0,0,0,0,0,0,0,0,0,0,0,0,0,0,0,0
ASV4857,0,0,0,0,0,0,0.000287398,0,0,0,0,0,0,0,0,0,0,0.000930793,0.000430818,0,0,0,0,0,0,0,0,0,0,0,0,0,0,0,0,0
ASV4276,0,0,0,0,0,0,0,0,0,0,0,0,0,0,0,0,0,0,0,0,0,0,0,0,0,0,0,0.001661468,0,0,0,0,0,0,0,0
ASV4076,0,0,0,0,0,0,0,0,0,0,0,0,0,0,0,0,0,0,0,0,0,0,0,0,0,0,0,0.001661468,0,0,0,0,0,0,0,0
ASV3896,0,0,0,0,0,0,0,0,0,0,0,0,0,0,0.001670477,0,0,0,0,0,0,0,0,0,0,0,0,0,0,0,0,0,0,0,0,0
ASV3270,0,0,0,0,0,0,0,0,0,0,0,0,0,0,0,0,0,0,0,0,0,0,0,0.00167654,0,0,0,0,0,0,0,0,0,0,0,0
ASV3269,0,0,0,0,0,0,0,0,0,0,0,0,0,0,0,0,0,0,0,0,0,0,0,0.00167654,0,0,0,0,0,0,0,0,0,0,0,0
ASV5323,0,0,0,0,0,0,0,0,0,0,0,0,0,0,0,0,0,0,0,0,0,0,0,0,0,0,0,0,0,0,0,0,0.001703878,0,0,0
ASV1721,0,0,0,0,0,0,0,0,0.001715442,0,0,0,0,0,0,0,0,0,0,0,0,0,0,0,0,0,0,0,0,0,0,0,0,0,0,0
ASV2532,0,0,0,0.001717,0,0,0,0,0,0,0,0,0,0,0,0,0,0,0,0,0,0,0,0,0,0,0,0,0,0,0,0,0,0,0,0
ASV1505,0,0,0,0,0,0.000809156,0,0,0.000960648,0,0,0,0,0,0,0,0,0,0,0,0,0,0,0,0,0,0,0,0,0,0,0,0,0,0,0
ASV4768,0,0,0,0,0.001770617,0,0,0,0,0,0,0,0,0,0,0,0,0,0,0,0,0,0,0,0,0,0,0,0,0,0,0,0,0,0,0
ASV2417,0,0,0,0,0,0,0,0,0,0.001771644,0,0,0,0,0,0,0,0,0,0,0,0,0,0,0,0,0,0,0,0,0,0,0,0,0,0
ASV2884,0,0,0,0,0,0,0,0,0,0,0,0,0,0,0,0.00089362,0,0,0,0,0,0,0,0,0,0,0,0,0,0,0,0,0,0,0,0.00088308
ASV2987,0,0,0,0,0,0,0,0,0,0,0,0,0,0,0,0,0,0,0,0,0,0,0,0.001140047,0,0,0,0,0,0,0,0,0,0,0.000650724,0
ASV332,0,0,0,0,0,0,0,0,0,0.001802726,0,0,0,0,0,0,0,0,0,0,0,0,0,0,0,0,0,0,0,0,0,0,0,0,0,0
ASV425,0,0,0,0,0.001814882,0,0,0,0,0,0,0,0,0,0,0,0,0,0,0,0,0,0,0,0,0,0,0,0,0,0,0,0,0,0,0
ASV3703,0,0,0,0,0,0,0.00030536,0,0.001509589,0,0,0,0,0,0,0,0,0,0,0,0,0,0,0,0,0,0,0,0,0,0,0,0,0,0,0
ASV176,0,0,0,0,0,0,0,0,0,0,0,0,0,0,0,0,0,0,0,0,0,0,0.001821695,0,0,0,0,0,0,0,0,0,0,0,0,0
ASV4160,0,0,0,0,0,0,0,0,0.00147528,0,0,0,0,0,0,0,0,0,0,0.000396177,0,0,0,0,0,0,0,0,0,0,0,0,0,0,0,0
ASV2229,0,0,0,0,0,0,0,0,0,0,0,0,0,0,0,0.000815914,0,0,0,0,0,0,0,0,0.001120574,0,0,0,0,0,0,0,0,0,0,0
ASV2971,0,0,0,0,0,0,0,0,0,0,0,0,0,0,0,0,0,0,0,0,0,0,0,0.001944786,0,0,0,0,0,0,0,0,0,0,0,0
ASV3821,0.001947158,0,0,0,0,0,0,0,0,0,0,0,0,0,0,0,0,0,0,0,0,0,0,0,0,0,0,0,0,0,0,0,0,0,0,0
ASV1949,0,0,0,0,0,0,0,0,0,0.002004755,0,0,0,0,0,0,0,0,0,0,0,0,0,0,0,0,0,0,0,0,0,0,0,0,0,0
ASV375,0,0,0,0,0,0,0,0,0,0,0,0,0,0,0,0,0,0,0.002010483,0,0,0,0,0,0,0,0,0,0,0,0,0,0,0,0,0
ASV2013,0,0,0.002040732,0,0,0,0,0,0,0,0,0,0,0,0,0,0,0,0,0,0,0,0,0,0,0,0,0,0,0,0,0,0,0,0,0
ASV798,0,0,0,0,0,0,0,0,0,0,0,0,0,0,0,0,0,0,0,0,0,0,0.002042506,0,0,0,0,0,0,0,0,0,0,0,0,0
ASV4878,0,0,0,0,0,0,0,0,0,0,0,0,0,0,0,0,0.002048104,0,0,0,0,0,0,0,0,0,0,0,0,0,0,0,0,0,0,0
ASV260,0,0,0,0,0,0,0,0,0,0.002113541,0,0,0,0,0,0,0,0,0,0,0,0,0,0,0,0,0,0,0,0,0,0,0,0,0,0
ASV2952,0,0,0,0,0,0,0,0,0,0,0,0,0,0,0,0,0,0,0,0,0,0,0,0,0,0,0,0,0,0,0,0.002114978,0,0,0,0
ASV2708,0,0,0,0,0,0,0,0,0,0,0,0,0,0,0,0,0,0,0,0,0,0,0,0,0,0.002119965,0,0,0,0,0,0,0,0,0,0
ASV2344,0,0,0,0,0,0,0,0,0,0,0,0,0,0,0,0,0,0,0,0.002129451,0,0,0,0,0,0,0,0,0,0,0,0,0,0,0,0
ASV2981,0,0,0,0,0,0,0,0.002154471,0,0,0,0,0,0,0,0,0,0,0,0,0,0,0,0,0,0,0,0,0,0,0,0,0,0,0,0
ASV5176,0,0,0,0,0,0,0,0,0,0,0,0,0,0,0,0,0,0,0,0,0,0,0,0,0,0.002182317,0,0,0,0,0,0,0,0,0,0
ASV4274,0,0,0,0,0,0,0,0,0,0,0,0,0,0,0,0,0,0,0,0,0,0.001312951,0,0,0,0,0,0,0,0.000881661,0,0,0,0,0,0
ASV4605,0,0,0,0,0,0,0,0,0,0,0,0,0,0,0,0,0.00210062,0,0,0,0,0,0,0,0,0,0,0.000101723,0,0,0,0,0,0,0,0
ASV3137,0,0,0,0,0,0,0,0,0,0,0,0,0,0,0,0,0,0.001149803,0.001077045,0,0,0,0,0,0,0,0,0,0,0,0,0,0,0,0,0
ASV2198,0,0,0,0,0,0,0,0,0,0,0,0,0,0,0,0,0,0,0,0,0,0,0,0,0,0,0,0,0,0,0.002228235,0,0,0,0,0
ASV1656,0,0,0,0.002246542,0,0,0,0,0,0,0,0,0,0,0,0,0,0,0,0,0,0,0,0,0,0,0,0,0,0,0,0,0,0,0,0
ASV1315,0,0,0,0,0,0,0,0,0,0,0,0,0,0,0,0,0,0,0,0,0,0,0.002263318,0,0,0,0,0,0,0,0,0,0,0,0,0
ASV2771,0,0,0,0,0,0,0,0,0,0,0,0,0,0,0,0,0,0,0,0,0,0,0,0,0,0,0,0,0,0,0.002307815,0,0,0,0,0
ASV4630,0,0,0,0,0,0,0,0,0,0,0,0,0,0,0,0,0,0,0,0,0,0,0,0,0,0,0,0,0,0,0,0,0,0,0.002331761,0
ASV3811,0,0,0,0,0,0,0,0,0,0,0,0,0,0,0,0,0,0,0,0,0,0,0,0,0,0,0.002338023,0,0,0,0,0,0,0,0,0
ASV1854,0,0,0,0,0,0,0,0,0,0,0,0,0,0,0,0,0,0,0,0,0,0,0,0,0,0,0,0,0,0,0,0,0,0.002372937,0,0
ASV246,0,0,0,0,0.00057545,0,0,0.001803743,0,0,0,0,0,0,0,0,0,0,0,0,0,0,0,0,0,0,0,0,0,0,0,0,0,0,0,0
ASV3336,0.002417162,0,0,0,0,0,0,0,0,0,0,0,0,0,0,0,0,0,0,0,0,0,0,0,0,0,0,0,0,0,0,0,0,0,0,0
ASV4057,0.000705006,0,0,0,0,0,0,0,0,0,0,0,0,0,0,0,0,0.001752081,0,0,0,0,0,0,0,0,0,0,0,0,0,0,0,0,0,0
ASV2232,0,0,0,0,0,0,0,0,0.00030878,0.000233111,0,0,0,0,0.00137741,0,0,0,0,0,0,0,0.000607232,0,0,0,0,0,0,0,0,0,0,0,0,0
ASV2967,0,0,0,0,0,0,0,0,0,0,0,0,0,0.000934754,0,0,0,0,0,0,0,0,0,0.001609478,0,0,0,0,0,0,0,0,0,0,0,0
ASV865,0,0,0,0,0,0,0,0,0,0.000466222,0,0,0,0,0.002080769,0,0,0,0,0,0,0,0,0,0,0,0,0,0,0,0,0,0,0,0,0
ASV4749,0,0,0,0,0,0,0,0,0,0,0,0,0,0,0,0,0,0,0,0,0,0,0,0,0,0.002556428,0,0,0,0,0,0,0,0,0,0
ASV1675,0,0,0.00260607,0,0,0,0,0,0,0,0,0,0,0,0,0,0,0,0,0,0,0,0,0,0,0,0,0,0,0,0,0,0,0,0,0
ASV3233,0,0,0,0,0,0,0,0,0.002607472,0,0,0,0,0,0,0,0,0,0,0,0,0,0,0,0,0,0,0,0,0,0,0,0,0,0,0
ASV3783,0,0,0,0,0.00261166,0,0,0,0,0,0,0,0,0,0,0,0,0,0,0,0,0,0,0,0,0,0,0,0,0,0,0,0,0,0,0
ASV5085,0,0,0,0,0,0,0,0,0,0,0.002622187,0,0,0,0,0,0,0,0,0,0,0,0,0,0,0,0,0,0,0,0,0,0,0,0,0
ASV1683,0,0,0,0,0,0,0.002622503,0,0,0,0,0,0,0,0,0,0,0,0,0,0,0,0,0,0,0,0,0,0,0,0,0,0,0,0,0
ASV1252,0,0,0,0,0,0,0,0,0,0,0,0,0,0,0.002637595,0,0,0,0,0,0,0,0,0,0,0,0,0,0,0,0,0,0,0,0,0
ASV1757,0,0,0,0,0,0,0,0,0,0,0,0,0,0,0.000820585,0.000155412,0,0.001587823,0,0,0,0,0,0,0,0,0.000079255,0,0,0,0,0,0,0,0,0
ASV742,0,0,0,0,0,0,0,0,0,0,0,0,0,0,0,0,0,0,0,0,0,0,0,0,0,0,0,0,0,0,0.001114117,0,0,0,0.001572583,0
ASV4434,0,0,0,0,0,0,0,0,0,0,0,0,0,0,0,0,0,0,0,0,0,0,0,0,0,0,0,0,0,0,0,0,0.002702703,0,0,0
ASV1883,0,0,0,0,0,0,0,0.002705614,0,0,0,0,0,0,0,0,0,0,0,0,0,0,0,0,0,0,0,0,0,0,0,0,0,0,0,0
ASV2372,0,0,0,0,0,0,0,0,0.002470237,0,0,0,0,0,0.000351679,0,0,0,0,0,0,0,0,0,0,0,0,0,0,0,0,0,0,0,0,0
ASV1171,0,0,0,0,0,0,0,0,0,0,0,0,0,0,0,0,0.002835837,0,0,0,0,0,0,0,0,0,0,0,0,0,0,0,0,0,0,0
ASV1693,0,0,0,0,0,0,0,0,0,0,0,0,0,0,0,0,0,0,0.002872119,0,0,0,0,0,0,0,0,0,0,0,0,0,0,0,0,0
ASV2770,0,0,0,0,0,0,0,0,0,0,0,0,0,0,0,0,0,0.002956636,0,0,0,0,0,0,0,0,0,0,0,0,0,0,0,0,0,0
ASV4680,0,0,0,0,0,0,0,0,0,0,0,0,0,0,0,0,0,0.000547525,0,0,0,0,0,0,0,0.00031176,0,0,0,0,0.002148655,0,0,0,0,0
ASV1688,0,0,0,0,0,0,0,0,0,0,0.000364193,0,0,0,0,0,0,0,0,0,0,0,0,0,0,0,0,0,0,0.002547022,0,0,0,0,0.000216908,0
ASV928,0,0,0,0,0,0,0,0,0,0,0,0,0,0,0,0,0,0,0,0,0,0,0,0,0,0,0,0.003153398,0,0,0,0,0,0,0,0
ASV4173,0,0,0,0,0,0,0,0,0,0,0,0,0,0.003178164,0,0,0,0,0,0,0,0,0,0,0,0,0,0,0,0,0,0,0,0,0,0
ASV1925,0,0,0,0,0,0,0,0,0,0,0,0,0,0,0,0,0,0,0.001507862,0,0,0,0.001711289,0,0,0,0,0,0,0,0,0,0,0,0,0
ASV1203,0,0,0,0,0,0,0,0,0,0,0,0,0,0,0,0,0,0,0,0,0,0.003282378,0,0,0,0,0,0,0,0,0,0,0,0,0,0
ASV2234,0,0,0,0,0,0,0,0,0,0,0,0,0,0,0,0,0.001260372,0,0,0,0,0,0.002042506,0,0,0,0,0,0,0,0,0,0,0,0,0
ASV4414,0,0,0,0,0,0,0,0,0,0,0,0,0,0,0,0,0,0,0.003302937,0,0,0,0,0,0,0,0,0,0,0,0,0,0,0,0,0
ASV885,0,0,0,0,0,0,0.000592758,0,0,0,0,0,0,0.002741946,0,0,0,0,0,0,0,0,0,0,0,0,0,0,0,0,0,0,0,0,0,0
ASV773,0,0,0,0,0,0,0,0,0,0,0,0,0,0,0,0,0,0,0,0,0,0,0,0,0,0.003367003,0,0,0,0,0,0,0,0,0,0
ASV1302,0,0,0,0,0,0,0,0,0,0,0,0,0,0.003427432,0,0,0,0,0,0,0,0,0,0,0,0,0,0,0,0,0,0,0,0,0,0
ASV2679,0,0,0,0,0,0,0,0,0,0,0,0,0,0,0.001025731,0,0,0,0,0,0,0,0,0,0,0,0,0,0,0,0,0,0,0.002428122,0,0
ASV1226,0,0,0,0,0,0,0,0,0,0,0,0,0,0,0,0,0,0,0,0,0,0,0,0,0,0,0,0,0,0,0.003501512,0,0,0,0,0
ASV1851,0,0,0,0,0,0,0,0,0,0,0,0.003502147,0,0,0,0,0,0,0,0,0,0,0,0,0,0,0,0,0,0,0,0,0,0,0,0
ASV2099,0,0,0,0,0,0,0,0.003507278,0,0,0,0,0,0,0,0,0,0,0,0,0,0,0,0,0,0,0,0,0,0,0,0,0,0,0,0
ASV1018,0,0,0,0.000513495,0,0,0,0,0,0,0,0,0,0,0,0,0,0,0,0,0,0,0,0,0,0,0,0,0,0.003036834,0,0,0,0,0,0
ASV1471,0,0,0,0.003674701,0,0,0,0,0,0,0,0,0,0,0,0,0,0,0,0,0,0,0,0,0,0,0,0,0,0,0,0,0,0,0,0
ASV2270,0,0,0,0,0,0,0,0,0,0,0,0,0,0,0,0,0,0.003723171,0,0,0,0,0,0,0,0,0,0,0,0,0,0,0,0,0,0
ASV1723,0,0,0,0,0,0,0,0,0,0,0,0,0,0.003739017,0,0,0,0,0,0,0,0,0,0,0,0,0,0,0,0,0,0,0,0,0,0
ASV2048,0,0,0,0.001043037,0,0,0,0,0,0,0,0,0,0,0,0,0,0,0,0.000792354,0,0,0,0,0.002061856,0,0,0,0,0,0,0,0,0,0,0
ASV1782,0,0,0,0,0,0,0,0.004008317,0,0,0,0,0,0,0,0,0,0,0,0,0,0,0,0,0,0,0,0,0,0,0,0,0,0,0,0
ASV1487,0,0,0,0,0,0,0.004041529,0,0,0,0,0,0,0,0,0,0,0,0,0,0,0,0,0,0,0,0,0,0,0,0,0,0,0,0,0
ASV2934,0,0,0,0,0.002921517,0,0,0,0,0,0,0,0,0,0,0,0.001155341,0,0,0,0,0,0,0,0,0,0,0,0,0,0,0,0,0,0,0
ASV295,0,0,0,0,0.001682086,0,0,0,0,0,0.000291354,0,0,0,0,0,0,0,0,0.002129451,0,0,0,0,0,0,0,0,0,0,0,0,0,0,0,0
ASV2860,0,0,0,0,0,0,0,0,0,0,0,0,0,0,0,0,0,0,0,0,0,0,0,0,0.004123711,0,0,0,0,0,0,0,0,0,0,0
ASV1756,0,0,0,0,0.002390332,0,0,0,0,0,0.001748124,0,0,0,0,0,0,0,0,0,0,0,0,0,0,0,0,0,0,0,0,0,0,0,0,0
ASV1844,0,0,0,0,0,0,0,0.004183681,0,0,0,0,0,0,0,0,0,0,0,0,0,0,0,0,0,0,0,0,0,0,0,0,0,0,0,0
ASV2776,0,0,0,0,0.004205214,0,0,0,0,0,0,0,0,0,0,0,0,0,0,0,0,0,0,0,0,0,0,0,0,0,0,0,0,0,0,0
ASV2594,0,0,0,0,0,0,0,0,0,0.000139867,0,0,0,0,0,0,0,0,0,0,0,0,0,0,0,0,0,0,0,0,0,0.004085753,0,0,0,0
ASV2786,0,0,0,0,0,0,0,0,0,0,0,0,0,0,0,0,0,0,0.004236375,0,0,0,0,0,0,0,0,0,0,0,0,0,0,0,0,0
ASV1673,0,0,0,0,0,0,0,0,0,0,0,0,0,0,0,0,0,0,0,0,0,0,0,0.004247234,0,0,0,0,0,0,0,0,0,0,0,0
ASV2238,0.004263605,0,0,0,0,0,0,0,0,0,0,0,0,0,0,0,0,0,0,0,0,0,0,0,0,0,0,0,0,0,0,0,0,0,0,0
ASV872,0,0,0,0,0,0,0,0.004283889,0,0,0,0,0,0,0,0,0,0,0,0,0,0,0,0,0,0,0,0,0,0,0,0,0,0,0,0
ASV3143,0,0,0,0,0,0,0,0,0,0,0,0,0,0,0,0,0,0,0,0,0,0,0,0,0,0,0,0,0,0,0,0,0,0,0.00433816,0
ASV2926,0,0,0,0,0,0,0,0,0,0,0,0,0,0,0,0,0,0,0,0,0,0,0,0,0,0,0,0,0,0.004359326,0,0,0,0,0,0
ASV1538,0,0,0,0.000112327,0,0,0,0,0.000240162,0,0,0,0,0,0,0,0,0,0,0.00376368,0,0,0,0.000312954,0,0,0,0,0,0,0,0,0,0,0,0
ASV2086,0,0,0,0,0,0,0,0,0,0,0,0,0,0,0,0,0,0,0,0,0,0,0,0,0,0,0.004477908,0,0,0,0,0,0,0,0,0
ASV1151,0,0,0,0,0,0,0.004652249,0,0,0,0,0,0,0,0,0,0,0,0,0,0,0,0,0,0,0,0,0,0,0,0,0,0,0,0,0
ASV1901,0,0,0,0,0,0,0,0,0,0,0,0,0,0,0.004718364,0,0,0,0,0,0,0,0,0,0,0,0,0,0,0,0,0,0,0,0,0
ASV2660,0,0,0,0,0,0,0,0,0,0,0,0,0.004721714,0,0,0,0,0,0,0,0,0,0,0,0,0,0,0,0,0,0,0,0,0,0,0
ASV1069,0,0,0.004784689,0,0,0,0,0,0,0,0,0,0,0,0,0,0,0,0,0,0,0,0,0,0,0,0,0,0,0,0,0,0,0,0,0
ASV2909,0,0,0,0,0,0,0,0,0,0,0,0,0,0,0,0,0,0,0,0,0,0,0,0,0,0.003928171,0,0.000915503,0,0,0,0,0,0,0,0
ASV2746,0,0,0,0,0,0,0,0,0,0,0,0,0,0,0,0,0,0,0,0.002921805,0,0,0.002097709,0,0,0,0,0,0,0,0,0,0,0,0,0
ASV2586,0,0,0,0,0,0,0,0,0,0,0,0,0,0,0,0,0,0,0,0,0,0,0,0,0,0,0,0,0,0.005143025,0,0,0,0,0,0
ASV1941,0,0,0,0,0,0,0,0,0,0,0,0,0,0,0,0,0,0,0,0,0,0,0,0,0,0,0,0,0,0,0,0,0,0.005187352,0,0
ASV2394,0,0,0,0,0,0,0,0,0,0,0,0,0,0,0,0,0,0,0,0,0,0,0,0,0.005199462,0,0,0,0,0,0,0,0,0,0,0
ASV1763,0,0,0,0,0,0,0,0,0,0,0,0,0,0,0.005216576,0,0,0,0,0,0,0,0,0,0,0,0,0,0,0,0,0,0,0,0,0
ASV2920,0,0,0,0,0,0,0,0,0,0,0,0,0.005252907,0,0,0,0,0,0,0,0,0,0,0,0,0,0,0,0,0,0,0,0,0,0,0
ASV2175,0,0,0,0,0,0,0,0,0,0,0,0,0,0,0,0,0,0,0,0,0,0,0,0,0,0,0.005310085,0,0,0,0,0,0,0,0,0
ASV1911,0,0,0,0,0,0,0,0,0.005489416,0,0,0,0,0,0,0,0,0,0,0,0,0,0,0,0,0,0,0,0,0,0,0,0,0,0,0
ASV1983,0,0,0,0,0,0,0,0,0,0,0,0,0,0,0,0,0,0,0,0,0,0,0,0,0,0,0,0,0,0,0,0,0,0.005518459,0,0
ASV1862,0.005539329,0,0,0,0,0,0,0,0,0,0,0,0,0,0,0,0,0,0,0,0,0,0,0,0,0,0,0,0,0,0,0,0,0,0,0
ASV1531,0,0,0,0,0.000265592,0,0,0,0,0,0,0.000426348,0,0,0,0,0,0,0,0,0.000580552,0,0,0,0,0.00293054,0,0.00122067,0,0,0,0.000144203,0,0,0,0
ASV2904,0,0,0,0,0,0,0,0,0,0,0,0,0,0.005608525,0,0,0,0,0,0,0,0,0,0,0,0,0,0,0,0,0,0,0,0,0,0
ASV784,0,0,0,0,0,0,0,0.001177443,0,0.002020296,0.00145677,0,0,0,0,0,0,0,0,0,0,0,0,0,0,0,0.001188825,0,0,0,0,0,0,0,0,0
ASV1407,0,0,0,0,0,0,0,0.006037528,0,0,0,0,0,0,0,0,0,0,0,0,0,0,0,0,0,0,0,0,0,0,0,0,0,0,0,0
ASV3585,0,0,0,0,0,0,0,0,0,0,0,0,0,0,0,0,0,0,0,0,0,0.006095845,0,0,0,0,0,0,0,0,0,0,0,0,0,0
ASV861,0,0,0,0.006322411,0,0,0,0,0,0,0,0,0,0,0,0,0,0,0,0,0,0,0,0,0,0,0,0,0,0,0,0,0,0,0,0
ASV497,0,0,0,0,0,0,0,0,0,0,0,0,0,0,0.006330227,0,0,0,0,0,0,0,0,0,0,0,0,0,0,0,0,0,0,0,0,0
ASV3044,0,0,0,0,0,0,0,0,0,0,0,0,0,0,0,0,0,0,0,0,0,0,0,0,0,0,0,0,0,0,0.006684705,0,0,0,0,0
ASV1727,0,0,0,0,0,0,0,0,0,0,0,0,0,0,0,0,0,0,0,0,0,0,0,0,0,0,0,0.003458565,0,0,0,0,0,0,0.00325362,0
ASV1748,0,0,0,0,0,0,0,0,0,0,0,0,0,0,0,0,0,0,0,0,0,0,0,0,0,0,0,0,0,0,0,0.000528744,0,0.006235859,0,0
ASV2681,0,0,0,0,0,0,0,0,0,0,0,0,0,0,0,0,0,0,0.006677676,0,0,0,0,0,0,0,0,0,0,9.80E-05,0,0,0,0,0,0
ASV1855,0,0,0,0,0,0,0,0,0,0,0,0,0,0,0,0,0,0,0,0,0,0,0,0,0,0,0,0,0,0,0,0,0,0.006842889,0,0
ASV855,0,0.006924575,0,0,0,0,0,0,0,0,0,0,0,0,0,0,0,0,0,0,0,0,0,0,0,0,0,0,0,0,0,0,0,0,0,0
ASV1417,0,0,0,0,0,0,0,0,0,0,0,0,0,0,0.006945666,0,0,0,0,0,0,0,0,0,0,0,0,0,0,0,0,0,0,0,0,0
ASV820,0,0,0,0,0,0,0,0,0,0,0,0,0,0,0.001875623,0.002020359,0,0,0,0,0,0,0,0,0,0,0,0,0,0,0,0,0,0,0.002494442,0.000731695
ASV2911,0,0,0,0,0,0,0,0,0,0,0,0,0,0,0,0,0,0,0,0,0,0,0,0,0,0,0,0,0,0,0.007162184,0,0,0,0,0
ASV1902,0,0,0,0,0,0,0,0,0,0,0,0,0,0,0,0.004040718,0,0,0,0,0,0,0.003146564,0,0,0,0,0,0,0,0,0,0,0,0,0
ASV438,0,0,0,0,0,0,0,0,0,0.007241985,0,0,0,0,0,0,0,0,0,0,0,0,0,0,0,0,0,0,0,0,0,0,0,0,0,0
ASV636,0,0.00739636,0,0,0,0,0,0,0,0,0,0,0,0,0,0,0,0,0,0,0,0,0,0,0,0,0,0,0,0,0,0,0,0,0,0
ASV2431,0,0,0,0,0,0,0,0,0,0,0,0,0,0,0,0,0,0,0.007539312,0,0,0,0,0,0,0,0,0,0,0,0,0,0,0,0,0
ASV1101,0,0,0,0,0,0,0,0,0,0,0,0,0,0,0,0,0,0,0,0,0,0.004970459,0,0,0,0,0,0,0,0,0.002626134,0,0,0,0,0
ASV1918,0,0,0,0,0,0,0,0,0,0,0,0,0,0,0,0,0,0,0,0,0,0,0,0,0,0,0,0,0,0,0,0.007690829,0,0,0,0
ASV1134,0,0,0,0,0.007879244,0,0,0,0,0,0,0,0,0,0,0,0,0,0,0,0,0,0,0,0,0,0,0,0,0,0,0,0,0,0,0
ASV794,0,0,0,0,0.005179054,0,0,0,0,0,0.000291354,0,0,0,0,0,0,0,0,0,0,0,0.002428926,0,0,0,0,0,0,0,0,0,0,0,0,0
ASV269,0,0,0,0,0,0,0,0,0,0,0,0.008435606,0,0,0,0,0,0,0,0,0,0,0,0,0,0,0,0,0,0,0,0,0,0,0,0
ASV265,0,0,0,0.000208607,0,0.000445622,0.001167553,0,0,0,0,0,0,0,0.000468906,0,0,0,0,0.000891398,0,0.003282378,0,0.0002906,0.00121022,0,0.000396275,0,0,0,0,0,0,0,0,0.000252309
ASV430,0,0.008766056,0,0,0,0,0,0,0,0,0,0,0,0,0,0,0,0,0,0,0,0,0,0,0,0,0,0,0,0,0,0,0,0,0,0
ASV1866,0,0,0,0,0,0.000691887,0,0,0,0,0,0,0,0,0,0,0,0,0,0,0,0.002063209,0,0,0,0.001870557,0,0,0,0,0.00429731,0,0,0,0,0
ASV1170,0,0,0,0,0,0,0,0,0,0,0.007065336,0,0,0,0.002080769,0,0,0,0,0,0,0,0,0,0,0,0,0,0,0,0,0,0,0,0,0
ASV616,0,0,0,0,0,0,0,0,0,0,0,0,0,0,0,0,0,0,0,0.009161591,0,0,0,0,0,0,0,0,0,0,0,0,0,0,0,0
ASV72,0,0,0,0,0,0.007587307,0.001059779,0,0,0,0,0,0,0,0,0,0,0,0,0,0,0,0,0,0.000537875,0,0,0,0,0,0,0,0,0,0,0
ASV968,0,0,0,0,0.009207206,0,0,0,0,0,0,0,0,0,0,0,0,0,0,0,0,0,0,0,0,0,0,0,0,0,0,0,0,0,0,0
ASV368,0,0,0,0.00868128,0,0,0,0,0,0,0,0,0,0,0,0,0,0,0,0,0,0,0,0.000670616,0,0,0,0,0,0,0,0,0,0,0,0
ASV1448,0,0,0,0,0,0,0,0,0,0,0,0,0,0,0,0,0,0,0,0,0,0,0,0,0,0.009352787,0,0,0,0,0,0,0,0,0,0
ASV1393,0,0,0,0,0,0,0,0,0,0,0,0,0,0,0,0,0,0,0,0,0,0,0,0,0,0,0.009708738,0,0,0,0,0,0,0,0,0
ASV431,0,0,0,0,0,0,0,0,0,0,0,0,0,0,0,0,0,0.007720105,0,0,0,0,0,0.002302448,0,0,0,0,0,0,0,0,0,0,0,7.57E-05
ASV811,0,0,0,0,0,0,0,0,0,0,0,0,0,0,0,0,0,0,0,0,0,0,0,0.010260422,0,0,0,0,0,0,0,0,0,0,0,0
ASV87,0,0.010318378,0,0,0,0,0,0,0,0,0,0,0,0,0,0,0,0,0,0,0,0,0,0,0,0,0,0,0,0,0,0,0,0,0,0
ASV870,0,0,0,0,0.0106237,0,0,0,0,0,0,0,0,0,0,0,0,0,0,0,0,0,0,0,0,0,0,0,0,0,0,0,0,0,0,0
ASV832,0,0,0,0,0,0,0,0,0,0,0,0,0,0.010718514,0,0,0,0,0,0,0,0,0,0,0,0,0,0,0,0,0,0,0,0,0,0
ASV1298,0,0,0,0,0,0,0,0,0,0,0,0,0,0.007914252,0,0,0,0,0,0,0,0,0,0.003062479,0,0,0,0,0,0,0,0,0,0,0,0
ASV717,0,0,0,0,0.001018105,0,0,0,0,0,0,0,0,0,0,0,0.000472639,0,0,0,0,0,0.009660502,0,0,0,0,0,0,0,0,0,0,0,0,0
ASV788,0,0,0,0,0,0,0,0,0,0,0,0,0,0,0,0,0,0,0,0.011390086,0,0,0,0,0,0,0,0,0,0,0,0,0,0,0,0
ASV1202,0,0,0,0,0,0,0,0,0,0,0,0,0,0,0,0.000466237,0.010975738,0,0,0,0,0,0,0,0,0,0,0,0,0,0,0,0,0,0,0
ASV1532,0,0,0,0,0,0,0,0,0,0,0,0,0,0,0,0,0,0,0,0,0,0,0,0,0,0,0,0,0.000570595,0,0,0,0,0.010981734,0,0
ASV1379,0,0,0,0,0,0,0,0,0,0,0,0,0,0,0,0,0,0,0,0,0,0,0,0,0,0,0,0,0,0,0,0,0,0,0.011604577,0
ASV1492,0,0,0,0,0,0,0,0,0,0,0,0,0,0,0,0,0,0,0,0,0,0,0,0,0,0,0,0,0,0,0,0,0.011692127,0,0,0
ASV309,0,0,0,0,0,0.000879518,0.011406093,0,0,0,0,0,0,0,0,0,0,0,0,0,0,0,0,0,0,0,0,0,0,0,0,0,0,0,0,0
ASV676,0.003894316,0,0,0,0,0,0.004310964,0,0,0,0,0,0,0.000934754,0,0,0,0,0,0,0,0,0,0.003196602,0,0,0,0,0,0,0,0,0,0,0,0
ASV509,0,0.012768613,0,0,0,0,0,0,0,0,0,0,0,0,0,0,0,0,0,0,0,0,0,0,0,0,0,0,0,0,0,0,0,0,0,0
ASV1299,0,0,0,0,0,0,0,0,0,0,0,0,0,0,0,0,0,0,0,0.013420492,0,0,0,0,0,0,0,0,0,0,0,0,0,0,0,0
ASV187,0,0,0,0,0,0,0,0,0,0,0,0.013490879,0,0,0,0,0,0,0,0,0,0,0,0,0,0,0,0,0,0,0,0,0,0,0,0
ASV609,0,0,0,0,0,0,0,0.002304782,0,0,0,0,0,0,0,0,0,0,0,0.011241519,0,0,0,0,0,0,0,0,0,0,0,0,0,0,0,0
ASV320,0,0,0,0,0,0,0.014118408,0,0,0,0,0,0,0,0,0,0,0,0,0,0,0,0,0,0,0,0,0,0,0,0,0,0,0,0,0
ASV1286,0,0,0,0,0,0,0,0,0,0,0,0,0,0,0,0,0,0,0,0,0,0,0,0,0,0,0,0,0,0,0,0,0,0,0.014207472,0
ASV554,0,0,0,0,0,0,0.006681995,0,0,0,0,0,0,0.002617312,0,0,0,0,0,0,0,0.000656476,0,0.004336649,0,0,0,0,0,0,0,0,0,0,0,0
ASV398,0,0,0,0,0,0,0,0,0,0,0,0,0,0,0,0,0.000525155,0,0,0,0,0,0,0,0,0,0.013829998,0,0,0,0,0,0,0,0,0
ASV901,0,0,0,0,0,0,0,0,0,0,0,0,0,0,0,0,0,0,0,0,0,0,0,0,0,0,0.014582921,0,0,0,0,0,0,0,0,0
ASV308,0,0,0,0,0,0,0,0,0,0,0,0,0,0,0,0,0,0,0,0,0,0,0,0,0,0.014590348,0,0,0,0,0,0,0,0,0,0
ASV889,0,0,0,0,0,0,0,0,0,0,0,0,0,0,0,0,0,0,0,0,0,0,0,0,0,0,0,0,0,0,0.015438485,0,0,0,0,0
ASV1377,0,0,0,0,0,0,0,0,0,0,0,0,0,0.015516919,0,0,0,0,0,0,0,0,0,0,0,0,0,0,0,0,0,0,0,0,0,0
ASV560,0,0,0,0,0,0,0,0.011398652,0,0,0,0,0,0,0.004513217,0,0,0,0,0,0,0,0,0,0,0,0,0,0,0,0,0,0,0,0,0
ASV1261,0,0,0,0,0,0,0,0,0,0,0,0,0.016644042,0,0,0,0,0,0,0,0,0,0,0,0,0,0,0,0,0,0,0,0,0,0,0
ASV799,0,0,0,0,0,0,0,0,0,0,0.017262729,0,0,0,0,0,0,0,0,0,0,0,0,0,0,0,0,0,0,0,0,0,0,0,0,0
ASV1235,0,0,0,0,0,0,0,0,0,0,0,0,0,0.017573378,0,0,0,0,0,0,0,0,0,0,0,0,0,0,0,0,0,0,0,0,0,0
ASV372,0,0.018049553,0,0,0,0,0,0,0,0,0,0,0,0,0,0,0,0,0,0,0,0,0,0,0,0,0,0,0,0,0,0,0,0,0,0
ASV886,0,0,0,0,0,0,0,0,0,0,0,0,0,0,0,0,0,0,0,0,0,0,0,0,0,0.018082055,0,0,0,0,0,0,0,0,0,0
ASV219,0,0,0,0,0,0,0,0,0,0,0,0,0,0,0,0,0,0,0,0,0,0,0,0,0.002420439,0,0.015969883,0,0,0,0,0,0,0,0,0
ASV779,0,0,0,0,0,0,0,0,0,0,0.018719499,0,0,0,0,0,0,0,0,0,0,0,0,0,0,0,0,0,0,0,0,0,0,0,0,0
ASV996,0,0,0,0,0,0,0,0,0,0,0,0,0,0,0,0,0,0,0,0,0,0,0,0,0,0.019827909,0,0,0,0,0,0,0,0,0,0
ASV418,0,0,0,0,0,0,0,0.019866222,0,0,0,0,0,0,0,0,0,0,0,0,0,0,0,0,0,0,0,0,0,0,0,0,0,0,0,0
ASV747,0,0,0,0,0,0,0.000287398,0,0,0,0,0,0,0,0,0,0,0,0,0,0,0,0,0,0.019722098,0,0,0,0,0,0,0,0,0,0,0
ASV1080,0,0,0,0,0,0,0,0,0,0,0,0,0.020244349,0,0,0,0,0,0,0,0,0,0,0,0,0,0,0,0,0,0,0,0,0,0,0
ASV293,0,0,0,0.020283064,0,0,0,0,0,0,0,0,0,0,0,0,0,0,0,0,0,0,0,0,0,0,0,0,0,0,0,0,0,0,0,0
ASV391,0,0,0,0,0.005488912,0,0,0,0,0,0,0,0,0,0,0,0,0,0,0,0,0,0.014794369,0,0,0,0,0,0,0,0,0,0,0,0,0
ASV1009,0,0,0,0,0,0,0,0,0,0,0,0,0,0.000498536,0,0,0,0,0,0.011241519,0,0.008346619,0,0.000782385,0,0,0,0,0,0,0,0,0,0,0,0
ASV918,0,0,0,0,0,0,0,0,0,0,0,0,0,0,0,0,0,0,0,0.009359679,0,0.008627966,0.001214463,0.001855371,0,0,0,0,0,0,0,0,0,0,0,0
ASV641,0,0,0,0,0,0,0,0,0,0,0,0,0,0,0,0,0,0,0,0,0,0,0,0,0,0,0.021121458,0,0,0,0,0,0,0,0,0
ASV543,0,0,0,0,0,0.000269719,0,0,0,0,0,0,0,0.001807191,0,0,0,0,0,0,0,0.014630029,0,0,0,0,0,0,0,0.005240987,0,0,0,0,0,0
ASV1127,0,0,0,0,0,0,0,0,0,0,0.020904654,0,0,0,0,0.001515269,0,0,0,0,0,0,0,0,0,0,0,0,0,0,0,0,0,0,0,0
ASV477,0,0,0,0,0,0,0,0.022847408,0,0,0,0,0,0,0,0,0,0,0,0,0,0,0,0,0,0,0,0,0,0,0,0,0,0,0,0
ASV471,0,0,0,0,0,0,0,0,0,0,0,0,0,0.02405434,0,0,0,0,0,0,0,0,0,0,0,0,0,0,0,0,0,0,0,0,0,0
ASV669,0,0,0,0,0,0,0.001508837,0,0,0,0,0,0,0,0,0,0,0,0,0,0,0,0,0,0.023128642,0,0,0,0,0,0,0,0,0,0,0
ASV234,0,0,0.026598458,0,0,0,0,0,0,0,0,0,0,0,0,0,0,0,0,0,0,0,0,0,0,0,0,0,0,0,0,0,0,0,0,0
ASV175,0,0,0,0,0.027533088,0,0,0,0,0,0,0,0,0,0,0,0,0,0,0,0,0,0,0,0,0,0,0,0,0,0,0,0,0,0,0
ASV685,0,0,0,0,0,0,0,0,0.006758843,0,0,0,0,0,0,0,0,0,0.011129461,0,0,0,0,0,0,0,0,0,0.002282381,0.001665361,0,0,0,0,0.007103736,0
ASV199,0,0,0.030666134,0,0,0,0,0,0,0,0,0,0,0,0,0,0,0,0,0,0,0,0,0,0,0,0,0,0,0,0,0,0,0,0,0
ASV148,0,0,0,0,0,0,0,0,0,0,0,0,0,0,0,0,0,0,0,0,0,0,0,0,0,0,0,0.032585108,0,0,0,0,0,0,0,0
ASV170,0,0,0,0,0,0.002404015,0.002963788,0,0.001235119,0,0,0.003319426,0,0.004237552,0,0,0,0.00043802,0.001005242,0,0,0.010972522,0,0,0.000717167,0,0,0,0,0.002155172,0,0,0,0,0,0.004062169
ASV659,0,0,0,0,0,0,0,0,0,0,0.033797072,0,0,0,0,0,0,0,0,0,0,0,0,0,0,0,0,0,0,0,0,0,0,0,0,0
ASV165,0,0,0,0.034099297,0,0,0,0,0,0,0,0,0,0,0,0,0,0,0,0,0,0,0,0,0,0,0,0,0,0,0,0,0,0,0,0
ASV168,0,0,0.034430457,0,0,0,0,0,0,0,0,0,0,0,0,0,0,0,0,0,0,0,0,0,0,0,0,0,0,0,0,0,0,0,0,0
ASV274,0,0,0,0,0,0,0,0.034521632,0,0,0,0,0,0,0,0,0,0,0,0,0,0,0,0,0,0,0,0,0,0,0,0,0,0,0,0
ASV694,0,0,0,0,0,0,0,0,0,0,0,0,0,0,0,0,0,0,0,0,0,0,0,0,0,0,0,0,0.036074304,0,0,0,0,0,0,0
ASV152,0,0,0.036291935,0,0,0,0,0,0,0,0,0,0,0,0,0,0,0,0,0,0,0,0,0,0,0,0,0,0,0,0,0,0,0,0,0
ASV267,0,0,0,0,0,0,0,0.002755718,0,0,0,0.002405823,0,0,0,0,0,0,0,0,0,0,0,0,0,0,0,0,0,0,0.024033105,0,0,0,0.005910742,0.001211081
ASV294,0,0,0,0,0,0,0,0.036475687,0,0,0,0,0,0,0,0,0,0,0,0,0,0,0,0,0,0,0,0,0,0,0,0,0,0,0,0
ASV523,0,0,0,0,0,0,0,0,0,0,0,0,0,0,0,0,0,0,0,0,0,0,0,0,0,0,0,0,0,0.03987069,0,0,0,0,0,0
ASV534,0,0,0,0,0,0,0,0,0,0,0,0,0.004367585,0,0,0,0,0,0,0,0,0,0,0,0,0,0,0,0,0,0,0,0,0.036035539,0,0
ASV128,0,0,0.04209699,0,0,0,0,0,0,0,0,0,0,0,0,0,0,0,0,0,0,0,0,0,0,0,0,0,0,0,0,0,0,0,0,0
ASV163,0,0,0,0,0,0.000433895,0,0.037828494,0,0,0,0,0,0,0,0,0,0,0,0,0,0,0,0,0,0,0,0,0,0,0,0,0,0,0,0.005651713
ASV437,0,0,0,0,0.044309681,0,0,0,0,0,0,0,0,0,0,0,0,0,0,0,0,0,0,0,0,0,0,0,0,0,0,0,0,0,0,0
ASV57,0,0,0,0,0.001593555,0.005042569,0,0.000926923,0.011939479,0,0,0,0,0.004798405,0,0,0,0,0,0,0,0,0,0.001900078,0.011564321,0,0,0,0,0,0,0,0,0,0,0.00701418
ASV204,0,0,0,0,0,0,0,0,0,0,0,0,0,0,0,0,0,0,0,0,0,0,0.044990339,0,0,0,0,0,0,0,0,0,0,0,0,0
ASV484,0,0,0,0,0,0,0,0,0,0,0,0,0,0,0,0,0,0,0.046097508,0,0,0,0,0,0,0,0,0,0,0,0,0,0,0,0,0
ASV153,0.004465035,0,0,0,0.000796777,0,0,0,0.001132192,0.002346652,0,0,0,0,0.000967118,0,0,0,0,0,0,0,0,0.001609478,0,0.017146776,0.009629483,0,0.000253598,0.005975705,0.001432437,0.001538166,0.000822562,0,0,0
ASV103,0,0,0.048453594,0,0,0,0,0,0,0,0,0,0,0,0,0,0,0,0,0,0,0,0,0,0,0,0,0,0,0,0,0,0,0,0,0
ASV302,0,0,0,0,0,0,0,0,0.049473359,0,0,0,0,0,0,0,0,0,0,0,0,0,0,0,0,0,0,0,0,0,0,0,0,0,0,0
ASV99,0,0,0.050714946,0,0,0,0,0,0,0,0,0,0,0,0,0,0,0,0,0,0,0,0,0,0,0,0,0,0,0,0,0,0,0,0,0
ASV257,0,0,0,0,0,0,0,0,0.051772052,0,0,0,0,0,0,0,0,0,0,0.000544743,0,0,0,0,0,0,0,0,0,0,0,0,0,0,0,0.000731695
ASV410,0,0,0,0,0,0,0,0,0,0,0,0,0,0,0,0,0,0,0,0,0,0,0,0,0,0,0,0,0,0.053144592,0,0,0,0,0,0
ASV88,0,0,0,0,0,0,0,0,0,0.060608886,0,0,0,0,0,0,0,0,0,0,0,0,0,0,0,0,0,0,0,0,0,0,0,0,0,0
ASV108,0,0,0,0,0,0,0.061054031,0,0,0,0,0,0,0,0,0,0,0,0,0,0,0,0,0,0,0,0,0,0,0,0,0,0,0,0,0
ASV228,0,0,0,0,0,0,0,0,0,0,0,0,0,0,0,0,0.001522949,0.00043802,0,0.017481305,0.041364296,0,0,0.000469431,0,0,0,0,0,0,0,0,0,0,0,0
ASV55,0,0,0,0.064379473,0,0,0,0,0,0,0,0,0,0,0,0,0,0,0,0,0,0,0,0,0,0,0,0,0,0,0,0,0,0,0,0
ASV47,0,0,0,0.069482333,0,0,0,0,0,0,0,0,0,0,0,0,0,0,0,0,0,0,0,0,0,0,0,0,0,0,0,0,0,0,0,0
ASV61,0,0,0,0,0.070647603,0,0,0,0,0,0,0,0,0,0,0,0,0,0,0,0,0,0,0,0,0,0,0,0,0,0,0,0,0,0,0
ASV282,0,0,0,0,0,0,0,0,0,0,0,0,0,0,0,0,0,0,0,0,0,0,0,0,0,0,0,0,0,0,0,0.075033647,0,0,0,0
ASV235,0.052203982,0,0,0,0,0,0,0,0,0,0,0,0,0.023181903,0,0,0,0,0,0,0,0,0,0,0,0,0,0,0,0,0,0,0,0,0,0
ASV14,0,0.085088574,0,0,0,0,0,0,0,0,0,0,0,0,0,0,0,0,0,0,0,0,0,0,0,0,0,0,0,0,0,0,0,0,0,0
ASV107,0,0,0,0,0,0,0,0,0,0,0,0,0,0,0,0,0,0,0,0,0,0,0,0,0,0,0,0,0,0,0,0,0,0,0,0.086466165
ASV15,0,0,0,0.096184088,0,0,0,0,0,0,0,0,0,0,0,0,0,0,0,0,0,0,0,0,0,0,0,0,0,0,0,0,0,0,0,0
ASV43,0,0.101281427,0,0,0,0,0,0,0,0,0,0,0,0,0,0,0,0,0,0,0,0,0,0,0,0,0,0,0,0,0,0,0,0,0,0
ASV217,0,0,0,0,0,0,0,0,0,0,0,0,0,0,0,0,0,0,0.108709701,0,0,0,0,0,0,0,0,0,0,0,0,0,0,0,0,0
ASV34,0,0,0,0,0.119206764,0,0,0,0,0,0,0,0,0,0,0,0,0,0,0,0,0,0,0,0,0,0,0,0,0,0,0,0,0,0,0
ASV142,0,0,0,0,0,0,0,0,0,0,0,0,0,0,0,0,0,0,0.146190852,0,0,0,0,0,0,0,0,0,0,0,0,0,0,0,0,0
ASV19,0,0,0.151427823,0,0,0,0,0,0,0,0,0,0,0,0,0,0,0,0,0,0,0,0,0,0,0,0,0,0,0,0,0,0,0,0,0
ASV74,0,0,0,0,0,0,0,0,0,0,0,0,0,0,0,0,0,0,0,0,0,0,0,0,0,0,0.159144046,0,0,0,0,0,0,0,0,0
ASV63,0.162151274,0,0,0,0,0,0,0,0.006621608,0,0,0,0,0,0,0,0,0,0,0,0,0,0,0.001453001,0,0,0,0,0,0,0.002387395,0,0,0,0,0
ASV146,0,0,0,0,0,0,0,0,0,0,0,0,0,0,0.001230877,0,0,0.001204555,0.174768435,0.001238053,0,0,0,0,0.001837741,0,0,0,0,0,0,0,0,0,0,0
ASV109,0,0,0,0,0,0,0,0,0,0,0,0,0,0,0,0,0,0,0,0,0,0.23051674,0,0,0,0,0,0,0,0,0,0,0,0,0,0
ASV24,0.163695572,0,0,0,0,0,0.066424774,0,0,0,0,0,0,0.029413598,0,0,0,0,0,0,0,0,0,0,0,0,0,0,0,0,0,0,0,0,0,0
ASV16,0,0,0,0,0,0,0,0,0,0,0,0,0,0,0,0,0,0,0,0,0,0,0,0,0.448050202,0,0,0,0,0,0,0,0,0,0,0