,1239-5-10-amf,1250-5-10-amf,13-5-10-amf,1387-5-10-amf,522-5-10-amf,672-5-10-amf,717-5-10-amf,856-5-10-amf,98-5-10-amf,1859-5-10-AMF,1601-5-10-AMF,1619-5-10-AMF,1832-5-10-AMF,1850-5-10-AMF,1875-5-10-AMF,1973-5-10-AMF,2355-5-10-AMF,2398-5-10-AMF,2500-5-10-AMF,2537-5-10-AMF,2597-5-10-AMF,2629-5-10-AMF,2893-5-10-AMF,2923-5-10-AMF,2869-5-10-AMF,3239-5-10-AMF,3381-5-10-AMF,3409-5-10-AMF,3667-5-10-AMF,3682-5-10-AMF,3779-5-10-AMF,3907-5-10-AMF,473-5-10-AMF,554-5-10-AMF
ASV2343,0,0,0,0,0,0,0,0,0,0,0,0,0,0,0,0,0,0,0,0,0.000164908,0,0,0,0,0,0,0,0,0,0,0,0,0
ASV3562,0,0.000227299,0,0,0,0,0,0,0,0,0,0,0,0,0,0,0,0,0,0,0,0,0,0,0,0,0,0,0,0,0,0,0,0
ASV3736,0,0,0,0,0,0,0,0,0,0,0,0,0,0,0,0,0,0,0,0,0,0,0,0,0,0,0,0,0.000240674,0,0,0,0,0
ASV3007,0,0,0,0,0,0,0,0,0,0,0,0,0,0,0,0,0,0,0,0,0,0,0,0,0,0,0.000359324,0,0,0,0,0,0,0
ASV2901,0,0,0,0,0,0,0,0,0,0,0,0,0,0,0,0,0,0,0,0,0,0,0,0,0,0,0,0,0,0,0.000412882,0,0,0
ASV3142,0,0,0,0,0,0,0,0,0,0,0,0.000561798,0,0,0,0,0,0,0,0,0,0,0,0,0,0,0,0,0,0,0,0,0,0
ASV3002,0,0.000340948,0.000313824,0,0,0,0,0,0,0,0,0,0,0,0,0,0,0,0,0,0,0,0,0,0,0,0,0,0,0,0,0,0,0
ASV1748,0,0,0,0,0,0,0,0,0,0,0,0,0,0,0,0,0,0,0,0,0,0,0,0,0,0.000426803,0,0,0.000240674,0,0,0,0,0
ASV3272,0,0,0,0,0,0,0,0,0,0,0,0,0,0.00026062,0,0,0,0,0,0,0,0,0,0,0,0,0,0,0,0,0.000412882,0,0,0
ASV2388,0,0,0,0,0,0,0,0,0,0,0,0,0,0,0,0,0,0,0,0,0,0,0,0,0,0,0.000359324,0,0,0,0.000412882,0,0,0
ASV3408,0,0,0.000470736,0,0,0,0,0,0.000357654,0,0,0,0,0,0,0,0,0,0,0,0,0,0,0,0,0,0,0,0,0,0,0,0,0
ASV603,0,0,0,0,0,0,0,0,0,0,0,0,0,0,0,0,0,0,0,0,0,0,0,0,0.000846262,0,0,0,0,0,0,0,0,0
ASV2781,0,0.000909194,0,0,0,0,0,0,0,0,0,0,0,0,0,0,0,0,0,0,0,0,0,0,0,0,0,0,0,0,0,0,0,0
ASV3121,0,0,0.000941472,0,0,0,0,0,0,0,0,0,0,0,0,0,0,0,0,0,0,0,0,0,0,0,0,0,0,0,0,0,0,0
ASV3593,0,0,0,0,0,0,0,0,0,0,0,0,0,0,0,0,0,0,0,0,0,0,0,0,0,0,0,0,0,0,0,0,0.000947867,0
ASV1124,0,0,0,0,0,0,0,0,0,0,0,0,0,0,0,0,0,0,0,0,0,0,0,0,0,0,0,0,0,0,0,0.000985869,0,0
ASV1875,0,0,0,0,0,0,0,0,0,0,0,0,0,0,0,0,0,0,0,0,0.000989446,0,0,0,0,0,0,0,0,0,0,0,0,0
ASV2462,0,0,0,0,0,0,0,0,0,0,0,0,0,0,0,0,0,0,0,0,0,0,0.000717618,0,0.000282087,0,0,0,0,0,0,0,0,0
ASV1885,0,0,0,0,0,0,0,0,0,0,0,0,0,0,0,0,0,0,0.00109549,0,0,0,0,0,0,0,0,0,0,0,0,0,0,0
ASV1805,0,0,0,0,0,0,0,0,0,0,0,0,0,0,0,0,0,0,0,0,0,0,0,0,0.00112835,0,0,0,0,0,0,0,0,0
ASV3685,0,0.001136493,0,0,0,0,0,0,0,0,0,0,0,0,0,0,0,0,0,0,0,0,0,0,0,0,0,0,0,0,0,0,0,0
ASV2413,0,0,0,0,0,0,0,0,0,0,0,0,0,0,0,0,0,0,0,0,0,0,0,0,0,0,0,0,0.001203369,0,0,0,0,0
ASV2914,0,0,0,0,0,0,0,0,0,0,0,0,0.000749064,0,0,0,0,0,0,0,0.000494723,0,0,0,0,0,0,0,0,0,0,0,0,0
ASV3521,0,0.001250142,0,0,0,0,0,0,0,0,0,0,0,0,0,0,0,0,0,0,0,0,0,0,0,0,0,0,0,0,0,0,0,0
ASV2799,0,0,0.000941472,0,0,0,0,0,0,0,0,0,0,0,0,0,0,0,0,0,0,0,0,0,0.000564175,0,0,0,0,0,0,0,0,0
ASV2409,0,0,0,0,0,0,0,0,0,0,0,0,0,0,0,0,0,0,0,0,0,0,0,0,0.001551481,0,0,0,0,0,0,0,0,0
ASV3411,0,0,0,0.001393922,0,0,0,0,0,0,0,0,0,0,0,0,0,0,0,0,0,0,0,0,0,0,0,0,0.000240674,0,0,0,0,0
ASV3811,0,0,0,0,0,0,0,0,0,0,0,0,0,0,0,0,0,0,0,0,0.001649077,0,0,0,0,0,0,0,0,0,0,0,0,0
ASV1432,0,0.001704739,0,0,0,0,0,0,0,0,0,0,0,0,0,0,0,0,0,0,0,0,0,0,0,0,0,0,0,0,0,0,0,0
ASV814,0,0,0.001726032,0,0,0,0,0,0,0,0,0,0,0,0,0,0,0,0,0,0,0,0,0,0,0,0,0,0,0,0,0,0,0
ASV1905,0,0,0.001726032,0,0,0,0,0,0,0,0,0,0,0,0,0,0,0,0,0,0,0,0,0,0,0,0,0,0,0,0,0,0,0
ASV3133,0,0,0,0,0,0,0,0,0,0,0,0,0,0,0,0,0,0,0,0,0,0,0.001794044,0,0,0,0,0,0,0,0,0,0,0
ASV3417,0,0,0.000156912,0,0,0,0,0,0,0,0,0,0,0,0,0,0,0,0,0,0,0,0,0.000333,0,0,0,0,0,0,0,0.001314492,0,0
ASV2093,0,0,0,0,0,0,0,0,0,0,0,0,0,0,0,0,0,0,0,0,0,0,0,0,0,0,0,0,0.001925391,0,0,0,0,0
ASV2549,0,0,0,0,0,0,0.000718391,0,0,0,0,0,0,0,0,0,0,0,0,0,0,0,0,0,0,0,0,0,0,0,0.001238646,0,0,0
ASV3214,0,0,0.002039856,0,0,0,0,0,0,0,0,0,0,0,0,0,0,0,0,0,0,0,0,0,0,0,0,0,0,0,0,0,0,0
ASV2811,0,0,0,0,0,0,0,0,0,0,0,0.002059925,0,0,0,0,0,0,0,0,0,0,0,0,0,0,0,0,0,0,0,0,0,0
ASV437,0,0,0,0,0,0,0,0,0,0,0,0,0,0,0,0,0,0,0,0,0,0,0,0,0,0,0,0,0,0,0,0,0.002132701,0
ASV3307,0,0,0,0,0,0,0,0,0,0,0,0,0,0,0,0,0,0,0,0,0.002143799,0,0,0,0,0,0,0,0,0,0,0,0,0
ASV1645,0,0,0.00078456,0,0,0,0,0,0,0,0,0,0,0,0,0,0,0,0,0,0,0,0,0,0.000141044,0,0,0,0,0,0.001238646,0,0,0
ASV2717,0,0,0,0,0,0,0,0,0,0,0,0,0,0,0,0,0,0,0,0,0,0,0,0,0.000705219,0,0,0,0,0.00151653,0,0,0,0
ASV2527,0,0.002272986,0,0,0,0,0,0,0,0,0,0,0,0,0,0,0,0,0,0,0,0,0,0,0,0,0,0,0,0,0,0,0,0
ASV2632,0,0,0,0,0,0,0,0,0,0,0,0,0,0,0,0,0,0,0,0,0,0,0,0,0,0,0,0,0,0,0,0.002300361,0,0
ASV2978,0,0,0.00235368,0,0,0,0,0,0,0,0,0,0,0,0,0,0,0,0,0,0,0,0,0,0,0,0,0,0,0,0,0,0,0
ASV3056,0,0,0,0,0,0,0,0,0,0,0,0,0,0,0,0,0,0,0,0,0.002473615,0,0,0,0,0,0,0,0,0,0,0,0,0
ASV1677,0,0,0,0,0,0,0,0,0,0,0,0,0,0,0,0,0,0,0,0,0.000824538,0,0,0,0.001692525,0,0,0,0,0,0,0,0,0
ASV3774,0,0,0,0,0,0,0,0,0,0,0,0,0,0.002606203,0,0,0,0,0,0,0,0,0,0,0,0,0,0,0,0,0,0,0,0
ASV3775,0,0,0,0,0,0,0,0,0,0,0,0,0,0.002606203,0,0,0,0,0,0,0,0,0,0,0,0,0,0,0,0,0,0,0,0
ASV3784,0,0,0,0,0,0,0,0,0,0,0,0,0,0,0,0.002777778,0,0,0,0,0,0,0,0,0,0,0,0,0,0,0,0,0,0
ASV2211,0,0.002841232,0,0,0,0,0,0,0,0,0,0,0,0,0,0,0,0,0,0,0,0,0,0,0,0,0,0,0,0,0,0,0,0
ASV2212,0,0.002841232,0,0,0,0,0,0,0,0,0,0,0,0,0,0,0,0,0,0,0,0,0,0,0,0,0,0,0,0,0,0,0,0
ASV3416,0,0,0,0,0,0,0.002873563,0,0,0,0,0,0,0,0,0,0,0,0,0,0,0,0,0,0,0,0,0,0,0,0,0,0,0
ASV2636,0,0,0,0,0,0,0,0,0,0,0,0,0,0,0,0,0,0,0,0,0,0,0,0,0,0,0.002874596,0,0,0,0,0,0,0
ASV2077,0,0,0,0,0,0,0,0,0,0.001678556,0.000638162,0,0,0,0.00061237,0,0,0,0,0,0,0,0,0,0,0,0,0,0,0,0,0,0,0
ASV1063,0,0.002954881,0,0,0,0,0,0,0,0,0,0,0,0,0,0,0,0,0,0,0,0,0,0,0,0,0,0,0,0,0,0,0,0
ASV2615,0,0,0.002981327,0,0,0,0,0,0,0,0,0,0,0,0,0,0,0,0,0,0,0,0,0,0,0,0,0,0,0,0,0,0,0
ASV1814,0,0,0,0,0,0,0,0,0,0,0,0.002996255,0,0,0,0,0,0,0,0,0,0,0,0,0,0,0,0,0,0,0,0,0,0
ASV3536,0,0,0,0.003066629,0,0,0,0,0,0,0,0,0,0,0,0,0,0,0,0,0,0,0,0,0,0,0,0,0,0,0,0,0,0
ASV795,0,0.003068531,0,0,0,0,0,0,0,0,0,0,0,0,0,0,0,0,0,0,0,0,0,0,0,0,0,0,0,0,0,0,0,0
ASV3446,0,0,0,0,0,0,0,0,0,0,0,0,0,0.003127443,0,0,0,0,0,0,0,0,0,0,0,0,0,0,0,0,0,0,0,0
ASV2534,0,0,0.003138239,0,0,0,0,0,0,0,0,0,0,0,0,0,0,0,0,0,0,0,0,0,0,0,0,0,0,0,0,0,0,0
ASV2292,0,0,0,0,0,0,0,0,0,0,0,0,0,0,0,0,0,0,0,0,0,0,0.000717618,0,0,0,0.002515271,0,0,0,0,0,0,0
ASV2894,0,0,0,0,0,0,0,0,0,0,0,0,0,0,0,0,0,0,0,0,0,0,0,0,0,0,0,0,0,0,0,0.003286231,0,0
ASV1849,0,0,0,0,0,0,0,0,0,0,0,0,0,0,0,0,0,0,0,0,0,0,0,0,0,0,0,0,0.003369434,0,0,0,0,0
ASV744,0,0,0.003452063,0,0,0,0,0,0,0,0,0,0,0,0,0,0,0,0,0,0,0,0,0,0,0,0,0,0,0,0,0,0,0
ASV2020,0,0,0,0,0,0,0.000718391,0,0,0.000419639,0,0.000187266,0,0,0,0.000833333,0,0,0,0,0,0,0.000717618,0,0,0,0.000718649,0,0,0,0,0,0,0
ASV2340,0,0,0,0,0,0,0,0,0,0,0,0,0,0,0,0,0,0,0,0.003255562,0,0,0,0,0,0,0,0,0.000481348,0,0,0,0,0
ASV1358,0,0.000227299,0,0.001672707,0,0,0,0,0,0,0,0,0,0,0,0,0,0,0,0,0,0,0,0,0.001974612,0,0,0,0,0,0,0,0,0
ASV3338,0,0,0,0,0,0,0,0,0,0,0,0,0,0,0,0,0,0,0,0,0,0,0,0,0,0,0,0,0,0.003942978,0,0,0,0
ASV3339,0,0,0,0,0,0,0,0,0,0,0,0,0,0,0,0,0,0,0,0,0,0,0,0,0,0,0,0,0,0.003942978,0,0,0,0
ASV1807,0,0,0.000627648,0,0,0,0,0,0,0,0,0.001872659,0,0,0,0,0,0,0,0,0,0,0,0,0,0,0,0,0,0.000303306,0,0,0.001184834,0
ASV3474,0,0,0,0,0,0,0,0,0,0,0,0,0,0,0,0,0,0,0,0,0,0,0,0.003996004,0,0,0,0,0,0,0,0,0,0
ASV2200,0,0,0,0,0,0,0,0,0,0,0,0,0,0,0,0,0,0,0,0,0,0,0,0,0,0,0,0,0,0.004246285,0,0,0,0
ASV2552,0,0,0,0,0,0,0,0,0.000715308,0,0.001914486,0,0,0,0,0,0,0,0,0.001627781,0,0,0,0,0,0,0,0,0,0,0,0,0,0
ASV3353,0,0,0,0,0,0,0,0,0,0,0,0,0,0,0,0,0,0,0,0,0,0,0,0,0,0,0,0,0,0,0,0.0042721,0,0
ASV3396,0,0,0,0,0,0,0,0.004291845,0,0,0,0,0,0,0,0,0,0,0,0,0,0,0,0,0,0,0,0,0,0,0,0,0,0
ASV2185,0,0,0,0,0,0,0,0,0,0,0,0,0.004494382,0,0,0,0,0,0,0,0,0,0,0,0,0,0,0,0,0,0,0,0,0
ASV1664,0,0.004545971,0,0,0,0,0,0,0,0,0,0,0,0,0,0,0,0,0,0,0,0,0,0,0,0,0,0,0,0,0,0,0,0
ASV3078,0,0,0,0,0,0,0,0,0,0,0,0,0,0,0,0,0,0,0,0,0,0,0,0,0,0,0,0,0,0.004549591,0,0,0,0
ASV1525,0,0,0,0,0,0,0,0,0,0,0,0.004681648,0,0,0,0,0,0,0,0,0,0,0,0,0,0,0,0,0,0,0,0,0,0
ASV2235,0,0,0,0,0,0,0,0,0,0,0,0.004681648,0,0,0,0,0,0,0,0,0,0,0,0,0,0,0,0,0,0,0,0,0,0
ASV1972,0,0,0.004707359,0,0,0,0,0,0,0,0,0,0,0,0,0,0,0,0,0,0,0,0,0,0,0,0,0,0,0,0,0,0,0
ASV1935,0,0,0.004864271,0,0,0,0,0,0,0,0,0,0,0,0,0,0,0,0,0,0,0,0,0,0,0,0,0,0,0,0,0,0,0
ASV1936,0,0,0.004864271,0,0,0,0,0,0,0,0,0,0,0,0,0,0,0,0,0,0,0,0,0,0,0,0,0,0,0,0,0,0,0
ASV1135,0,0,0.000156912,0,0,0,0,0,0,0,0,0,0,0,0.002449479,0,0,0,0,0,0.000824538,0,0,0,0,0,0,0,0.001444043,0,0,0,0,0
ASV3599,0,0,0,0,0,0,0,0,0,0,0,0,0,0,0.004286589,0,0,0,0.000182582,0,0,0,0,0,0,0,0,0,0.000481348,0,0,0,0,0
ASV2644,0,0,0,0,0,0,0,0,0,0,0,0,0,0.004951785,0,0,0,0,0,0,0,0,0,0,0,0,0,0,0,0,0,0,0,0
ASV2143,0,0,0,0,0,0,0,0,0,0,0,0.00505618,0,0,0,0,0,0,0,0,0,0,0,0,0,0,0,0,0,0,0,0,0,0
ASV504,0,0,0,0,0,0,0,0,0,0,0,0,0,0,0,0,0,0,0,0,0,0,0,0,0,0.005121639,0,0,0,0,0,0,0,0
ASV2015,0,0.001022844,0,0,0,0,0,0,0,0,0,0,0,0,0,0,0,0,0,0,0,0,0.00287047,0,0,0.00128041,0,0,0,0,0,0,0,0
ASV1866,0,0,0.005178095,0,0,0,0,0,0,0,0,0,0,0,0,0,0,0,0,0,0,0,0,0,0,0,0,0,0,0,0,0,0,0
ASV1869,0,0,0.005178095,0,0,0,0,0,0,0,0,0,0,0,0,0,0,0,0,0,0,0,0,0,0,0,0,0,0,0,0,0,0,0
ASV2570,0,0,0,0,0,0,0,0,0,0,0,0,0,0.005212406,0,0,0,0,0,0,0,0,0,0,0,0,0,0,0,0,0,0,0,0
ASV2619,0,0,0,0.005296905,0,0,0,0,0,0,0,0,0,0,0,0,0,0,0,0,0,0,0,0,0,0,0,0,0,0,0,0,0,0
ASV1833,0,0,0.005335007,0,0,0,0,0,0,0,0,0,0,0,0,0,0,0,0,0,0,0,0,0,0,0,0,0,0,0,0,0,0,0
ASV174,0,0.005341516,0,0,0,0,0,0,0,0,0,0,0,0,0,0,0,0,0,0,0,0,0,0,0,0,0,0,0,0,0,0,0,0
ASV2995,0,0,0,0,0,0,0,0.005364807,0,0,0,0,0,0,0,0,0,0,0,0,0,0,0,0,0,0,0,0,0,0,0,0,0,0
ASV3806,0,0,0,0,0,0,0,0,0,0,0,0,0,0,0,0,0,0,0,0.005425936,0,0,0,0,0,0,0,0,0,0,0,0,0,0
ASV1377,0,0,0,0,0,0,0,0,0,0,0,0.005430712,0,0,0,0,0,0,0,0,0,0,0,0,0,0,0,0,0,0,0,0,0,0
ASV1470,0,0.005455165,0,0,0,0,0,0,0,0,0,0,0,0,0,0,0,0,0,0,0,0,0,0,0,0,0,0,0,0,0,0,0,0
ASV3261,0,0,0,0,0,0,0,0,0,0.005455308,0,0,0,0,0,0,0,0,0,0,0,0,0,0,0,0,0,0,0,0,0,0,0,0
ASV3681,0.005608525,0,0,0,0,0,0,0,0,0,0,0,0,0,0,0,0,0,0,0,0,0,0,0,0,0,0,0,0,0,0,0,0,0
ASV3682,0.005608525,0,0,0,0,0,0,0,0,0,0,0,0,0,0,0,0,0,0,0,0,0,0,0,0,0,0,0,0,0,0,0,0,0
ASV3191,0,0,0,0,0,0,0,0,0,0,0,0,0,0,0,0,0,0,0,0,0,0,0,0,0,0,0,0,0,0,0.005780347,0,0,0
ASV1366,0,0,0,0,0,0,0,0,0,0,0,0,0,0,0,0,0,0,0,0,0,0,0,0,0.005782793,0,0,0,0,0,0,0,0,0
ASV2486,0,0,0,0,0,0,0,0,0,0,0,0,0,0,0,0.005833333,0,0,0,0,0,0,0,0,0,0,0,0,0,0,0,0,0,0
ASV1478,0,0,0,0,0,0,0.000718391,0,0.001072961,0.002098196,0,0,0,0,0,0,0,0,0,0,0,0,0,0,0,0,0.001796622,0,0,0,0.000412882,0,0,0
ASV1490,0,0,0,0,0,0,0,0,0,0,0,0,0,0,0,0,0,0,0,0,0,0,0.006099749,0,0,0,0,0,0,0,0,0,0,0
ASV832,0,0,0,0,0,0,0,0,0,0,0,0,0,0,0,0,0,0,0,0.004340749,0,0,0,0,0.000564175,0,0,0,0.001203369,0,0,0,0,0
ASV446,0,0,0,0,0,0,0,0,0,0,0,0,0,0,0,0.006111111,0,0,0,0,0,0,0,0,0,0,0,0,0,0,0,0,0,0
ASV2377,0,0,0,0.006133259,0,0,0,0,0,0,0,0,0,0,0,0,0,0,0,0,0,0,0,0,0,0,0,0,0,0,0,0,0,0
ASV1155,0,0.00625071,0,0,0,0,0,0,0,0,0,0,0,0,0,0,0,0,0,0,0,0,0,0,0,0,0,0,0,0,0,0,0,0
ASV3009,0,0,0,0,0,0,0,0,0,0.006294587,0,0,0,0,0,0,0,0,0,0,0,0,0,0,0,0,0,0,0,0,0,0,0,0
ASV1751,0,0,0,0,0,0,0,0,0,0,0.001276324,0,0,0,0,0,0,0,0,0,0,0,0,0,0,0,0,0,0.005054152,0,0,0,0,0
ASV762,0,0.003977725,0,0,0,0,0,0,0,0,0,0,0,0,0,0,0,0,0,0,0,0,0,0,0,0,0,0,0.002647413,0,0,0,0,0
ASV1022,0,0,0,0,0,0,0,0,0,0,0,0,0,0,0,0,0,0,0,0,0,0,0,0,0,0.006828852,0,0,0,0,0,0,0,0
ASV466,0,0,0,0,0,0,0,0,0,0,0,0,0,0,0,0,0,0,0,0,0,0,0,0,0,0.006828852,0,0,0,0,0,0,0,0
ASV2132,0,0,0,0,0,0,0.005747126,0,0,0,0,0,0,0,0,0,0,0,0,0.001085187,0,0,0,0,0,0,0,0,0,0,0,0,0,0
ASV1811,0,0,0,0,0,0,0,0.000715308,0,0,0,0,0,0,0,0,0,0.00621118,0,0,0,0,0,0,0,0,0,0,0,0,0,0,0,0
ASV1821,0,0,0,0,0,0,0,0,0,0,0,0,0,0.007036747,0,0,0,0,0,0,0,0,0,0,0,0,0,0,0,0,0,0,0,0
ASV1540,0,0,0.007061039,0,0,0,0,0,0,0,0,0,0,0,0,0,0,0,0,0,0,0,0,0,0,0,0,0,0,0,0,0,0,0
ASV667,0,0,0.007061039,0,0,0,0,0,0,0,0,0,0,0,0,0,0,0,0,0,0,0,0,0,0,0,0,0,0,0,0,0,0,0
ASV2464,0,0,0,0,0,0,0,0,0,0.007133865,0,0,0,0,0,0,0,0,0,0,0,0,0,0,0,0,0,0,0,0,0,0,0,0
ASV2546,0,0,0,0,0,0,0,0.007153076,0,0,0,0,0,0,0,0,0,0,0,0,0,0,0,0,0,0,0,0,0,0,0,0,0,0
ASV315,0,0,0,0,0,0,0,0.007153076,0,0,0,0,0,0,0,0,0,0,0,0,0,0,0,0,0,0,0,0,0,0,0,0,0,0
ASV1168,0,0.002613933,0,0,0,0,0,0,0,0,0,0,0.000374532,0,0,0,0,0,0,0,0.003133245,0,0,0,0,0,0,0.001052632,0,0,0,0,0,0
ASV3717,0,0,0,0,0,0,0.007183908,0,0,0,0,0,0,0,0,0,0,0,0,0,0,0,0,0,0,0,0,0,0,0,0,0,0,0
ASV409,0,0,0,0,0,0,0,0,0,0,0,0,0,0,0,0,0,0,0,0,0,0,0,0,0,0,0,0,0,0,0,0,0.007345972,0
ASV2452,0,0,0,0,0,0,0,0.00751073,0,0,0,0,0,0,0,0,0,0,0,0,0,0,0,0,0,0,0,0,0,0,0,0,0,0
ASV2368,0,0,0,0,0,0,0,0,0,0,0,0,0,0,0,0,0,0,0,0,0,0,0,0,0,0,0,0,0,0,0,0.007558331,0,0
ASV3124,0,0,0,0,0,0,0,0,0,0,0,0,0,0,0,0,0,0,0,0,0.000164908,0.002777778,0,0.000333,0,0,0,0.002105263,0,0,0,0,0,0.002232143
ASV1528,0,0.000227299,0,0,0,0,0.003591954,0,0,0,0,0.00093633,0,0,0,0,0,0,0,0,0,0,0,0,0,0,0.002874596,0,0,0,0,0,0,0
ASV266,0,0,0,0,0,0,0,0,0,0,0,0,0,0,0,0,0,0,0,0,0,0,0,0,0,0.007682458,0,0,0,0,0,0,0,0
ASV2720,0,0,0,0,0,0.002762431,0,0,0,0,0,0,0.002247191,0,0,0,0.00118624,0,0,0.001627781,0,0,0,0,0,0,0,0,0,0,0,0,0,0
ASV1011,0,0.007955449,0,0,0,0,0,0,0,0,0,0,0,0,0,0,0,0,0,0,0,0,0,0,0,0,0,0,0,0,0,0,0,0
ASV421,0,0,0,0,0,0,0,0,0,0,0,0,0,0,0,0,0,0,0,0,0,0,0,0,0.008039492,0,0,0,0,0,0,0,0,0
ASV3053,0,0,0,0,0,0,0,0,0,0,0,0,0,0,0,0,0,0,0,0.008138904,0,0,0,0,0,0,0,0,0,0,0,0,0,0
ASV2019,0.000560852,0,0,0.000557569,0.003891051,0,0,0,0,0,0,0,0,0,0,0,0,0,0,0,0.001813984,0,0,0,0.000141044,0,0,0,0,0,0,0,0.001184834,0
ASV938,0,0,0,0,0,0,0,0,0,0,0.002552648,0,0,0,0.00061237,0,0,0,0,0.001085187,0.000659631,0,0.001076426,0,0.001692525,0,0,0,0,0,0,0,0.000473934,0
ASV927,0,0,0,0,0,0,0,0,0,0,0,0,0,0,0,0,0,0,0,0,0,0,0,0,0.008180536,0,0,0,0,0,0,0,0,0
ASV1106,0,0,0,0,0,0,0,0,0,0,0,0,0,0.000781861,0.00061237,0.000833333,0,0,0.000182582,0,0.000329815,0,0,0.000666001,0.000564175,0.002134016,0,0.002105263,0,0,0,0,0,0
ASV1695,0,0,0,0,0,0,0,0,0.001072961,0.001258917,0.001914486,0,0,0,0.00061237,0,0,0,0,0.001085187,0.000329815,0,0,0.000333,0.000846262,0,0,0,0,0,0.000825764,0,0,0
ASV1156,0,0.008296397,0,0,0,0,0,0,0,0,0,0,0,0,0,0,0,0,0,0,0,0,0,0,0,0,0,0,0,0,0,0,0,0
ASV1822,0,0,0,0,0,0,0,0,0,0,0,0,0,0,0,0,0.008303677,0,0,0,0,0,0,0,0,0,0,0,0,0,0,0,0,0
ASV3455,0,0,0,0,0,0,0,0,0,0,0,0,0,0,0,0,0.008303677,0,0,0,0,0,0,0,0,0,0,0,0,0,0,0,0,0
ASV625,0,0,0,0,0,0,0,0,0,0,0,0,0,0.002866823,0.00183711,0,0,0,0,0,0,0,0,0.001998002,0.000705219,0,0,0.001052632,0,0,0,0,0,0
ASV1877,0,0,0,0,0,0,0,0,0,0,0,0,0,0.008600469,0,0,0,0,0,0,0,0,0,0,0,0,0,0,0,0,0,0,0,0
ASV668,0,0.002159336,0.000156912,0,0,0,0,0,0,0,0,0,0,0,0,0,0,0,0.000182582,0,0,0,0.001076426,0.000999001,0,0.000426803,0,0.001052632,0.002647413,0,0,0,0,0
ASV1692,0,0,0,0,0,0.002762431,0.003591954,0,0,0,0,0,0.000749064,0,0,0,0,0,0,0.001627781,0,0,0,0,0,0,0,0,0,0,0,0,0,0
ASV903,0,0,0.00156912,0,0,0,0,0,0,0,0,0.000374532,0,0,0,0,0,0,0,0,0,0,0,0,0.000423131,0,0,0,0,0,0,0.006572461,0,0
ASV2217,0,0,0,0,0,0,0,0.008941345,0,0,0,0,0,0,0,0,0,0,0,0,0,0,0,0,0,0,0,0,0,0,0,0,0,0
ASV1321,0,0,0.008943982,0,0,0,0,0,0,0,0,0,0,0,0,0,0,0,0,0,0,0,0,0,0,0,0,0,0,0,0,0,0,0
ASV2513,0,0,0,0,0,0,0,0,0,0,0,0,0,0,0,0,0,0,0,0,0,0,0,0,0,0.008962868,0,0,0,0,0,0,0,0
ASV1093,0,0.006818957,0,0,0,0,0.002155172,0,0,0,0,0,0,0,0,0,0,0,0,0,0,0,0,0,0,0,0,0,0,0,0,0,0,0
ASV3559,0,0,0,0,0,0.002762431,0,0,0,0,0,0,0,0,0.00061237,0,0,0,0,0,0.000164908,0.005555556,0,0,0,0,0,0,0,0,0,0,0,0
ASV3232,0,0,0,0,0,0,0.00933908,0,0,0,0,0,0,0,0,0,0,0,0,0,0,0,0,0,0,0,0,0,0,0,0,0,0,0
ASV1709,0,0,0,0,0,0,0,0,0,0,0,0,0,0,0,0,0,0,0,0,0,0,0,0,0,0,0,0,0.009386282,0,0,0,0,0
ASV1036,0,0,0,0,0,0,0,0,0,0,0,0,0,0,0,0,0,0,0,0,0,0,0,0,0,0.009389671,0,0,0,0,0,0,0,0
ASV1066,0,0,0,0,0,0,0.002155172,0,0,0.002517835,0,0,0,0,0,0,0,0,0.000912909,0,0.000164908,0,0,0,0,0,0,0,0,0,0.002477291,0,0.001184834,0
ASV3017,0,0,0,0,0,0,0,0,0,0,0.009572431,0,0,0,0,0,0,0,0,0,0,0,0,0,0,0,0,0,0,0,0,0,0,0
ASV305,0,0,0,0,0,0,0,0,0,0,0,0,0,0,0,0,0,0,0,0,0,0,0,0,0,0,0,0,0,0,0,0,0.009952607,0
ASV2066,0,0,0,0,0,0,0,0.010014306,0,0,0,0,0,0,0,0,0,0,0,0,0,0,0,0,0,0,0,0,0,0,0,0,0,0
ASV2105,0,0,0,0,0,0,0,0,0,0,0,0,0,0,0,0,0,0,0,0,0,0,0,0,0,0,0.010061085,0,0,0,0,0,0,0
ASV879,0,0.001477441,0.005962655,0,0,0,0,0,0,0,0,0,0,0,0,0.000277778,0,0,0,0,0,0,0,0,0,0,0,0,0,0,0,0.002628985,0,0
ASV664,0,0,0,0,0,0,0,0,0,0,0,0,0,0,0,0,0,0,0,0,0,0,0,0,0,0,0,0,0.010348977,0,0,0,0,0
ASV1221,0,0,0.01035619,0,0,0,0,0,0,0,0,0,0,0,0,0,0,0,0,0,0,0,0,0,0,0,0,0,0,0,0,0,0,0
ASV2041,0,0,0,0,0,0,0,0,0,0,0,0,0,0,0,0,0,0,0,0,0,0,0,0,0,0,0.01042041,0,0,0,0,0,0,0
ASV882,0,0,0.001412208,0,0,0,0,0,0,0,0,0,0,0,0,0,0,0,0,0,0,0,0,0,0.009026798,0,0,0,0,0,0,0,0,0
ASV1713,0,0,0,0.010593811,0,0,0,0,0,0,0,0,0,0,0,0,0,0,0,0,0,0,0,0,0,0,0,0,0,0,0,0,0,0
ASV1619,0,0,0,0,0,0,0,0,0.010729614,0,0,0,0,0,0,0,0,0,0,0,0,0,0,0,0,0,0,0,0,0,0,0,0,0
ASV376,0,0,0,0,0,0,0,0,0,0,0,0,0,0,0,0.010833333,0,0,0,0,0,0,0,0,0,0,0,0,0,0,0,0,0,0
ASV296,0,0,0.010983838,0,0,0,0,0,0,0,0,0,0,0,0,0,0,0,0,0,0,0,0,0,0,0,0,0,0,0,0,0,0,0
ASV1676,0,0,0,0,0,0,0,0,0,0,0,0,0,0,0,0.011111111,0,0,0,0,0,0,0,0,0,0,0,0,0,0,0,0,0,0
ASV1430,0,0,0,0.011430164,0,0,0,0,0,0,0,0,0,0,0,0,0,0,0,0,0,0,0,0,0,0,0,0,0,0,0,0,0,0
ASV2727,0,0,0,0,0,0,0,0,0,0,0.011486918,0,0,0,0,0,0,0,0,0,0,0,0,0,0,0,0,0,0,0,0,0,0,0
ASV566,0,0.000340948,0,0,0,0,0,0,0,0,0,0,0,0,0,0.002222222,0,0,0,0,0,0,0,0.000333,0.00112835,0.001707213,0.001796622,0,0,0,0.004128819,0,0,0
ASV369,0,0,0.011768398,0,0,0,0,0,0,0,0,0,0,0,0,0,0,0,0,0,0,0,0,0,0,0,0,0,0,0,0,0,0,0
ASV1468,0,0,0,0,0,0,0,0,0,0,0,0,0,0,0,0,0,0,0,0,0,0,0,0,0,0,0,0,0.01179302,0,0,0,0,0
ASV3790,0,0,0,0,0,0,0,0,0,0,0,0,0,0,0,0,0.011862396,0,0,0,0,0,0,0,0,0,0,0,0,0,0,0,0,0
ASV2412,0,0,0,0,0,0,0,0,0,0,0,0,0,0,0,0,0,0,0,0.011937059,0,0,0,0,0,0,0,0,0,0,0,0,0,0
ASV940,0,0,0,0,0,0,0,0,0,0,0,0,0,0,0,0,0,0,0,0,0,0,0.000717618,0,0,0,0,0,0.011311673,0,0,0,0,0
ASV244,0,0,0,0,0,0,0.012212644,0,0,0,0,0,0,0,0,0,0,0,0,0,0,0,0,0,0,0,0,0,0,0,0,0,0,0
ASV1225,0,0,0,0,0,0,0,0,0,0,0,0.012359551,0,0,0,0,0,0,0,0,0,0,0,0,0,0,0,0,0,0,0,0,0,0
ASV1483,0,0,0,0,0,0,0,0,0,0,0,0,0,0.012509773,0,0,0,0,0,0,0,0,0,0,0,0,0,0,0,0,0,0,0,0
ASV1197,0,0,0.001882944,0,0,0,0,0,0,0,0,0.010674157,0,0,0,0,0,0,0,0,0,0,0,0,0,0,0,0,0,0,0,0,0,0
ASV1510,0,0,0,0,0,0,0,0,0,0,0,0,0,0,0,0.013055556,0,0,0,0,0,0,0,0,0,0,0,0,0,0,0,0,0,0
ASV1393,0,0,0,0,0,0,0,0,0,0,0,0,0,0,0,0.001111111,0,0,0,0,0,0,0,0,0,0,0,0.004210526,0,0,0,0.003614854,0.004265403,0
ASV1669,0,0,0,0,0,0,0,0,0.01323319,0,0,0,0,0,0,0,0,0,0,0,0,0,0,0,0,0,0,0,0,0,0,0,0,0
ASV1368,0,0,0,0,0,0,0,0,0,0,0,0,0,0,0,0,0,0,0,0,0,0,0,0,0,0,0,0,0.013237064,0,0,0,0,0
ASV1419,0,0,0,0,0,0,0,0,0,0,0,0,0,0.013291634,0,0,0,0,0,0,0,0,0,0,0,0,0,0,0,0,0,0,0,0
ASV1779,0,0,0,0,0,0,0,0,0,0,0,0,0.013483146,0,0,0,0,0,0,0,0,0,0,0,0,0,0,0,0,0,0,0,0,0
ASV673,0,0,0,0,0,0,0,0,0.006437768,0,0,0,0,0,0,0,0,0,0,0,0,0,0,0,0,0,0,0,0,0,0,0.003286231,0.003791469,0
ASV520,0,0,0,0,0,0,0,0,0,0,0,0,0,0,0,0,0,0,0,0,0,0,0,0,0,0,0.008264463,0,0,0,0,0.005257969,0,0
ASV1162,0,0,0,0,0,0,0,0,0,0,0,0.013670412,0,0,0,0,0,0,0,0,0,0,0,0,0,0,0,0,0,0,0,0,0,0
ASV441,0,0.003977725,0,0,0,0,0,0,0,0,0,0,0,0,0,0,0,0,0,0,0,0,0,0,0,0.009816475,0,0,0,0,0,0,0,0
ASV1392,0,0,0,0,0,0,0,0,0,0,0,0,0,0.013812875,0,0,0,0,0,0,0,0,0,0,0,0,0,0,0,0,0,0,0,0
ASV956,0,0,0,0,0,0,0,0,0,0,0,0,0,0,0,0,0,0,0,0,0,0,0,0,0,0,0.014013654,0,0,0,0,0,0,0
ASV510,0,0,0,0,0,0,0,0,0,0,0,0,0,0.014073495,0,0,0,0,0,0,0,0,0,0,0,0,0,0,0,0,0,0,0,0
ASV718,0,0,0,0,0,0,0,0,0,0,0,0,0,0.002084962,0.003061849,0,0,0,0,0.002712968,0,0,0.000358809,0.000333,0.000282087,0,0,0.001052632,0.00433213,0,0,0,0,0
ASV686,0,0,0,0,0,0,0,0,0,0,0,0,0,0,0,0,0,0,0,0,0.014511873,0,0,0,0,0,0,0,0,0,0,0,0,0
ASV2152,0,0,0,0,0,0,0,0,0,0,0,0,0,0,0,0,0,0,0,0.014650027,0,0,0,0,0,0,0,0,0,0,0,0,0,0
ASV561,0,0.003409478,0.005962655,0,0,0,0,0,0.001072961,0,0,0.002059925,0,0,0,0,0,0,0,0,0,0,0.002152853,0,0,0,0,0,0,0,0,0,0,0
ASV1110,0,0,0,0.000278784,0,0,0,0,0,0,0,0,0,0,0,0,0,0,0,0,0.00280343,0,0,0,0.004231312,0,0,0,0,0,0,0,0.007345972,0
ASV523,0,0,0,0,0,0,0,0,0,0,0,0,0,0,0.014696877,0,0,0,0,0,0,0,0,0,0,0,0,0,0,0,0,0,0,0
ASV777,0,0.000227299,0,0,0,0,0,0,0.001788269,0,0.001914486,0,0,0,0.00061237,0.001111111,0,0,0,0.001085187,0.000494723,0,0,0.001665002,0.000141044,0.000853606,0,0.001052632,0.003128761,0.000303306,0.000412882,0,0,0
ASV1129,0,0,0.00235368,0,0,0,0,0,0,0,0,0,0,0,0,0,0,0,0,0,0,0,0,0,0,0,0,0,0,0,0,0.012487677,0,0
ASV1276,0,0,0,0,0,0,0,0,0,0,0,0,0,0,0,0.004166667,0,0,0,0,0,0,0,0,0,0,0,0,0.011070999,0,0,0,0,0
ASV1082,0,0,0,0,0,0,0,0,0,0,0,0.015355805,0,0,0,0,0,0,0,0,0,0,0,0,0,0,0,0,0,0,0,0,0,0
ASV1790,0,0,0,0,0,0,0,0,0,0,0,0,0,0,0,0,0,0,0,0,0,0,0,0,0,0.015364917,0,0,0,0,0,0,0,0
ASV922,0,0,0,0,0,0,0,0,0,0,0,0.015730337,0,0,0,0,0,0,0,0,0,0,0,0,0,0,0,0,0,0,0,0,0,0
ASV2033,0,0,0,0,0,0,0,0,0,0,0,0,0,0,0,0,0,0,0,0.015735214,0,0,0,0,0,0,0,0,0,0,0,0,0,0
ASV907,0,0,0,0,0,0,0,0,0,0,0,0,0,0,0,0,0,0,0,0,0,0,0,0,0,0,0,0,0.01612515,0,0,0,0,0
ASV611,0,0,0,0,0,0,0,0,0,0,0,0,0,0.010685431,0,0,0,0,0,0,0,0,0,0,0,0,0,0,0.005776173,0,0,0,0,0
ASV476,0,0,0.005648831,0,0,0,0,0,0,0,0,0,0,0.011206672,0,0,0,0,0,0,0,0,0,0,0,0,0,0,0,0,0,0,0,0
ASV1472,0,0,0,0,0,0,0,0.017167382,0,0,0,0,0,0,0,0,0,0,0,0,0,0,0,0,0,0,0,0,0,0,0,0,0,0
ASV725,0,0.01727469,0,0,0,0,0,0,0,0,0,0,0,0,0,0,0,0,0,0,0,0,0,0,0,0,0,0,0,0,0,0,0,0
ASV1447,0,0,0,0,0,0,0,0,0.017525036,0,0,0,0,0,0,0,0,0,0,0,0,0,0,0,0,0,0,0,0,0,0,0,0,0
ASV891,0,0,0,0,0,0,0,0,0,0,0,0,0,0.017722179,0,0,0,0,0,0,0,0,0,0,0,0,0,0,0,0,0,0,0,0
ASV916,0,0,0,0,0,0,0,0,0,0,0,0,0,0,0.017758726,0,0,0,0,0,0,0,0,0,0,0,0,0,0,0,0,0,0,0
ASV299,0,0,0,0,0,0,0,0,0,0,0,0,0,0,0,0,0,0,0,0,0,0,0,0,0,0.017925736,0,0,0,0,0,0,0,0
ASV874,0,0,0,0,0,0,0,0,0,0,0,0,0,0,0,0,0,0,0,0,0,0,0,0,0,0,0,0,0.018050542,0,0,0,0,0
ASV430,0,0,0,0,0,0,0,0,0,0,0,0,0,0,0,0.018055556,0,0,0,0,0,0,0,0,0,0,0,0,0,0,0,0,0,0
ASV963,0,0,0,0,0,0,0,0,0,0,0,0.018164794,0,0,0,0,0,0,0,0,0,0,0,0,0,0,0,0,0,0,0,0,0,0
ASV816,0,0,0,0,0,0,0,0,0,0,0,0.01835206,0,0,0,0,0,0,0,0,0,0,0,0,0,0,0,0,0,0,0,0,0,0
ASV717,0,0,0,0,0,0,0,0,0.000715308,0.000839278,0,0,0,0.002345582,0.003674219,0.001944444,0,0,0,0.001627781,0.004452507,0,0,0,0.000282087,0,0,0,0,0,0.002477291,0,0,0
ASV252,0,0.012728719,0,0,0,0,0,0,0,0,0,0,0,0,0,0,0,0,0,0,0,0,0,0,0,0,0,0,0.006016847,0,0,0,0,0
ASV1913,0,0,0,0,0,0,0,0,0,0,0,0,0.0082397,0,0,0,0.010676157,0,0,0,0,0,0,0,0,0,0,0,0,0,0,0,0,0
ASV1560,0,0,0,0,0,0,0,0,0,0,0,0,0,0,0,0,0,0,0,0,0,0,0,0,0,0.019206146,0,0,0,0,0,0,0,0
ASV1103,0,0,0,0,0,0,0,0,0,0,0,0,0,0,0,0,0,0,0,0,0,0,0,0,0,0,0,0,0.019494585,0,0,0,0,0
ASV1089,0,0,0,0,0,0,0,0,0,0,0,0,0,0,0,0,0,0,0,0,0,0,0,0,0,0,0,0,0.019735259,0,0,0,0,0
ASV751,0,0,0,0,0,0,0,0,0,0,0,0.019850187,0,0,0,0,0,0,0,0,0,0,0,0,0,0,0,0,0,0,0,0,0,0
ASV842,0,0.000454597,0,0,0,0,0.010057471,0,0.005364807,0,0,0,0,0,0,0,0,0,0,0,0,0,0,0,0.000423131,0,0,0,0,0,0,0,0.003791469,0
ASV569,0,0,0,0,0,0,0,0,0,0,0,0,0,0,0,0,0,0,0,0,0,0,0,0,0,0,0,0,0,0,0.020231214,0,0,0
ASV599,0,0,0,0,0,0,0,0,0,0,0,0,0,0,0,0,0,0,0,0,0,0,0,0,0,0,0,0,0,0.020321504,0,0,0,0
ASV770,0,0,0,0,0,0,0,0,0,0,0,0,0,0,0,0,0,0,0,0,0,0,0,0,0,0.020486556,0,0,0,0,0,0,0,0
ASV750,0,0.000113649,0.000627648,0,0,0,0.010775862,0,0,0,0,0.000187266,0,0.003909304,0,0,0,0,0,0,0.000659631,0,0,0,0,0.000426803,0,0,0.001925391,0,0.00206441,0,0,0
ASV363,0,0,0,0,0,0,0,0,0,0,0,0,0,0,0,0,0,0,0,0,0,0,0,0,0,0.008962868,0,0,0.012033694,0,0,0,0,0
ASV976,0,0,0,0,0,0,0,0,0,0,0,0,0,0,0,0,0,0,0,0,0,0,0,0,0,0,0,0,0.021179302,0,0,0,0,0
ASV730,0,0,0,0,0,0,0,0,0,0,0,0,0,0,0,0,0,0,0,0,0,0,0,0,0.021297602,0,0,0,0,0,0,0,0,0
ASV289,0,0.021366064,0,0,0,0,0,0,0,0,0,0,0,0,0,0,0,0,0,0,0,0,0,0,0,0,0,0,0,0,0,0,0,0
ASV771,0,0,0,0,0,0,0,0,0,0,0,0,0,0,0,0,0,0,0,0,0,0,0,0,0,0,0,0,0,0,0,0,0.021563981,0
ASV1045,0,0,0,0,0,0,0,0,0,0,0,0,0,0,0.019595836,0,0,0,0,0,0,0,0,0,0.0022567,0,0,0,0,0,0,0,0,0
ASV1277,0,0,0,0,0,0,0,0,0,0,0,0,0,0,0,0,0,0,0,0,0,0,0,0,0,0,0.021918793,0,0,0,0,0,0,0
ASV388,0,0.022275259,0,0,0,0,0,0,0,0,0,0,0,0,0,0,0,0,0,0,0,0,0,0,0,0,0,0,0,0,0,0,0,0
ASV719,0,0,0,0,0,0,0,0,0,0,0,0,0,0,0,0,0,0,0,0.009766685,0,0,0,0,0,0,0,0,0,0.01304216,0,0,0,0
ASV676,0,0,0,0,0,0,0,0,0,0,0,0,0,0,0,0,0,0,0,0,0.01616095,0,0,0,0.007052186,0,0,0,0,0,0,0,0,0
ASV2635,0,0,0,0,0.023346304,0,0,0,0,0,0,0,0,0,0,0,0,0,0,0,0,0,0,0,0,0,0,0,0,0,0,0,0,0
ASV894,0,0,0,0,0,0,0,0,0,0,0,0,0,0.023455825,0,0,0,0,0,0,0,0,0,0,0,0,0,0,0,0,0,0,0,0
ASV953,0,0,0,0,0,0,0,0,0,0,0,0,0,0,0,0,0,0,0,0,0,0,0,0,0,0,0,0,0,0,0,0,0.023459716,0
ASV1031,0,0,0,0,0,0,0,0,0,0,0,0,0,0,0,0.024166667,0,0,0,0,0,0,0,0,0,0,0,0,0,0,0,0,0,0
ASV1152,0,0,0,0,0,0,0,0,0,0,0,0,0,0,0,0,0,0,0,0,0,0,0,0,0,0,0,0,0,0,0,0.024318107,0,0
ASV1141,0,0,0,0,0,0,0,0,0,0,0,0,0,0,0,0,0,0,0,0,0,0,0,0,0,0,0,0,0,0,0,0.02464673,0,0
ASV749,0,0,0,0,0,0,0,0,0,0,0,0,0,0,0,0,0,0,0,0,0,0,0,0,0,0.011950491,0,0,0.012755716,0,0,0,0,0
ASV318,0,0,0,0,0,0,0,0,0,0,0,0,0,0,0,0.0225,0,0,0,0,0,0,0,0,0,0.002987623,0,0,0,0,0,0,0,0
ASV267,0,0,0,0,0,0,0,0,0,0,0,0,0,0,0,0,0,0,0,0,0.025560686,0,0,0,0,0,0,0,0,0,0,0,0,0
ASV862,0,0,0,0,0,0,0,0,0,0,0,0,0,0,0,0,0,0,0,0,0,0,0,0,0,0,0,0,0,0,0.025598679,0,0,0
ASV384,0,0,0,0,0,0,0,0,0,0,0,0,0,0,0,0.006666667,0,0,0,0,0,0,0,0,0,0,0,0,0,0,0,0,0.01943128,0
ASV1151,0,0,0,0,0,0,0,0,0,0,0,0,0,0,0,0,0,0,0,0,0,0,0,0,0,0,0.026590011,0,0,0,0,0,0,0
ASV805,0,0,0,0,0,0,0,0,0,0,0,0,0,0,0,0,0,0,0,0,0,0,0,0,0,0,0,0,0,0,0,0,0.027251185,0
ASV573,0,0,0,0,0,0,0.027298851,0,0,0,0,0,0,0,0,0,0,0,0,0,0,0,0,0,0,0,0,0,0,0,0,0,0,0
ASV648,0,0.013751563,0,0,0,0,0,0,0,0,0,0,0,0,0,0,0,0,0,0,0,0,0,0,0,0,0.01365433,0,0,0,0,0,0,0
ASV401,0,0.001022844,0.000470736,0,0,0,0,0,0,0,0,0,0,0.000521241,0.005511329,0.005833333,0,0,0.000547745,0,0.002473615,0,0,0,0.003667137,0.003414426,0.000718649,0,0,0,0.003303055,0,0,0
ASV1421,0,0,0,0,0,0,0,0,0,0,0,0,0,0,0,0,0,0,0,0.027672273,0,0,0,0,0,0,0,0,0,0,0,0,0,0
ASV2587,0,0,0,0,0,0,0,0,0,0,0,0,0,0,0,0,0,0,0,0,0,0.027777778,0,0,0,0,0,0,0,0,0,0,0,0
ASV1047,0,0,0,0,0,0,0,0,0,0,0,0,0,0,0,0,0,0,0,0,0,0,0,0.028305028,0,0,0,0,0,0,0,0,0,0
ASV773,0,0,0,0,0,0,0,0,0,0,0,0,0,0,0,0,0,0,0,0,0,0,0,0,0,0,0.028386633,0,0,0,0,0,0,0
ASV607,0,0,0,0,0,0,0,0,0,0,0,0,0,0,0,0,0,0,0,0,0,0,0,0,0,0,0,0,0,0,0.028488852,0,0,0
ASV604,0,0,0,0,0,0,0,0,0,0,0,0,0,0,0,0,0,0,0,0,0,0,0,0,0.028631876,0,0,0,0,0,0,0,0,0
ASV793,0,0,0,0,0,0,0,0,0,0,0,0,0,0,0.028781384,0,0,0,0,0,0,0,0,0,0,0,0,0,0,0,0,0,0,0
ASV627,0,0,0,0,0,0,0,0,0,0,0,0.028838951,0,0,0,0,0,0,0,0,0,0,0,0,0,0,0,0,0,0,0,0,0,0
ASV838,0,0,0,0,0,0,0,0,0,0.000419639,0.014677728,0,0,0.004951785,0,0,0,0,0,0,0,0,0,0,0,0,0,0,0,0,0.00867052,0,0.000236967,0
ASV804,0,0,0,0,0,0,0,0,0,0,0,0,0,0,0,0,0,0,0,0,0,0,0,0,0,0.029022621,0,0,0,0,0,0,0,0
ASV1102,0,0,0,0,0,0,0,0,0,0,0,0,0,0,0,0,0,0,0,0,0,0,0,0,0,0,0.029105282,0,0,0,0,0,0,0
ASV526,0,0,0.027459595,0,0,0,0,0,0,0,0,0.001872659,0,0,0,0,0,0,0,0,0,0,0,0,0,0,0,0,0,0,0,0,0,0
ASV1529,0,0,0,0,0,0,0,0,0,0,0.029355456,0,0,0,0,0,0,0,0,0,0,0,0,0,0,0,0,0,0,0,0,0,0,0
ASV408,0,0.007614502,0,0,0,0,0,0,0,0,0,0,0,0,0,0,0,0,0,0,0,0,0,0,0,0,0.003952569,0,0.017809868,0,0,0,0,0
ASV714,0,0,0,0,0,0,0,0,0,0,0,0,0,0.010164191,0.015309247,0,0,0,0,0,0,0,0,0,0.004513399,0,0,0,0,0,0,0,0,0
ASV752,0,0,0,0.001672707,0,0,0,0,0,0,0,0,0.020973783,0,0,0,0,0,0,0.00759631,0,0,0,0,0,0,0,0,0,0,0,0,0,0
ASV620,0,0,0,0,0,0,0,0,0,0,0.024888322,0,0,0,0,0,0,0,0,0,0,0,0,0,0,0,0,0,0.005535499,0,0,0,0,0
ASV594,0,0,0,0,0,0,0,0,0,0,0,0,0,0,0,0,0,0,0,0,0,0,0,0,0,0,0,0,0,0,0,0,0.031042654,0
ASV1026,0,0,0,0,0,0,0,0,0.03111588,0,0,0,0,0,0,0,0,0,0,0,0,0,0,0,0,0,0,0,0,0,0,0,0,0
ASV610,0,0,0.031382394,0,0,0,0,0,0,0,0,0,0,0,0,0,0,0,0,0,0,0,0,0,0,0,0,0,0,0,0,0,0,0
ASV571,0,0,0.031696218,0,0,0,0,0,0,0,0,0,0,0,0,0,0,0,0,0,0,0,0,0,0,0,0,0,0,0,0,0,0,0
ASV818,0,0,0,0,0,0,0,0,0,0,0,0,0,0.032056294,0,0,0,0,0,0,0,0,0,0,0,0,0,0,0,0,0,0,0,0
ASV1622,0,0,0,0,0,0,0,0,0,0,0,0,0,0,0,0,0,0,0,0,0,0.033333333,0,0,0,0,0,0,0,0,0,0,0,0
ASV595,0,0.002045687,0,0,0,0,0,0,0,0.000419639,0,0,0,0,0,0,0,0,0.003103889,0,0.01616095,0,0,0,0,0,0.003952569,0,0,0,0.007844756,0,0,0
ASV320,0,0,0,0,0,0,0,0,0,0,0,0,0,0,0,0,0,0,0,0,0,0,0,0,0,0,0.021918793,0,0,0.011828935,0,0,0,0
ASV297,0,0,0,0,0,0,0,0,0,0,0,0,0,0.00964295,0.009797918,0,0,0,0,0,0.015006596,0,0,0,0,0,0,0,0,0,0,0,0,0
ASV854,0,0,0,0,0,0,0,0,0,0,0,0,0,0,0,0,0,0,0,0,0,0,0,0,0,0,0.021200144,0,0.013718412,0,0,0,0,0
ASV415,0,0,0,0,0,0,0,0,0,0,0,0,0,0.017982799,0,0.013888889,0,0,0,0,0,0,0,0,0.003102962,0,0,0,0,0,0,0,0,0
ASV960,0,0,0,0,0,0,0,0,0,0,0,0,0,0,0,0,0,0,0,0,0,0,0,0,0,0,0.035213798,0,0,0,0,0,0,0
ASV556,0,0,0,0,0,0,0,0,0,0,0,0,0,0,0,0,0,0,0.035238269,0,0,0,0,0,0,0,0,0,0,0,0,0,0,0
ASV576,0,0,0,0,0,0,0,0,0,0,0,0,0,0,0,0,0,0,0,0,0,0,0.035522067,0,0,0,0,0,0,0,0,0,0,0
ASV764,0,0,0,0,0,0,0,0,0,0,0,0,0,0,0,0.021944444,0,0,0,0,0,0,0,0,0,0,0,0,0.013718412,0,0,0,0,0
ASV358,0,0,0,0,0,0,0,0,0.01323319,0,0.010848756,0,0,0,0,0.007777778,0,0,0,0.000542594,0,0,0,0,0,0,0,0,0,0.003639672,0,0,0,0
ASV791,0,0,0,0,0,0,0,0,0,0.036088963,0,0,0,0,0,0,0,0,0,0,0,0,0,0,0,0,0,0,0,0,0,0,0,0
ASV553,0,0,0,0,0,0,0,0,0,0,0,0,0,0,0,0,0,0,0,0,0,0,0,0,0,0,0,0,0,0,0.036746491,0,0,0
ASV450,0,0,0,0,0,0,0,0,0,0,0,0,0,0.023195205,0,0.014444444,0,0,0,0,0,0,0,0,0,0,0,0,0,0,0,0,0,0
ASV1137,0,0,0,0,0,0,0,0,0,0,0,0,0,0,0.037966932,0,0,0,0,0,0,0,0,0,0,0,0,0,0,0,0,0,0,0
ASV1387,0,0,0,0,0,0,0.038074713,0,0,0,0,0,0,0,0,0,0,0,0,0,0,0,0,0,0,0,0,0,0,0,0,0,0,0
ASV996,0,0,0,0,0,0,0,0,0,0.038187159,0,0,0,0,0,0,0,0,0,0,0,0,0,0,0,0,0,0,0,0,0,0,0,0
ASV721,0,0,0,0,0,0,0.016522989,0,0,0,0,0,0,0,0,0,0,0,0,0,0.01401715,0,0,0,0.004372355,0,0,0,0,0,0,0,0.003317536,0
ASV524,0,0,0.038600345,0,0,0,0,0,0,0,0,0,0,0,0,0,0,0,0,0,0,0,0,0,0,0,0,0,0,0,0,0,0,0
ASV693,0,0,0,0,0,0,0,0,0,0,0,0,0,0,0,0,0,0,0,0,0,0,0,0,0,0,0,0,0.039470517,0,0,0,0,0
ASV314,0,0.02204796,0,0,0,0,0,0,0,0,0,0,0,0,0,0,0,0,0,0,0,0,0,0,0,0.017498933,0,0,0,0,0,0,0,0
ASV257,0,0,0,0,0,0,0,0,0,0,0,0,0,0.039614282,0,0,0,0,0,0,0,0,0,0,0,0,0,0,0,0,0,0,0,0
ASV614,0,0,0.014906637,0,0,0,0,0,0,0,0.007657945,0,0,0,0,0.0175,0,0,0,0,0,0,0,0,0,0,0,0,0,0,0,0,0,0
ASV413,0,0.020570519,0,0,0,0,0.017241379,0,0,0,0,0,0,0,0,0,0,0,0,0,0,0,0,0,0.0022567,0,0,0,0,0,0,0,0,0
ASV1246,0,0,0,0,0,0,0,0,0,0,0.040204212,0,0,0,0,0,0,0,0,0,0,0,0,0,0,0,0,0,0,0,0,0,0,0
ASV497,0,0,0.006590303,0,0,0,0,0,0,0,0,0.033895131,0,0,0,0,0,0,0,0,0,0,0,0,0,0,0,0,0,0,0,0,0,0
ASV598,0,0,0,0,0,0,0,0,0,0,0,0,0,0,0,0,0,0,0.028665328,0,0,0,0,0,0,0,0,0,0,0.011828935,0,0,0,0
ASV517,0,0,0,0.00808475,0,0,0,0,0,0,0,0,0,0,0,0,0,0,0,0,0.030672823,0,0,0,0.001974612,0,0,0,0,0,0,0,0,0
ASV847,0,0,0,0,0,0,0,0,0,0,0,0,0,0,0,0,0,0,0,0,0,0,0.02583423,0.014985015,0,0,0,0,0,0,0,0,0,0
ASV220,0,0,0,0,0,0,0,0,0,0,0.025526484,0,0,0.005473026,0,0,0,0,0,0.001085187,0,0,0,0,0.008744711,0,0,0,0,0,0,0,0,0
ASV419,0,0,0.041110937,0,0,0,0,0,0,0,0,0,0,0,0,0,0,0,0,0,0,0,0,0,0,0,0,0,0,0,0,0,0,0
ASV190,0,0,0,0,0,0,0.020114943,0,0,0,0,0,0,0,0.008573178,0,0,0,0,0,0,0,0,0,0,0,0,0,0.005054152,0,0,0,0.007819905,0
ASV322,0,0,0,0,0,0,0,0,0,0,0,0,0,0.010946052,0.018371096,0,0,0,0,0,0,0,0,0,0.012834979,0,0,0,0,0,0,0,0,0
ASV2681,0,0,0,0,0,0,0,0,0,0,0,0,0,0,0,0,0,0,0,0,0,0,0,0,0,0,0,0,0,0,0,0,0,0.042410714
ASV660,0,0,0,0,0,0,0,0,0,0,0.04275686,0,0,0,0,0,0,0,0,0,0,0,0,0,0,0,0,0,0,0,0,0,0,0
ASV984,0,0,0,0,0,0,0,0,0,0,0,0,0,0.007297368,0,0,0,0,0,0.035811177,0,0,0,0,0,0,0,0,0,0,0,0,0,0
ASV425,0,0.002727583,0,0.017005854,0,0,0,0,0.017525036,0,0,0,0,0,0,0,0,0,0,0,0,0,0,0,0.006488011,0,0,0,0,0,0,0,0,0
ASV1202,0,0,0,0,0,0,0,0,0,0,0.044033184,0,0,0,0,0,0,0,0,0,0,0,0,0,0,0,0,0,0,0,0,0,0,0
ASV495,0,0,0,0,0,0,0,0,0,0,0,0,0,0,0,0,0,0,0,0,0.044525066,0,0,0,0,0,0,0,0,0,0,0,0,0
ASV323,0,0,0,0,0,0,0,0,0,0,0,0,0,0,0,0,0,0,0,0,0.028364116,0,0,0,0.004372355,0,0,0,0,0,0,0.01183043,0,0
ASV671,0,0,0,0,0,0,0,0,0,0,0,0,0,0.045347928,0,0,0,0,0,0,0,0,0,0,0,0,0,0,0,0,0,0,0,0
ASV468,0,0,0,0,0,0,0,0,0,0,0,0,0,0,0,0,0,0,0.045462845,0,0,0,0,0,0,0,0,0,0,0,0,0,0,0
ASV539,0,0,0,0,0,0,0,0,0,0,0,0,0,0.003909304,0.036129822,0,0,0,0,0,0,0,0,0,0.005641749,0,0,0,0,0,0,0,0,0
ASV758,0,0,0,0,0,0,0,0,0,0,0,0,0,0,0,0,0,0,0,0,0,0,0,0,0,0,0,0,0,0,0,0.046335853,0,0
ASV754,0,0,0,0,0,0,0,0,0,0,0,0,0,0,0,0,0,0,0,0,0,0,0,0,0,0,0,0,0,0,0,0.046664476,0,0
ASV747,0,0,0,0,0,0,0,0,0,0,0,0,0,0,0,0,0,0,0,0,0,0,0,0,0,0,0,0,0,0,0,0.047978968,0,0
ASV452,0,0,0,0,0,0,0,0,0,0.030214016,0,0,0,0,0,0,0,0,0,0,0,0,0.010405454,0,0,0,0,0,0,0,0,0.007558331,0,0
ASV1015,0,0,0,0,0,0,0,0,0,0,0,0,0,0,0,0,0,0,0,0.04829083,0,0,0,0,0,0,0,0,0,0,0,0,0,0
ASV83,0,0,0,0,0,0,0,0,0,0.008812421,0,0,0,0.014594735,0.006736069,0.003333333,0,0,0,0,0.013687335,0,0,0,0,0.001707213,0,0,0,0,0,0,0,0
ASV391,0,0,0,0,0,0,0,0,0,0,0,0.033707865,0,0.013291634,0,0,0,0,0,0,0,0,0,0,0,0,0.002515271,0,0,0,0,0,0,0
ASV765,0,0,0,0,0,0,0,0,0,0,0,0,0,0,0,0,0,0,0,0,0,0,0.049874417,0,0,0,0,0,0,0,0,0,0,0
ASV737,0,0,0,0,0,0,0,0,0,0,0,0,0.050187266,0,0,0,0,0,0,0,0,0,0,0,0,0,0,0,0,0,0,0,0,0
ASV380,0,0,0,0.012545302,0,0,0,0,0.005364807,0,0,0,0,0.001303101,0,0,0,0,0,0,0.016490765,0,0,0,0.009449929,0,0,0,0,0.005156203,0,0,0,0
ASV187,0,0,0,0,0,0,0,0,0,0,0,0,0,0,0,0,0,0,0,0.008138904,0,0,0,0,0.022143865,0,0.020840819,0,0,0,0,0,0,0
ASV588,0,0,0,0,0,0,0,0,0,0,0,0,0,0,0,0,0,0,0,0,0,0,0,0,0,0,0,0,0,0.051562026,0,0,0,0
ASV972,0,0,0,0,0,0,0,0,0,0,0,0,0,0,0,0,0,0,0,0.052088985,0,0,0,0,0,0,0,0,0,0,0,0,0,0
ASV350,0,0.002386635,0.001098384,0.000278784,0,0,0,0,0,0,0,0,0,0.001563722,0.00183711,0.008888889,0,0,0.004381961,0,0.000164908,0,0,0.001665002,0.000282087,0.001707213,0.003593245,0.012631579,0,0,0.012386457,0,0,0
ASV277,0,0,0,0,0,0.038674033,0,0,0,0,0,0,0,0,0,0,0,0,0,0.015192621,0,0,0,0,0,0,0,0,0,0,0,0,0,0
ASV513,0,0,0,0,0,0,0,0,0,0,0.019144863,0,0,0,0,0,0,0,0,0,0,0,0,0,0,0.016645327,0,0,0.008904934,0.009705793,0,0,0,0
ASV341,0,0,0,0,0,0,0,0,0.014306152,0,0,0,0,0,0,0,0,0,0,0,0,0,0,0,0,0,0,0,0.01299639,0,0,0,0.027962085,0
ASV398,0,0.002841232,0,0,0,0,0.005028736,0,0.016094421,0,0,0,0,0,0.018371096,0,0,0,0,0,0,0,0,0,0,0,0,0,0,0,0,0,0.013033175,0
ASV456,0,0,0,0,0,0,0,0,0,0,0,0.02247191,0,0,0,0,0,0,0,0,0,0,0,0,0,0,0.033417176,0,0,0,0,0,0,0
ASV918,0,0,0,0,0,0,0,0,0,0,0,0,0,0,0,0,0,0,0,0.056429734,0,0,0,0,0,0,0,0,0,0,0,0,0,0
ASV212,0,0.004091374,0,0,0,0,0,0,0,0,0.019783025,0,0,0,0,0,0,0,0,0,0,0,0,0,0.014245416,0,0,0,0.018772563,0,0,0,0,0
ASV574,0,0,0,0,0,0,0,0,0,0,0,0,0,0,0,0.058055556,0,0,0,0,0,0,0,0,0,0,0,0,0,0,0,0,0,0
ASV169,0,0,0,0,0,0,0,0,0,0,0.007019783,0,0,0,0,0,0,0,0.036151178,0,0,0,0,0,0,0,0,0,0.014921781,0,0,0,0,0
ASV699,0,0,0,0,0,0,0,0,0,0,0,0,0.060674157,0,0,0,0,0,0,0,0,0,0,0,0,0,0,0,0,0,0,0,0,0
ASV665,0,0,0,0,0,0,0,0.062947067,0,0,0,0,0,0,0,0,0,0,0,0,0,0,0,0,0,0,0,0,0,0,0,0,0,0
ASV589,0,0,0,0,0,0,0.063218391,0,0,0,0,0,0,0,0,0,0,0,0,0,0,0,0,0,0,0,0,0,0,0,0,0,0,0
ASV632,0,0,0,0,0,0,0,0.067238913,0,0,0,0,0,0,0,0,0,0,0,0,0,0,0,0,0,0,0,0,0,0,0,0,0,0
ASV342,0,0,0.068099796,0,0,0,0,0,0,0,0,0,0,0,0,0,0,0,0,0,0,0,0,0,0,0,0,0,0,0,0,0,0,0
ASV639,0,0,0,0,0,0,0.068247126,0,0,0,0,0,0,0,0,0,0,0,0,0,0,0,0,0,0,0,0,0,0,0,0,0,0,0
ASV440,0,0,0,0,0,0,0,0,0,0,0,0,0,0,0,0,0,0,0,0,0,0,0,0,0,0,0.068271649,0,0,0,0,0,0,0
ASV3612,0,0,0,0,0,0,0,0,0,0,0,0,0,0,0,0,0,0.068322981,0,0,0,0,0,0,0,0,0,0,0,0,0,0,0,0
ASV507,0.030286035,0,0,0.003066629,0.007782101,0,0,0,0.001788269,0,0,0,0,0.001042481,0,0,0,0.00621118,0,0,0.004122691,0,0,0,0.001692525,0,0,0,0.002888087,0,0,0,0.012322275,0
ASV206,0,0.035458575,0.008002511,0,0,0,0,0,0,0,0,0,0,0,0,0,0,0,0,0,0,0,0,0,0,0,0.028027309,0,0,0,0,0,0,0
ASV578,0,0,0,0,0,0,0,0,0,0,0,0,0,0,0,0,0,0,0,0,0,0,0,0.072594073,0,0,0,0,0,0,0,0,0,0
ASV230,0,0,0,0,0,0,0,0,0,0,0,0,0,0,0,0,0,0,0.074675917,0,0,0,0,0,0,0,0,0,0,0,0,0,0,0
ASV592,0,0,0,0,0,0,0,0,0,0,0,0,0,0,0,0,0,0,0,0,0,0,0.07499103,0,0,0,0,0,0,0,0,0,0,0
ASV901,0,0,0,0,0,0,0.076867816,0,0,0,0,0,0,0,0,0,0,0,0,0,0,0,0,0,0,0,0,0,0,0,0,0,0,0
ASV153,0,0,0,0,0,0,0,0,0,0,0.008296107,0,0,0.007818608,0,0.0525,0,0,0,0,0,0,0,0,0.00493653,0,0,0,0.003369434,0,0,0,0,0
ASV160,0,0.020343221,0,0,0,0,0,0,0.02074392,0,0,0.036329588,0,0,0,0,0,0,0,0,0,0,0,0,0,0,0,0,0,0,0,0,0,0
ASV158,0,0,0.004236623,0,0,0,0,0,0,0,0,0.029026217,0,0,0,0,0,0,0,0,0,0,0,0,0,0,0,0,0,0,0,0.045678607,0,0
ASV418,0,0,0,0,0,0,0,0,0,0,0,0.038951311,0,0,0,0,0,0,0,0,0,0,0,0,0,0,0.040244341,0,0,0,0,0,0,0
ASV155,0,0,0,0,0,0,0.025862069,0,0,0,0,0,0,0,0.022045315,0,0,0,0,0,0,0,0,0,0,0,0,0,0,0,0.031791908,0,0,0
ASV678,0,0,0,0,0,0,0,0,0,0,0.081046586,0,0,0,0,0,0,0,0,0,0,0,0,0,0,0,0,0,0,0,0,0,0,0
ASV253,0,0,0,0,0,0,0,0,0,0.011330256,0.017230377,0.013108614,0,0.014594735,0,0,0,0,0,0,0,0,0,0,0,0,0,0,0.028399519,0,0,0,0,0
ASV303,0,0,0,0,0,0,0,0,0,0,0,0.085205993,0,0,0,0,0,0,0,0,0,0,0,0,0,0,0,0,0,0,0,0,0,0
ASV345,0,0,0,0,0,0,0,0,0,0,0.086151883,0,0,0,0,0,0,0,0,0,0,0,0,0,0,0,0,0,0,0,0,0,0,0
ASV534,0,0,0,0,0,0,0,0.086194564,0,0,0,0,0,0,0,0,0,0,0,0,0,0,0,0,0,0,0,0,0,0,0,0,0,0
ASV378,0,0,0,0,0,0,0,0.005722461,0,0,0,0,0,0,0,0,0,0.080745342,0,0,0,0,0,0,0,0,0,0,0,0,0,0,0,0
ASV351,0,0,0,0.059938667,0,0,0,0,0,0,0,0,0,0,0,0,0,0,0,0,0.016490765,0,0,0,0.012693935,0,0,0,0,0,0,0,0,0
ASV280,0,0,0,0,0,0,0,0,0,0,0,0,0,0,0,0,0,0,0,0,0,0,0,0,0,0.057191635,0,0,0,0,0.034269199,0,0,0
ASV208,0,0,0,0,0,0,0,0,0,0,0.006381621,0,0,0,0,0.040555556,0,0,0,0,0,0,0.009329028,0,0.018053597,0,0,0,0.018050542,0,0,0,0,0
ASV444,0,0,0,0,0,0,0,0,0,0,0,0,0,0,0,0,0,0,0,0,0,0,0,0,0,0,0,0,0,0.093418259,0,0,0,0
ASV394,0,0,0,0,0,0,0,0,0,0.094838439,0,0,0,0,0,0,0,0,0,0,0,0,0,0,0,0,0,0,0,0,0,0,0,0
ASV67,0,0.038299807,0.00957163,0,0,0,0,0,0,0,0,0,0,0,0,0.01,0,0,0,0,0,0,0,0,0.007616361,0,0.029464607,0,0,0,0,0,0,0
ASV188,0,0,0,0,0,0,0,0,0,0,0,0,0,0,0,0,0,0,0,0,0.02951847,0,0,0,0,0,0,0,0,0,0.066061107,0,0,0
ASV251,0,0,0,0,0,0,0,0,0,0,0,0,0,0.017722179,0,0,0,0,0,0.053716766,0,0,0,0.024309024,0,0,0,0,0,0,0,0,0,0
ASV145,0,0,0.009885454,0,0,0,0,0,0,0,0,0,0,0,0,0,0,0,0,0,0,0,0,0,0.063328632,0,0,0,0,0,0,0.010187315,0.013744076,0
ASV486,0,0,0,0,0,0,0,0.097997139,0,0,0,0,0,0,0,0,0,0,0,0,0,0,0,0,0,0,0,0,0,0,0,0,0,0
ASV146,0,0,0.015691197,0,0,0,0,0,0,0,0,0,0,0,0,0,0,0,0,0,0,0,0,0,0,0,0.024434064,0,0,0,0.056564822,0.003614854,0,0
ASV175,0,0,0,0,0,0,0,0,0.021459227,0,0,0,0,0,0,0.061666667,0,0,0,0,0,0,0,0.018315018,0,0,0,0,0,0,0,0,0,0
ASV361,0,0.000795545,0,0,0,0,0,0,0.100858369,0,0,0,0,0,0,0,0,0,0,0,0,0,0,0,0,0,0,0,0,0,0,0,0,0
ASV250,0,0,0.006747215,0,0,0,0,0,0,0,0,0.016479401,0,0.003648684,0,0,0,0,0,0,0,0,0,0,0.016361072,0,0.053180022,0,0,0,0,0,0.007582938,0
ASV1079,0,0,0,0,0,0,0,0.002145923,0.004649499,0,0,0,0,0,0,0,0,0,0,0,0,0,0,0,0.000564175,0,0,0,0,0,0,0,0,0.100446429
ASV126,0,0.029662462,0.021967676,0,0,0,0,0,0,0,0,0,0,0,0,0,0,0,0,0,0,0,0,0,0,0.016218523,0.041322314,0,0,0,0,0,0,0
ASV759,0,0,0,0.017005854,0,0,0,0,0,0,0,0,0,0,0,0,0.09371293,0,0,0,0,0,0,0,0,0,0,0,0,0,0,0,0,0
ASV195,0,0,0.010199278,0,0,0,0,0,0,0,0,0.101123596,0,0,0,0,0,0,0,0,0,0,0,0,0,0,0,0,0,0,0,0,0,0
ASV339,0,0,0.02463518,0,0,0,0,0,0,0,0,0,0,0,0,0,0,0,0,0,0,0,0,0,0,0,0,0,0,0,0,0.088070983,0,0
ASV181,0,0.017501989,0.007688687,0,0,0,0.046695402,0,0,0,0,0,0,0,0,0,0,0,0,0,0,0,0,0,0,0.045241144,0,0,0,0,0,0,0,0
ASV114,0,0,0,0,0,0,0,0,0.035050072,0,0,0,0,0,0,0,0,0,0,0,0,0,0,0,0,0.056764831,0,0,0.006257521,0,0,0.006901084,0.012559242,0
ASV170,0,0,0,0,0,0,0,0,0,0,0,0,0,0,0,0,0,0,0,0,0,0,0,0.117549118,0,0,0,0,0,0,0,0,0,0
ASV239,0,0,0,0,0,0,0,0,0,0,0,0,0.046816479,0,0.009797918,0,0,0,0.031586635,0,0,0,0,0,0,0,0,0,0.030565584,0,0,0,0,0
ASV151,0,0,0,0,0,0,0,0,0,0,0,0,0,0,0.04898959,0.007222222,0,0,0,0,0.062664908,0,0,0,0,0,0,0,0,0,0,0,0,0
ASV258,0,0,0,0,0,0,0,0,0,0,0,0,0,0,0.04654011,0,0,0,0,0,0,0,0.052386078,0,0.021861777,0,0,0,0,0,0,0,0,0
ASV94,0,0,0,0,0,0,0,0,0,0,0,0,0,0,0,0.046666667,0,0,0,0.055344547,0,0,0,0,0,0,0,0,0,0.018804974,0,0,0,0
ASV392,0,0,0,0,0,0,0,0,0,0,0,0,0.101872659,0,0,0,0,0,0,0,0,0,0,0,0,0,0,0,0,0.020018198,0,0,0,0
ASV292,0,0,0,0,0,0,0,0,0,0,0,0,0,0,0,0,0,0,0,0,0,0,0,0,0,0,0,0,0,0,0,0,0.123696682,0
ASV56,0,0.013637913,0.073905539,0.015611932,0,0,0,0,0,0,0,0,0,0,0,0,0,0,0,0,0,0,0,0,0.011283498,0.012377294,0,0,0,0,0,0,0.002369668,0
ASV204,0,0,0,0,0,0,0,0,0,0.088124213,0,0,0,0,0,0,0,0,0,0,0,0,0,0,0.04203103,0,0,0,0,0,0,0,0,0
ASV281,0,0,0.03499137,0,0,0,0,0,0,0,0,0,0,0,0,0,0,0,0,0,0,0,0,0,0,0,0,0,0,0,0,0.096286559,0,0
ASV652,0,0,0,0,0.077821012,0,0.025143678,0.008583691,0,0,0,0,0,0,0,0,0.023724792,0,0,0,0,0,0,0,0,0,0,0,0,0,0,0,0,0
ASV178,0,0,0,0,0,0,0,0,0,0,0,0,0,0.014073495,0,0,0,0,0,0,0,0,0.122353785,0,0,0,0,0,0,0,0,0,0,0
ASV136,0,0.009887487,0,0.003345414,0,0,0,0,0,0,0,0,0,0.00026062,0.003061849,0.008611111,0,0,0.025378857,0,0.036444591,0,0,0,0.006488011,0.008109262,0.004311894,0.018947368,0,0,0.011973576,0,0,0
ASV332,0,0,0,0,0,0,0,0,0,0,0,0,0,0,0,0,0,0,0,0,0,0,0,0.14019314,0,0,0,0,0,0,0,0,0,0
ASV182,0,0,0.046759768,0,0,0,0,0,0,0,0,0.09588015,0,0,0,0,0,0,0,0,0,0,0,0,0,0,0,0,0,0,0,0,0,0
ASV147,0,0,0,0,0,0,0,0,0,0,0,0.144756554,0,0,0,0,0,0,0,0,0,0,0,0,0,0,0,0,0,0,0,0,0,0
ASV275,0,0,0,0,0,0,0,0,0,0.036088963,0,0,0,0,0,0,0,0,0,0,0,0,0,0,0,0,0.090549766,0,0,0,0,0,0.019194313,0
ASV176,0,0,0,0.099247282,0,0,0,0,0,0,0,0,0,0,0,0,0,0,0,0,0.030343008,0,0,0,0.017771509,0,0,0,0,0,0,0,0,0
ASV139,0,0.001932038,0.001098384,0.001951491,0,0,0.014367816,0,0.005722461,0.011749895,0.017868539,0.0082397,0,0.007036747,0.00061237,0.006388889,0,0,0.002008399,0.00596853,0.001319261,0,0.003946896,0.000666001,0.001410437,0.001707213,0.004671218,0.009473684,0.012274368,0.004549591,0.010322048,0.005915215,0.006161137,0
ASV249,0,0,0.048485799,0,0,0,0,0,0,0,0,0,0,0,0,0,0,0,0,0,0,0,0,0,0,0,0,0,0,0,0,0.100230036,0,0
ASV810,0.01121705,0,0,0.001393922,0.13229572,0,0,0,0,0,0,0,0,0,0,0,0,0.00621118,0,0,0.003792876,0,0,0,0.000282087,0,0,0,0,0,0,0,0,0
ASV150,0,0,0,0,0,0,0,0,0,0,0,0,0,0.013031014,0,0,0,0,0,0,0,0,0.113742375,0,0,0.019206146,0,0,0,0,0,0,0.012796209,0
ASV168,0,0,0,0,0,0,0,0,0,0,0,0,0,0,0,0,0,0,0.159211247,0,0,0,0,0,0,0,0,0,0,0,0,0,0,0
ASV194,0,0,0,0,0,0,0,0,0,0,0,0,0,0,0,0,0,0,0,0,0,0,0,0,0,0,0.152353575,0,0.015162455,0,0,0,0,0
ASV63,0,0.159449937,0,0,0,0,0,0,0,0,0,0,0,0,0,0,0,0,0,0,0,0,0,0,0.009026798,0,0,0,0,0,0,0,0,0
ASV309,0,0,0,0,0,0,0,0,0,0,0,0,0,0,0.170238824,0,0,0,0,0,0,0,0,0,0,0,0,0,0,0,0,0,0,0
ASV1120,0,0,0,0,0,0,0,0,0,0,0,0,0,0,0,0,0,0,0,0,0,0,0,0,0,0,0,0,0,0,0,0,0,0.174107143
ASV104,0,0,0,0,0,0,0,0,0,0.047419219,0,0,0,0.016419077,0.052663809,0,0,0,0,0,0,0,0.030139935,0,0.029901269,0,0,0,0,0,0,0.004600723,0,0
ASV137,0,0,0,0.106495679,0,0,0,0,0.01788269,0,0,0,0,0.011988533,0,0,0,0,0,0,0.024901055,0,0,0,0.021015515,0,0,0,0,0,0,0,0,0
ASV236,0,0,0,0,0,0,0,0,0,0,0,0,0,0,0,0,0,0,0,0,0,0,0,0,0,0,0,0,0,0.200181984,0,0,0,0
ASV113,0,0.066825776,0.006590303,0,0,0,0,0,0,0,0,0,0,0,0,0,0,0,0,0,0,0,0,0,0,0.075544174,0,0,0,0,0.060693642,0,0,0
ASV92,0,0,0,0,0,0,0,0,0,0.081829627,0,0,0,0,0,0,0,0,0,0,0,0,0,0,0.097179126,0,0,0,0,0,0,0,0.031279621,0
ASV978,0,0,0,0,0,0,0,0,0,0,0,0,0,0,0,0,0,0,0,0,0,0,0,0,0,0,0,0,0,0,0,0,0,0.212053571
ASV76,0,0,0.003608975,0,0,0,0.099137931,0,0,0,0,0,0,0,0.067360686,0,0,0,0,0,0.012203166,0,0,0,0,0,0,0,0.007220217,0,0,0,0.027962085,0
ASV954,0,0,0,0,0,0,0,0,0,0,0,0,0,0,0,0,0,0,0,0,0,0,0,0,0,0,0,0,0,0,0,0,0,0.220982143
ASV58,0,0,0,0,0,0,0,0,0.011087268,0.011330256,0,0,0,0,0,0,0,0,0,0.020075963,0,0,0,0.071262071,0,0,0,0,0.058724428,0.059447983,0,0,0,0
ASV240,0,0,0,0,0,0,0,0.234263233,0,0,0,0,0,0,0,0,0,0,0,0,0,0,0,0,0,0,0,0,0,0,0,0,0,0
ASV62,0,0,0,0,0,0,0,0,0,0,0,0,0,0.021370863,0.053888549,0,0,0,0,0,0,0,0.105130965,0,0.054583921,0,0,0,0,0,0,0,0,0
ASV41,0,0,0,0,0,0,0,0,0,0,0.083599234,0,0,0.006515507,0,0.009722222,0,0,0,0.014107434,0.016325858,0,0,0,0,0,0.010779734,0,0.055595668,0.010312405,0.02807597,0,0.004265403,0
ASV40,0,0,0,0,0,0,0,0,0.009298999,0,0.017230377,0,0,0,0,0.0975,0,0,0,0,0,0,0,0,0,0.015364917,0,0,0.034897714,0,0,0.0213605,0.0492891,0
ASV884,0,0,0,0,0,0,0,0,0,0,0,0,0,0,0,0,0,0,0,0,0,0,0,0,0,0,0,0,0,0,0,0,0,0.247767857
ASV186,0,0,0,0,0,0,0,0,0,0,0,0,0,0,0,0,0,0,0,0,0,0,0,0,0,0,0,0,0,0.248407643,0,0,0,0
ASV115,0,0,0,0,0,0,0,0,0,0,0,0,0,0,0,0.174444444,0,0,0.041446047,0.01356484,0,0,0,0,0.002820874,0,0,0,0.015884477,0.003639672,0,0,0.003554502,0
ASV71,0,0,0,0,0,0,0,0,0,0,0,0,0,0,0,0.108055556,0,0,0,0.022246337,0,0,0,0,0,0.005975245,0,0,0.016365824,0,0,0.030561945,0.075118483,0
ASV100,0,0,0,0,0,0,0,0,0,0,0,0,0,0.011988533,0.108389467,0,0,0,0,0,0,0,0.059921062,0,0.022849083,0,0,0,0,0,0,0.055208676,0,0
ASV48,0,0,0.003922799,0,0,0,0,0,0.059370529,0,0,0,0,0.088871514,0,0.065277778,0,0,0,0,0,0,0,0,0.012834979,0,0.039525692,0,0,0,0,0,0,0
ASV197,0,0,0,0,0,0,0,0,0,0,0,0,0,0.027625749,0,0,0,0,0,0,0,0,0.212773592,0.02997003,0,0,0,0,0,0,0,0,0,0
ASV116,0,0,0,0,0,0,0,0,0,0,0,0,0,0,0,0,0,0,0,0,0,0,0,0,0,0,0,0,0,0,0,0,0.278199052,0
ASV72,0,0,0,0,0,0,0,0,0,0.050776332,0.017868539,0,0,0.007818608,0.019595836,0,0,0,0,0,0.043865435,0,0.075349839,0,0.040761636,0,0,0,0.045968712,0,0,0,0,0
ASV110,0,0,0.120979131,0,0,0,0,0,0,0,0,0,0,0,0,0,0,0,0,0,0,0,0,0,0,0,0,0,0,0,0,0.185672034,0,0
ASV43,0,0.040686442,0.006747215,0,0,0,0.022988506,0,0.035407725,0,0.019783025,0.007490637,0,0.022413344,0,0,0,0,0,0.006511123,0,0,0,0,0,0.011096884,0.02012217,0,0.017809868,0.098271156,0,0,0,0
ASV390,0,0,0,0,0.315175097,0,0,0,0,0,0,0,0,0,0,0,0,0,0,0,0,0,0,0,0,0,0,0,0,0,0,0,0,0
ASV80,0,0,0,0,0,0,0,0,0,0,0.022335673,0,0,0.032316914,0,0,0,0,0,0,0.186840369,0,0,0,0,0.006828852,0,0,0,0.058538065,0.023121387,0,0,0
ASV156,0,0,0,0,0,0,0,0,0,0,0,0,0.144569288,0,0,0,0,0,0,0.186652198,0,0,0,0,0,0,0,0,0,0,0,0,0,0
ASV217,0,0,0,0.100083635,0,0,0,0,0,0,0.019144863,0,0,0,0,0,0,0,0,0,0,0,0,0,0,0,0,0.225263158,0,0,0,0,0,0
ASV148,0,0,0,0,0,0,0,0.366595136,0,0,0,0,0,0,0,0,0,0,0,0,0,0,0,0,0,0,0,0,0,0,0,0,0,0
ASV117,0,0,0,0,0,0,0,0,0,0,0,0,0,0,0,0,0,0,0,0,0,0,0,0.410589411,0,0,0,0,0,0,0,0,0,0
ASV193,0,0,0,0,0.373540856,0,0,0,0,0,0,0,0,0,0,0,0,0,0,0,0.029188654,0,0,0,0.013540197,0,0,0,0.003369434,0,0,0,0,0
ASV50,0,0,0,0,0,0,0,0,0,0,0,0,0,0,0.026331904,0,0,0,0.444221289,0,0,0,0,0,0,0,0,0,0,0,0,0,0,0
ASV55,0,0,0,0,0,0,0,0,0,0,0,0,0.306741573,0,0.09614207,0,0,0,0.065364251,0,0,0,0,0,0,0,0,0,0.126113117,0,0,0,0,0
ASV28,0,0.035231276,0.014906637,0,0,0,0.361350575,0,0,0,0,0,0,0,0,0,0,0,0,0,0,0,0,0,0,0.184379001,0,0,0,0,0,0,0,0
ASV31,0,0,0,0.226930583,0,0,0,0,0.04434907,0,0,0,0,0.005733646,0,0,0,0.105590062,0,0,0.161609499,0,0,0,0.058110014,0,0,0,0,0,0,0,0,0
ASV23,0,0.109216956,0,0,0,0,0,0,0.443133047,0,0,0.147378277,0,0,0,0,0,0,0,0,0,0,0,0,0,0,0,0,0,0,0,0,0,0
ASV18,0,0,0.035305194,0,0,0,0,0,0,0.361309274,0,0,0,0,0,0,0,0,0,0,0,0,0,0,0.196332863,0,0,0,0,0,0,0.067696352,0.043127962,0
ASV13,0,0.183884532,0.088969088,0,0,0,0,0,0,0,0,0,0,0,0,0,0,0,0,0,0,0,0,0,0,0.247119078,0.026230686,0,0,0.007279345,0.107349298,0.011501807,0.045971564,0
ASV797,0,0,0,0,0,0,0,0,0,0,0,0,0,0,0,0,0,0.726708075,0,0,0,0,0,0,0,0,0,0,0,0,0,0.003614854,0,0
ASV35,0,0,0,0,0,0,0,0,0,0.011749895,0.202297384,0,0,0.203023195,0,0,0,0,0,0,0,0,0,0,0,0,0,0,0,0,0.404211396,0,0.002606635,0
ASV103,0,0,0,0,0,0,0,0,0,0,0,0,0.17340824,0,0,0,0.586002372,0,0,0.115572436,0,0,0,0,0,0,0,0,0,0,0,0,0,0
ASV82,0.946719013,0,0,0,0.06614786,0,0,0,0,0,0,0,0,0,0,0,0,0,0,0,0.014182058,0,0,0,0,0,0,0,0,0,0,0,0,0
ASV130,0,0,0,0,0,0.953038674,0,0,0,0,0,0,0,0,0,0,0,0,0,0.143787303,0,0,0,0,0,0,0,0,0,0,0,0,0,0
ASV171,0,0,0,0,0,0,0,0,0,0,0,0,0,0,0,0,0.256227758,0,0,0,0,0.930555556,0,0,0,0,0,0,0,0,0,0,0,0
ASV4,0,0,0,0.284917759,0,0,0,0,0.031473534,0.051615611,0.083599234,0,0.064419476,0.059682043,0.015921617,0.026111111,0,0,0,0.022788931,0.063654354,0,0,0.058608059,0,0.008109262,0.043478261,0.72,0.121299639,0.031240522,0,0,0.009478673,0